{
    "id": "area_of_a_rectangle",
    "title": "Area of a Rectangle",
    "description": "A rectangle is a quadrilateral with four right angles. The area of a rectangle is the product of its length and width. In this problem, you are provided with two integers representing the length and width of a rectangle. Your task is to calculate the total area covered by this rectangle using the formula: Area = length * width.",
    "input_format": "Two space-separated integers, length and width.",
    "output_format": "Output a single integer representing the calculated area of the rectangle.",
    "constraints": {
        "length": "1 <= length <= 1000",
        "width": "1 <= width <= 1000"
    },
    "judge_mode": "FIRST_FAIL",
    "time_limit": 1,
    "sample_test_cases": [
        {
            "input": "5 10",
            "output": "50"
        },
        {
            "input": "3 7",
            "output": "21"
        }
    ],
    "hidden_test_cases": [
        {
            "input": "195 249",
            "output": "48555"
        },
        {
            "input": "82 959",
            "output": "78638"
        },
        {
            "input": "679 263",
            "output": "178577"
        },
        {
            "input": "488 840",
            "output": "409920"
        },
        {
            "input": "151 386",
            "output": "58286"
        },
        {
            "input": "816 183",
            "output": "149328"
        },
        {
            "input": "596 615",
            "output": "366540"
        },
        {
            "input": "310 55",
            "output": "17050"
        },
        {
            "input": "842 597",
            "output": "502674"
        },
        {
            "input": "668 291",
            "output": "194388"
        },
        {
            "input": "851 734",
            "output": "624634"
        },
        {
            "input": "234 67",
            "output": "15678"
        },
        {
            "input": "285 176",
            "output": "50160"
        },
        {
            "input": "151 818",
            "output": "123518"
        },
        {
            "input": "457 362",
            "output": "165434"
        },
        {
            "input": "413 575",
            "output": "237475"
        },
        {
            "input": "699 863",
            "output": "603237"
        },
        {
            "input": "549 7",
            "output": "3843"
        },
        {
            "input": "561 928",
            "output": "520608"
        },
        {
            "input": "583 471",
            "output": "274593"
        },
        {
            "input": "306 62",
            "output": "18972"
        },
        {
            "input": "678 655",
            "output": "444090"
        },
        {
            "input": "378 459",
            "output": "173502"
        },
        {
            "input": "140 536",
            "output": "75040"
        },
        {
            "input": "102 535",
            "output": "54570"
        },
        {
            "input": "49 439",
            "output": "21511"
        },
        {
            "input": "713 572",
            "output": "407836"
        },
        {
            "input": "46 10",
            "output": "460"
        },
        {
            "input": "468 92",
            "output": "43056"
        },
        {
            "input": "139 609",
            "output": "84651"
        },
        {
            "input": "61 168",
            "output": "10248"
        },
        {
            "input": "272 466",
            "output": "126752"
        },
        {
            "input": "888 759",
            "output": "673992"
        },
        {
            "input": "404 569",
            "output": "229876"
        },
        {
            "input": "676 494",
            "output": "333944"
        },
        {
            "input": "335 436",
            "output": "146060"
        },
        {
            "input": "686 682",
            "output": "467852"
        },
        {
            "input": "316 747",
            "output": "236052"
        },
        {
            "input": "444 157",
            "output": "69708"
        },
        {
            "input": "36 862",
            "output": "31032"
        },
        {
            "input": "483 349",
            "output": "168567"
        },
        {
            "input": "364 932",
            "output": "339248"
        },
        {
            "input": "325 10",
            "output": "3250"
        },
        {
            "input": "85 292",
            "output": "24820"
        },
        {
            "input": "289 259",
            "output": "74851"
        },
        {
            "input": "72 524",
            "output": "37728"
        },
        {
            "input": "30 893",
            "output": "26790"
        },
        {
            "input": "470 903",
            "output": "424410"
        },
        {
            "input": "253 715",
            "output": "180895"
        },
        {
            "input": "805 564",
            "output": "454020"
        },
        {
            "input": "322 654",
            "output": "210588"
        },
        {
            "input": "165 266",
            "output": "43890"
        },
        {
            "input": "149 949",
            "output": "141401"
        },
        {
            "input": "300 734",
            "output": "220200"
        },
        {
            "input": "696 863",
            "output": "600648"
        },
        {
            "input": "627 904",
            "output": "566808"
        },
        {
            "input": "606 813",
            "output": "492678"
        },
        {
            "input": "448 310",
            "output": "138880"
        },
        {
            "input": "245 428",
            "output": "104860"
        },
        {
            "input": "634 780",
            "output": "494520"
        },
        {
            "input": "417 969",
            "output": "404073"
        },
        {
            "input": "158 462",
            "output": "72996"
        },
        {
            "input": "207 299",
            "output": "61893"
        },
        {
            "input": "286 98",
            "output": "28028"
        },
        {
            "input": "223 170",
            "output": "37910"
        },
        {
            "input": "530 146",
            "output": "77380"
        },
        {
            "input": "55 504",
            "output": "27720"
        },
        {
            "input": "89 931",
            "output": "82859"
        },
        {
            "input": "711 17",
            "output": "12087"
        },
        {
            "input": "468 447",
            "output": "209196"
        },
        {
            "input": "344 235",
            "output": "80840"
        },
        {
            "input": "542 57",
            "output": "30894"
        },
        {
            "input": "477 42",
            "output": "20034"
        },
        {
            "input": "270 306",
            "output": "82620"
        },
        {
            "input": "724 48",
            "output": "34752"
        },
        {
            "input": "16 768",
            "output": "12288"
        },
        {
            "input": "179 466",
            "output": "83414"
        },
        {
            "input": "290 91",
            "output": "26390"
        },
        {
            "input": "839 905",
            "output": "759295"
        },
        {
            "input": "981 431",
            "output": "422811"
        },
        {
            "input": "73 451",
            "output": "32923"
        },
        {
            "input": "777 648",
            "output": "503496"
        },
        {
            "input": "261 535",
            "output": "139635"
        },
        {
            "input": "297 32",
            "output": "9504"
        },
        {
            "input": "242 718",
            "output": "173756"
        },
        {
            "input": "72 698",
            "output": "50256"
        },
        {
            "input": "444 675",
            "output": "299700"
        },
        {
            "input": "54 219",
            "output": "11826"
        },
        {
            "input": "736 151",
            "output": "111136"
        },
        {
            "input": "501 353",
            "output": "176853"
        },
        {
            "input": "586 262",
            "output": "153532"
        },
        {
            "input": "914 81",
            "output": "74034"
        },
        {
            "input": "679 157",
            "output": "106603"
        },
        {
            "input": "118 910",
            "output": "107380"
        },
        {
            "input": "725 338",
            "output": "245050"
        },
        {
            "input": "323 958",
            "output": "309434"
        },
        {
            "input": "214 242",
            "output": "51788"
        },
        {
            "input": "127 699",
            "output": "88773"
        },
        {
            "input": "366 742",
            "output": "271572"
        },
        {
            "input": "584 516",
            "output": "301344"
        },
        {
            "input": "737 63",
            "output": "46431"
        },
        {
            "input": "93 746",
            "output": "69378"
        },
        {
            "input": "816 122",
            "output": "99552"
        },
        {
            "input": "558 944",
            "output": "526752"
        },
        {
            "input": "986 403",
            "output": "397358"
        },
        {
            "input": "962 526",
            "output": "506012"
        },
        {
            "input": "659 775",
            "output": "510725"
        },
        {
            "input": "67 605",
            "output": "40535"
        },
        {
            "input": "163 379",
            "output": "61777"
        },
        {
            "input": "304 327",
            "output": "99408"
        },
        {
            "input": "703 761",
            "output": "534983"
        },
        {
            "input": "282 182",
            "output": "51324"
        },
        {
            "input": "258 501",
            "output": "129258"
        },
        {
            "input": "36 279",
            "output": "10044"
        },
        {
            "input": "425 15",
            "output": "6375"
        },
        {
            "input": "169 682",
            "output": "115258"
        },
        {
            "input": "421 792",
            "output": "333432"
        },
        {
            "input": "188 322",
            "output": "60536"
        },
        {
            "input": "932 590",
            "output": "549880"
        },
        {
            "input": "170 219",
            "output": "37230"
        },
        {
            "input": "957 633",
            "output": "605781"
        },
        {
            "input": "966 961",
            "output": "928326"
        },
        {
            "input": "105 304",
            "output": "31920"
        },
        {
            "input": "75 968",
            "output": "72600"
        },
        {
            "input": "877 870",
            "output": "762990"
        },
        {
            "input": "14 771",
            "output": "10794"
        },
        {
            "input": "380 767",
            "output": "291460"
        },
        {
            "input": "399 342",
            "output": "136458"
        },
        {
            "input": "49 612",
            "output": "29988"
        },
        {
            "input": "875 55",
            "output": "48125"
        },
        {
            "input": "232 706",
            "output": "163792"
        },
        {
            "input": "497 395",
            "output": "196315"
        },
        {
            "input": "848 534",
            "output": "452832"
        },
        {
            "input": "758 441",
            "output": "334278"
        },
        {
            "input": "204 731",
            "output": "149124"
        },
        {
            "input": "105 479",
            "output": "50295"
        },
        {
            "input": "200 3",
            "output": "600"
        },
        {
            "input": "659 244",
            "output": "160796"
        },
        {
            "input": "358 790",
            "output": "282820"
        },
        {
            "input": "764 729",
            "output": "556956"
        },
        {
            "input": "89 566",
            "output": "50374"
        },
        {
            "input": "881 893",
            "output": "786733"
        },
        {
            "input": "499 8",
            "output": "3992"
        },
        {
            "input": "761 149",
            "output": "113389"
        },
        {
            "input": "60 761",
            "output": "45660"
        },
        {
            "input": "137 108",
            "output": "14796"
        },
        {
            "input": "687 743",
            "output": "510441"
        },
        {
            "input": "944 98",
            "output": "92512"
        },
        {
            "input": "417 490",
            "output": "204330"
        },
        {
            "input": "103 811",
            "output": "83533"
        },
        {
            "input": "643 619",
            "output": "398017"
        },
        {
            "input": "684 412",
            "output": "281808"
        },
        {
            "input": "834 441",
            "output": "367794"
        },
        {
            "input": "85 756",
            "output": "64260"
        },
        {
            "input": "286 647",
            "output": "185042"
        },
        {
            "input": "949 733",
            "output": "695617"
        },
        {
            "input": "537 804",
            "output": "431748"
        },
        {
            "input": "187 224",
            "output": "41888"
        },
        {
            "input": "932 737",
            "output": "686884"
        },
        {
            "input": "785 561",
            "output": "440385"
        },
        {
            "input": "361 668",
            "output": "241148"
        },
        {
            "input": "921 500",
            "output": "460500"
        },
        {
            "input": "585 329",
            "output": "192465"
        },
        {
            "input": "695 742",
            "output": "515690"
        },
        {
            "input": "185 981",
            "output": "181485"
        },
        {
            "input": "325 439",
            "output": "142675"
        },
        {
            "input": "903 975",
            "output": "880425"
        },
        {
            "input": "807 676",
            "output": "545532"
        },
        {
            "input": "313 392",
            "output": "122696"
        },
        {
            "input": "61 826",
            "output": "50386"
        },
        {
            "input": "563 532",
            "output": "299516"
        },
        {
            "input": "917 932",
            "output": "854644"
        },
        {
            "input": "775 195",
            "output": "151125"
        },
        {
            "input": "605 922",
            "output": "557810"
        },
        {
            "input": "427 466",
            "output": "198982"
        },
        {
            "input": "552 764",
            "output": "421728"
        },
        {
            "input": "671 964",
            "output": "646844"
        },
        {
            "input": "626 837",
            "output": "523962"
        },
        {
            "input": "252 136",
            "output": "34272"
        },
        {
            "input": "639 862",
            "output": "550818"
        },
        {
            "input": "690 529",
            "output": "365010"
        },
        {
            "input": "64 55",
            "output": "3520"
        },
        {
            "input": "593 205",
            "output": "121565"
        },
        {
            "input": "351 122",
            "output": "42822"
        },
        {
            "input": "35 847",
            "output": "29645"
        },
        {
            "input": "454 244",
            "output": "110776"
        },
        {
            "input": "216 377",
            "output": "81432"
        },
        {
            "input": "324 741",
            "output": "240084"
        },
        {
            "input": "156 23",
            "output": "3588"
        },
        {
            "input": "606 974",
            "output": "590244"
        },
        {
            "input": "450 559",
            "output": "251550"
        },
        {
            "input": "322 615",
            "output": "198030"
        },
        {
            "input": "150 347",
            "output": "52050"
        },
        {
            "input": "16 323",
            "output": "5168"
        },
        {
            "input": "140 672",
            "output": "94080"
        },
        {
            "input": "714 838",
            "output": "598332"
        },
        {
            "input": "271 341",
            "output": "92411"
        },
        {
            "input": "91 365",
            "output": "33215"
        },
        {
            "input": "989 588",
            "output": "581532"
        },
        {
            "input": "66 38",
            "output": "2508"
        },
        {
            "input": "731 305",
            "output": "222955"
        },
        {
            "input": "261 390",
            "output": "101790"
        },
        {
            "input": "50 200",
            "output": "10000"
        },
        {
            "input": "921 727",
            "output": "669567"
        },
        {
            "input": "23 938",
            "output": "21574"
        },
        {
            "input": "567 307",
            "output": "174069"
        },
        {
            "input": "448 74",
            "output": "33152"
        },
        {
            "input": "530 17",
            "output": "9010"
        },
        {
            "input": "462 114",
            "output": "52668"
        },
        {
            "input": "68 548",
            "output": "37264"
        },
        {
            "input": "935 718",
            "output": "671330"
        },
        {
            "input": "797 225",
            "output": "179325"
        },
        {
            "input": "506 880",
            "output": "445280"
        },
        {
            "input": "63 845",
            "output": "53235"
        },
        {
            "input": "856 886",
            "output": "758416"
        },
        {
            "input": "596 986",
            "output": "587656"
        },
        {
            "input": "12 100",
            "output": "1200"
        },
        {
            "input": "901 785",
            "output": "707285"
        },
        {
            "input": "974 251",
            "output": "244474"
        },
        {
            "input": "303 482",
            "output": "146046"
        },
        {
            "input": "431 231",
            "output": "99561"
        },
        {
            "input": "881 11",
            "output": "9691"
        },
        {
            "input": "660 590",
            "output": "389400"
        },
        {
            "input": "110 971",
            "output": "106810"
        },
        {
            "input": "544 444",
            "output": "241536"
        },
        {
            "input": "636 789",
            "output": "501804"
        },
        {
            "input": "58 785",
            "output": "45530"
        },
        {
            "input": "682 106",
            "output": "72292"
        },
        {
            "input": "21 169",
            "output": "3549"
        },
        {
            "input": "468 191",
            "output": "89388"
        },
        {
            "input": "80 528",
            "output": "42240"
        },
        {
            "input": "834 205",
            "output": "170970"
        },
        {
            "input": "16 749",
            "output": "11984"
        },
        {
            "input": "683 774",
            "output": "528642"
        },
        {
            "input": "43 46",
            "output": "1978"
        },
        {
            "input": "972 494",
            "output": "480168"
        },
        {
            "input": "740 91",
            "output": "67340"
        },
        {
            "input": "787 823",
            "output": "647701"
        },
        {
            "input": "146 314",
            "output": "45844"
        },
        {
            "input": "340 756",
            "output": "257040"
        },
        {
            "input": "682 496",
            "output": "338272"
        },
        {
            "input": "986 27",
            "output": "26622"
        },
        {
            "input": "910 491",
            "output": "446810"
        },
        {
            "input": "801 300",
            "output": "240300"
        },
        {
            "input": "479 912",
            "output": "436848"
        },
        {
            "input": "615 36",
            "output": "22140"
        },
        {
            "input": "305 963",
            "output": "293715"
        },
        {
            "input": "488 95",
            "output": "46360"
        },
        {
            "input": "852 914",
            "output": "778728"
        },
        {
            "input": "136 304",
            "output": "41344"
        },
        {
            "input": "816 813",
            "output": "663408"
        },
        {
            "input": "576 223",
            "output": "128448"
        },
        {
            "input": "346 530",
            "output": "183380"
        },
        {
            "input": "715 742",
            "output": "530530"
        },
        {
            "input": "823 823",
            "output": "677329"
        },
        {
            "input": "491 882",
            "output": "433062"
        },
        {
            "input": "663 549",
            "output": "363987"
        },
        {
            "input": "799 981",
            "output": "783819"
        },
        {
            "input": "888 327",
            "output": "290376"
        },
        {
            "input": "971 43",
            "output": "41753"
        },
        {
            "input": "61 880",
            "output": "53680"
        },
        {
            "input": "865 657",
            "output": "568305"
        },
        {
            "input": "527 447",
            "output": "235569"
        },
        {
            "input": "944 286",
            "output": "269984"
        },
        {
            "input": "405 922",
            "output": "373410"
        },
        {
            "input": "829 796",
            "output": "659884"
        },
        {
            "input": "81 394",
            "output": "31914"
        },
        {
            "input": "333 609",
            "output": "202797"
        },
        {
            "input": "3 696",
            "output": "2088"
        },
        {
            "input": "768 14",
            "output": "10752"
        },
        {
            "input": "749 832",
            "output": "623168"
        },
        {
            "input": "183 951",
            "output": "174033"
        },
        {
            "input": "584 569",
            "output": "332296"
        },
        {
            "input": "714 818",
            "output": "584052"
        },
        {
            "input": "951 112",
            "output": "106512"
        },
        {
            "input": "716 107",
            "output": "76612"
        },
        {
            "input": "730 483",
            "output": "352590"
        },
        {
            "input": "551 685",
            "output": "377435"
        },
        {
            "input": "316 273",
            "output": "86268"
        },
        {
            "input": "326 516",
            "output": "168216"
        },
        {
            "input": "483 777",
            "output": "375291"
        },
        {
            "input": "392 95",
            "output": "37240"
        },
        {
            "input": "991 967",
            "output": "958297"
        },
        {
            "input": "999 911",
            "output": "910089"
        },
        {
            "input": "864 743",
            "output": "641952"
        },
        {
            "input": "214 284",
            "output": "60776"
        },
        {
            "input": "185 698",
            "output": "129130"
        },
        {
            "input": "436 720",
            "output": "313920"
        },
        {
            "input": "268 798",
            "output": "213864"
        },
        {
            "input": "62 91",
            "output": "5642"
        },
        {
            "input": "879 825",
            "output": "725175"
        },
        {
            "input": "488 623",
            "output": "304024"
        },
        {
            "input": "690 919",
            "output": "634110"
        },
        {
            "input": "356 351",
            "output": "124956"
        },
        {
            "input": "459 424",
            "output": "194616"
        },
        {
            "input": "877 459",
            "output": "402543"
        },
        {
            "input": "520 28",
            "output": "14560"
        },
        {
            "input": "785 345",
            "output": "270825"
        },
        {
            "input": "853 722",
            "output": "615866"
        },
        {
            "input": "103 89",
            "output": "9167"
        },
        {
            "input": "511 471",
            "output": "240681"
        },
        {
            "input": "670 364",
            "output": "243880"
        },
        {
            "input": "34 464",
            "output": "15776"
        },
        {
            "input": "145 813",
            "output": "117885"
        },
        {
            "input": "128 612",
            "output": "78336"
        },
        {
            "input": "662 882",
            "output": "583884"
        },
        {
            "input": "228 838",
            "output": "191064"
        },
        {
            "input": "408 770",
            "output": "314160"
        },
        {
            "input": "741 766",
            "output": "567606"
        },
        {
            "input": "768 730",
            "output": "560640"
        },
        {
            "input": "474 661",
            "output": "313314"
        },
        {
            "input": "515 476",
            "output": "245140"
        },
        {
            "input": "390 590",
            "output": "230100"
        },
        {
            "input": "895 172",
            "output": "153940"
        },
        {
            "input": "685 4",
            "output": "2740"
        },
        {
            "input": "676 445",
            "output": "300820"
        },
        {
            "input": "892 969",
            "output": "864348"
        },
        {
            "input": "982 61",
            "output": "59902"
        },
        {
            "input": "403 116",
            "output": "46748"
        },
        {
            "input": "283 271",
            "output": "76693"
        },
        {
            "input": "92 428",
            "output": "39376"
        },
        {
            "input": "769 431",
            "output": "331439"
        },
        {
            "input": "981 203",
            "output": "199143"
        },
        {
            "input": "204 116",
            "output": "23664"
        },
        {
            "input": "106 923",
            "output": "97838"
        },
        {
            "input": "659 197",
            "output": "129823"
        },
        {
            "input": "236 966",
            "output": "227976"
        },
        {
            "input": "376 163",
            "output": "61288"
        },
        {
            "input": "529 935",
            "output": "494615"
        },
        {
            "input": "432 121",
            "output": "52272"
        },
        {
            "input": "451 845",
            "output": "381095"
        },
        {
            "input": "879 648",
            "output": "569592"
        },
        {
            "input": "34 369",
            "output": "12546"
        },
        {
            "input": "818 947",
            "output": "774646"
        },
        {
            "input": "237 456",
            "output": "108072"
        },
        {
            "input": "97 890",
            "output": "86330"
        },
        {
            "input": "940 169",
            "output": "158860"
        },
        {
            "input": "854 556",
            "output": "474824"
        },
        {
            "input": "189 133",
            "output": "25137"
        },
        {
            "input": "407 841",
            "output": "342287"
        },
        {
            "input": "879 94",
            "output": "82626"
        },
        {
            "input": "51 237",
            "output": "12087"
        },
        {
            "input": "827 579",
            "output": "478833"
        },
        {
            "input": "911 341",
            "output": "310651"
        },
        {
            "input": "262 644",
            "output": "168728"
        },
        {
            "input": "498 713",
            "output": "355074"
        },
        {
            "input": "237 566",
            "output": "134142"
        },
        {
            "input": "951 693",
            "output": "659043"
        },
        {
            "input": "415 608",
            "output": "252320"
        },
        {
            "input": "921 181",
            "output": "166701"
        },
        {
            "input": "822 454",
            "output": "373188"
        },
        {
            "input": "692 762",
            "output": "527304"
        },
        {
            "input": "398 248",
            "output": "98704"
        },
        {
            "input": "398 965",
            "output": "384070"
        },
        {
            "input": "704 476",
            "output": "335104"
        },
        {
            "input": "522 596",
            "output": "311112"
        },
        {
            "input": "872 313",
            "output": "272936"
        },
        {
            "input": "434 468",
            "output": "203112"
        },
        {
            "input": "463 748",
            "output": "346324"
        },
        {
            "input": "50 33",
            "output": "1650"
        },
        {
            "input": "494 120",
            "output": "59280"
        },
        {
            "input": "558 457",
            "output": "255006"
        },
        {
            "input": "639 586",
            "output": "374454"
        },
        {
            "input": "159 48",
            "output": "7632"
        },
        {
            "input": "382 166",
            "output": "63412"
        },
        {
            "input": "93 693",
            "output": "64449"
        },
        {
            "input": "13 865",
            "output": "11245"
        },
        {
            "input": "864 277",
            "output": "239328"
        },
        {
            "input": "753 749",
            "output": "563997"
        },
        {
            "input": "325 703",
            "output": "228475"
        },
        {
            "input": "224 185",
            "output": "41440"
        },
        {
            "input": "149 150",
            "output": "22350"
        },
        {
            "input": "971 720",
            "output": "699120"
        },
        {
            "input": "634 697",
            "output": "441898"
        },
        {
            "input": "513 860",
            "output": "441180"
        },
        {
            "input": "260 282",
            "output": "73320"
        },
        {
            "input": "826 483",
            "output": "398958"
        },
        {
            "input": "633 247",
            "output": "156351"
        },
        {
            "input": "806 795",
            "output": "640770"
        },
        {
            "input": "232 487",
            "output": "112984"
        },
        {
            "input": "589 191",
            "output": "112499"
        },
        {
            "input": "691 648",
            "output": "447768"
        },
        {
            "input": "413 297",
            "output": "122661"
        },
        {
            "input": "769 75",
            "output": "57675"
        },
        {
            "input": "128 436",
            "output": "55808"
        },
        {
            "input": "162 115",
            "output": "18630"
        },
        {
            "input": "265 28",
            "output": "7420"
        },
        {
            "input": "955 796",
            "output": "760180"
        },
        {
            "input": "957 125",
            "output": "119625"
        },
        {
            "input": "345 622",
            "output": "214590"
        },
        {
            "input": "455 264",
            "output": "120120"
        },
        {
            "input": "208 626",
            "output": "130208"
        },
        {
            "input": "823 329",
            "output": "270767"
        },
        {
            "input": "175 845",
            "output": "147875"
        },
        {
            "input": "872 751",
            "output": "654872"
        },
        {
            "input": "340 673",
            "output": "228820"
        },
        {
            "input": "995 741",
            "output": "737295"
        },
        {
            "input": "629 198",
            "output": "124542"
        },
        {
            "input": "540 441",
            "output": "238140"
        },
        {
            "input": "370 650",
            "output": "240500"
        },
        {
            "input": "223 800",
            "output": "178400"
        },
        {
            "input": "989 199",
            "output": "196811"
        },
        {
            "input": "113 493",
            "output": "55709"
        },
        {
            "input": "915 548",
            "output": "501420"
        },
        {
            "input": "405 762",
            "output": "308610"
        },
        {
            "input": "968 590",
            "output": "571120"
        },
        {
            "input": "120 536",
            "output": "64320"
        },
        {
            "input": "791 955",
            "output": "755405"
        },
        {
            "input": "546 346",
            "output": "188916"
        },
        {
            "input": "641 623",
            "output": "399343"
        },
        {
            "input": "537 699",
            "output": "375363"
        },
        {
            "input": "239 676",
            "output": "161564"
        },
        {
            "input": "463 259",
            "output": "119917"
        },
        {
            "input": "205 290",
            "output": "59450"
        },
        {
            "input": "721 401",
            "output": "289121"
        },
        {
            "input": "440 64",
            "output": "28160"
        },
        {
            "input": "979 223",
            "output": "218317"
        },
        {
            "input": "966 780",
            "output": "753480"
        },
        {
            "input": "92 646",
            "output": "59432"
        },
        {
            "input": "992 861",
            "output": "854112"
        },
        {
            "input": "582 942",
            "output": "548244"
        },
        {
            "input": "568 529",
            "output": "300472"
        },
        {
            "input": "176 989",
            "output": "174064"
        },
        {
            "input": "384 242",
            "output": "92928"
        },
        {
            "input": "653 928",
            "output": "605984"
        },
        {
            "input": "45 663",
            "output": "29835"
        },
        {
            "input": "632 797",
            "output": "503704"
        },
        {
            "input": "264 972",
            "output": "256608"
        },
        {
            "input": "60 200",
            "output": "12000"
        },
        {
            "input": "805 658",
            "output": "529690"
        },
        {
            "input": "33 756",
            "output": "24948"
        },
        {
            "input": "356 501",
            "output": "178356"
        },
        {
            "input": "860 125",
            "output": "107500"
        },
        {
            "input": "511 988",
            "output": "504868"
        },
        {
            "input": "826 433",
            "output": "357658"
        },
        {
            "input": "381 840",
            "output": "320040"
        },
        {
            "input": "166 169",
            "output": "28054"
        },
        {
            "input": "629 49",
            "output": "30821"
        },
        {
            "input": "924 67",
            "output": "61908"
        },
        {
            "input": "223 938",
            "output": "209174"
        },
        {
            "input": "819 122",
            "output": "99918"
        },
        {
            "input": "325 304",
            "output": "98800"
        },
        {
            "input": "962 97",
            "output": "93314"
        },
        {
            "input": "185 530",
            "output": "98050"
        },
        {
            "input": "43 543",
            "output": "23349"
        },
        {
            "input": "99 27",
            "output": "2673"
        },
        {
            "input": "858 390",
            "output": "334620"
        },
        {
            "input": "240 128",
            "output": "30720"
        },
        {
            "input": "735 560",
            "output": "411600"
        },
        {
            "input": "89 1",
            "output": "89"
        },
        {
            "input": "879 976",
            "output": "857904"
        },
        {
            "input": "521 475",
            "output": "247475"
        },
        {
            "input": "972 10",
            "output": "9720"
        },
        {
            "input": "750 217",
            "output": "162750"
        },
        {
            "input": "757 634",
            "output": "479938"
        },
        {
            "input": "964 878",
            "output": "846392"
        },
        {
            "input": "864 514",
            "output": "444096"
        },
        {
            "input": "782 454",
            "output": "355028"
        },
        {
            "input": "176 446",
            "output": "78496"
        },
        {
            "input": "284 466",
            "output": "132344"
        },
        {
            "input": "753 477",
            "output": "359181"
        },
        {
            "input": "804 999",
            "output": "803196"
        },
        {
            "input": "950 734",
            "output": "697300"
        },
        {
            "input": "951 326",
            "output": "310026"
        },
        {
            "input": "974 200",
            "output": "194800"
        },
        {
            "input": "119 131",
            "output": "15589"
        },
        {
            "input": "198 272",
            "output": "53856"
        },
        {
            "input": "521 703",
            "output": "366263"
        },
        {
            "input": "455 597",
            "output": "271635"
        },
        {
            "input": "291 847",
            "output": "246477"
        },
        {
            "input": "362 120",
            "output": "43440"
        },
        {
            "input": "797 636",
            "output": "506892"
        },
        {
            "input": "939 637",
            "output": "598143"
        },
        {
            "input": "310 789",
            "output": "244590"
        },
        {
            "input": "366 409",
            "output": "149694"
        },
        {
            "input": "569 838",
            "output": "476822"
        },
        {
            "input": "765 251",
            "output": "192015"
        },
        {
            "input": "313 464",
            "output": "145232"
        },
        {
            "input": "558 722",
            "output": "402876"
        },
        {
            "input": "165 463",
            "output": "76395"
        },
        {
            "input": "876 65",
            "output": "56940"
        },
        {
            "input": "603 7",
            "output": "4221"
        },
        {
            "input": "999 42",
            "output": "41958"
        },
        {
            "input": "154 343",
            "output": "52822"
        },
        {
            "input": "269 786",
            "output": "211434"
        },
        {
            "input": "666 200",
            "output": "133200"
        },
        {
            "input": "879 804",
            "output": "706716"
        },
        {
            "input": "596 508",
            "output": "302768"
        },
        {
            "input": "622 994",
            "output": "618268"
        },
        {
            "input": "689 782",
            "output": "538798"
        },
        {
            "input": "491 667",
            "output": "327497"
        },
        {
            "input": "641 572",
            "output": "366652"
        },
        {
            "input": "279 686",
            "output": "191394"
        },
        {
            "input": "22 642",
            "output": "14124"
        },
        {
            "input": "689 452",
            "output": "311428"
        },
        {
            "input": "970 121",
            "output": "117370"
        },
        {
            "input": "386 200",
            "output": "77200"
        },
        {
            "input": "189 200",
            "output": "37800"
        },
        {
            "input": "945 755",
            "output": "713475"
        },
        {
            "input": "610 499",
            "output": "304390"
        }
    ]
}