{
    "id": "best_time_to_buy_and_sell_stock",
    "title": "Best Time to Buy and Sell Stock",
    "description": "Given an array of stock prices where prices[i] is the price on day i, find the maximum profit you can achieve by buying on one day and selling on a future day. If no profit can be made, output 0.",
    "input_format": "Space-separated integers representing the stock prices.",
    "output_format": "The maximum profit.",
    "constraints": {
        "Array size": "1 <= N <= 1000",
        "Prices": "1 <= price <= 10000"
    },
    "judge_mode": "FIRST_FAIL",
    "time_limit": 1,
    "sample_test_cases": [
        {
            "input": "7 1 5 3 6 4",
            "output": "5"
        },
        {
            "input": "7 6 4 3 1",
            "output": "0"
        }
    ],
    "hidden_test_cases": [
        {
            "input": "69 36 47 31 24 72",
            "output": "48"
        },
        {
            "input": "95 100 48 48 24 50 83",
            "output": "59"
        },
        {
            "input": "54 70 23 71 100 99 76 34 11 29 49 40 14 59 22 86 86 69 69",
            "output": "77"
        },
        {
            "input": "69 44 9 46 1 54 99 82 45 76 18 43 75",
            "output": "98"
        },
        {
            "input": "89 70 8 39 39 62",
            "output": "54"
        },
        {
            "input": "3 19 68 10 68 49 9 75 70 42 64",
            "output": "72"
        },
        {
            "input": "47 39 90 35 84 43 63 100 80 27 42 38 76 13",
            "output": "65"
        },
        {
            "input": "28 32 51 26 54 38 76 53 50 86 12",
            "output": "60"
        },
        {
            "input": "67 6 24 67 52 57 72 95 31 41 16 45 73 10 4 23 50 96 57",
            "output": "92"
        },
        {
            "input": "58 50 86 41 2 65",
            "output": "63"
        },
        {
            "input": "4 8",
            "output": "4"
        },
        {
            "input": "90 44 67 62 7 85 49 7 66 16 25 96 41 66 58 22 4 42 61 23",
            "output": "89"
        },
        {
            "input": "70 40 72 2 87 58 23 60 31 14 75 60 10 97",
            "output": "95"
        },
        {
            "input": "80 12 64 79 35 11 29 55",
            "output": "67"
        },
        {
            "input": "72 58 17 90 44 59 70 14 15 37 82 76",
            "output": "73"
        },
        {
            "input": "26 91 61 47 89 100 35 67 29 96 72 22 53 78 19 20 35 41 27 72",
            "output": "74"
        },
        {
            "input": "39 39 37 29 18 52 99 53 71 55 70 23",
            "output": "81"
        },
        {
            "input": "20 41 90 78 79 18 25 70",
            "output": "70"
        },
        {
            "input": "48 46 28 85 29 18 56 100 94 58 99 40 79 71 33 49 17 57 63",
            "output": "82"
        },
        {
            "input": "25 32 32 8 73 68 12 88 82 52 29 40",
            "output": "80"
        },
        {
            "input": "48 95 58 8 16 76 16 8 25 40 95",
            "output": "87"
        },
        {
            "input": "40 31 58 39 25 66 4 93 8 96 24 98 48 28 85 57 10",
            "output": "94"
        },
        {
            "input": "94 61 49 94 87 91 76 90 84",
            "output": "45"
        },
        {
            "input": "22 96 45 98 45",
            "output": "76"
        },
        {
            "input": "45 45 96 68 12 71 70 44 79 3",
            "output": "67"
        },
        {
            "input": "63 80 74 57 3 21 33 41 69 57 74 14 80 48 77 86 98 60 87 27",
            "output": "95"
        },
        {
            "input": "32 1 72 72 12 69 78 53 81 10 1 98",
            "output": "97"
        },
        {
            "input": "62 18 31 54 3 77 70 69 65 57 10 3 71 25 57 89 59 29",
            "output": "86"
        },
        {
            "input": "74 56 45 21 19 89 4 26 64 42 36",
            "output": "70"
        },
        {
            "input": "65 97 45",
            "output": "32"
        },
        {
            "input": "16 48 34 78 31 28 28 69 63 66 90 24 58 92 30 86 54 12",
            "output": "76"
        },
        {
            "input": "93 86 29 40 59 55 43 94 56 42 81 97 62 20 33 59",
            "output": "68"
        },
        {
            "input": "18 38 25 94 28 34 64 90 22 39 10 85 52 13 39 73 50 51 96",
            "output": "86"
        },
        {
            "input": "91 52 61 15 14 39 51 77 29 60 1 69 88 28 44 56 96",
            "output": "95"
        },
        {
            "input": "7 18 53 85 67 66 79 81 94 36 24 85 24 99 98 62 24 11 17 94",
            "output": "92"
        },
        {
            "input": "26 16 22 49 53 52 5 60 88 53 6 49 75 29 96 77 98 14 61",
            "output": "93"
        },
        {
            "input": "4 80 66 83 2 70 27 59 82 52 75 7 60 83 95 87 79",
            "output": "93"
        },
        {
            "input": "11 36 59 38 37 98 99 44 59 43 37 78 63 15 82",
            "output": "88"
        },
        {
            "input": "70 41 46 23 32 46 86 49 27 7 84 54 82 91 59 19",
            "output": "84"
        },
        {
            "input": "47 33 19 47 20",
            "output": "28"
        },
        {
            "input": "37 70 78",
            "output": "41"
        },
        {
            "input": "56 62 18 23 42 95 91 43 86 16 67 54 19 7 89 40 18 16 60 40",
            "output": "82"
        },
        {
            "input": "85 88 19 53 8 98 93 76 64 23 54 50 97 47 2 60 22 60",
            "output": "90"
        },
        {
            "input": "78 29 26 6 85 45 98 74 14 90 96 58 50 53",
            "output": "92"
        },
        {
            "input": "28 80 96 87 55 34 31 45 1 79 31 90 36 18 90",
            "output": "89"
        },
        {
            "input": "48 55 30 19 74 95 15 18 52 8 29 78 89 86 44 100 41 42 84 58",
            "output": "92"
        },
        {
            "input": "55 76 18 43 62 29 84 70 7 60 57",
            "output": "66"
        },
        {
            "input": "78 84 20",
            "output": "6"
        },
        {
            "input": "66 33 95 63 73 14",
            "output": "62"
        },
        {
            "input": "61 92 70 38 4 79 33 52 13 18 11 51",
            "output": "75"
        },
        {
            "input": "72 26 92 78 11",
            "output": "66"
        },
        {
            "input": "75 81 23 17 74 6 80 49 25 2 63 65 21 19 10 43 11 49 4",
            "output": "74"
        },
        {
            "input": "18 3 46 22 19 10 64 78 33 100 88 58 90 11 4 13 54 88 79",
            "output": "97"
        },
        {
            "input": "15 73 12 16 29 33 32 51 50 25 90 58 33 91 88",
            "output": "79"
        },
        {
            "input": "77 90 100 83 75 7 1 82 53 64 19",
            "output": "81"
        },
        {
            "input": "32 36 35",
            "output": "4"
        },
        {
            "input": "53 20 25 61",
            "output": "41"
        },
        {
            "input": "1 45 2 65 38 59 14 94 15 34",
            "output": "93"
        },
        {
            "input": "23 54 86 59 6 53 85 1 96 53 58",
            "output": "95"
        },
        {
            "input": "19 44 60 17 22",
            "output": "41"
        },
        {
            "input": "55 72 23 95 66 9 77 58 59 31 3 33",
            "output": "72"
        },
        {
            "input": "95 31 60 13 64 33 17",
            "output": "51"
        },
        {
            "input": "3 79 89 13",
            "output": "86"
        },
        {
            "input": "30 39 17 20 9 92 30 56 41",
            "output": "83"
        },
        {
            "input": "59 54 36 53 58 81 34 25 12 70 11 88 56 91 34",
            "output": "80"
        },
        {
            "input": "92 81 22 66 98 64 44 35",
            "output": "76"
        },
        {
            "input": "30 90 10 46 32 97 18 19",
            "output": "87"
        },
        {
            "input": "23 53 68 37 11 3 26 97 79 98 14 16",
            "output": "95"
        },
        {
            "input": "6 44 42 12",
            "output": "38"
        },
        {
            "input": "81 90 21 3 40 54 46 90 75 66 84",
            "output": "87"
        },
        {
            "input": "62 38 68 82 78 52 27 12 61 76 71 32 51 9 97 92 47 7 100",
            "output": "93"
        },
        {
            "input": "98 67 33 9 45 61 35 96 15",
            "output": "87"
        },
        {
            "input": "64 11 21 48 26 88 30 59 98",
            "output": "87"
        },
        {
            "input": "53 7 18 37 15 4 71 92 73 37 47 55 33",
            "output": "88"
        },
        {
            "input": "97 29 22 49 5 92",
            "output": "87"
        },
        {
            "input": "27 98 75 41 36 48 42 98 34 70 40 67 58 65 37 82 36 56",
            "output": "71"
        },
        {
            "input": "34 57 85 59 45 7 13 39 38 38 49 70 60 29 97 41 85 97 86",
            "output": "90"
        },
        {
            "input": "81 10 1 12 75 31 71 45 82 8 6 17 67 29 82 45 1 38",
            "output": "81"
        },
        {
            "input": "56 65 31 79 77 94 70 61 64 90",
            "output": "63"
        },
        {
            "input": "50 46 36 17",
            "output": "0"
        },
        {
            "input": "15 69 83",
            "output": "68"
        },
        {
            "input": "24 7 80 2 49 38 3 88 73 45 7 98 29 38 31 35 87 74 7 5",
            "output": "96"
        },
        {
            "input": "65 2 73 41 56 23 88 55 13 9 60 83 72 24 70 78 100",
            "output": "98"
        },
        {
            "input": "93 62 20 77 72 76 45",
            "output": "57"
        },
        {
            "input": "51 6 85 13 15 74 93 77 15 19 52 90",
            "output": "87"
        },
        {
            "input": "48 52 54 74 34 5 93 37 44 8 48 7 14 81 92 29 43 27 54 5",
            "output": "88"
        },
        {
            "input": "60 63 78",
            "output": "18"
        },
        {
            "input": "84 30 40 68 51 19 4 79 34 99 11 13 18 15",
            "output": "95"
        },
        {
            "input": "84 7 77 10 29 70 49 60 88 26 89 95 50 66 24 24 26 18 63 59",
            "output": "88"
        },
        {
            "input": "6 49 97 54",
            "output": "91"
        },
        {
            "input": "60 27 89 100 70 100 85 12 88",
            "output": "76"
        },
        {
            "input": "5 45 49 59 26 79 26 80 44 80",
            "output": "75"
        },
        {
            "input": "73 39 35 95 24 91 50 24",
            "output": "67"
        },
        {
            "input": "4 64 53",
            "output": "60"
        },
        {
            "input": "51 23 86 74 33 43 85 75 94 83 50 45 84 40 37 94 49 42",
            "output": "71"
        },
        {
            "input": "91 65 63 47 18 9 70 21",
            "output": "61"
        },
        {
            "input": "71 42",
            "output": "0"
        },
        {
            "input": "96 12 73 7 30",
            "output": "61"
        },
        {
            "input": "48 11 44 70 96 61 59 82 78 83 32 8 86 15",
            "output": "85"
        },
        {
            "input": "33 26 69 33 83 89 13 46 92 28 37 96 8 81 10 68 33 70 36 95",
            "output": "87"
        },
        {
            "input": "87 49 28 38 81 23 69 70 5 81 50 65 53 73",
            "output": "76"
        },
        {
            "input": "41 16 92 87 40 9 2 13 20 73 19",
            "output": "76"
        },
        {
            "input": "89 37 43 42 78 51 88 62 50 55 90 44",
            "output": "53"
        },
        {
            "input": "70 3 31 83 31 46 35 25 21 61 97 77 49",
            "output": "94"
        },
        {
            "input": "72 73 79 39 70 67 26 36 96 62 45 9",
            "output": "70"
        },
        {
            "input": "99 83 82 47 65 13 80 88 31 14 88 63 87 80 91 55",
            "output": "78"
        },
        {
            "input": "60 91 45 82",
            "output": "37"
        },
        {
            "input": "83 41 48 45 95 73 11 42 89 84 32 80 51 97",
            "output": "86"
        },
        {
            "input": "46 19 15 30 71 52 97 66",
            "output": "82"
        },
        {
            "input": "67 29 56 67 32 44 14 67 41 29 55 48 75 55 3 30 47 22 26 98",
            "output": "95"
        },
        {
            "input": "28 93 23 40 41 52 94 44 53 76 56 2 51",
            "output": "71"
        },
        {
            "input": "37 92 53 6 47 75 43 6 40 69 98 32 2 39 45 84 2 28",
            "output": "92"
        },
        {
            "input": "7 76 58 68 4 15 85 52 69 15 27 44 73 21 30 36 83 76",
            "output": "81"
        },
        {
            "input": "69 15 26 25 79 43 54 8 56 40 73 40 53",
            "output": "65"
        },
        {
            "input": "50 24 28 72 63 71 12 18 53",
            "output": "48"
        },
        {
            "input": "66 9 62 44 50 98 2 37 84 85 28 31 75 15 16 41 88",
            "output": "89"
        },
        {
            "input": "85 44 93 86 39 97 95 66 20 4 49 28",
            "output": "58"
        },
        {
            "input": "12 74 94 58 81 92 10 28 5 8 59 65 59 52 47 21 59 98",
            "output": "93"
        },
        {
            "input": "84 35",
            "output": "0"
        },
        {
            "input": "82 76 94 85 28 61 100 62 95 94 79 27 23 28 93 90 48 66",
            "output": "72"
        },
        {
            "input": "57 50 63 52 27 73 90 10 59 31",
            "output": "63"
        },
        {
            "input": "80 42 6 6 4 70 21 10 75 77 57 28 66 43 37 95 25 65 89",
            "output": "91"
        },
        {
            "input": "60 43 73 54 14 28 41 12 12 62",
            "output": "50"
        },
        {
            "input": "49 6 12 99 87 41 98 88 91 7 8 81",
            "output": "93"
        },
        {
            "input": "48 80 39 17 37 17 91 16 70 93 87 79 22 79 94 76",
            "output": "78"
        },
        {
            "input": "19 71 43 95 20 81 63 22 33 8 34 31 90 68 1 87",
            "output": "86"
        },
        {
            "input": "90 17 61 45 72 89 41 10 28 74 75 43 6",
            "output": "72"
        },
        {
            "input": "16 28",
            "output": "12"
        },
        {
            "input": "36 69 88 89",
            "output": "53"
        },
        {
            "input": "87 22 99 45 46 41",
            "output": "77"
        },
        {
            "input": "70 66 96 3 10 77 40 57 1 35 62 80 47 49 8 38 84 2 28",
            "output": "83"
        },
        {
            "input": "66 60 39 79 72 69 77 83 4 34 5 30 20",
            "output": "44"
        },
        {
            "input": "7 81",
            "output": "74"
        },
        {
            "input": "44 46 91 49 12 58 36 37 62 89 70 71 58 95 4 76 37 90 95",
            "output": "91"
        },
        {
            "input": "71 45 2 93 34 59 35 59 3 89 7 23",
            "output": "91"
        },
        {
            "input": "62 21 69 15 92 31",
            "output": "77"
        },
        {
            "input": "67 65 99 72 38 74",
            "output": "36"
        },
        {
            "input": "98 32 70 21 7 11 19 90 46 27 34 46 97 68 83 64",
            "output": "90"
        },
        {
            "input": "69 86 7 92",
            "output": "85"
        },
        {
            "input": "12 68 7 79 3 20 24 44 96 45 34 46 79 2",
            "output": "93"
        },
        {
            "input": "97 19 35 16 71 53 7 11 50 18 25 16",
            "output": "55"
        },
        {
            "input": "72 78 51 11 69 40 23",
            "output": "58"
        },
        {
            "input": "55 92 93 61 29",
            "output": "38"
        },
        {
            "input": "26 39 29 53 52 66 6 85 93 5 67 54 34 83 4 83",
            "output": "87"
        },
        {
            "input": "2 85 65 7 77 78 9 56",
            "output": "83"
        },
        {
            "input": "47 26 75 10 25 7 16 98 91 29 87 86 33 15 24 45 97 57",
            "output": "91"
        },
        {
            "input": "84 46",
            "output": "0"
        },
        {
            "input": "10 42",
            "output": "32"
        },
        {
            "input": "22 19 70 82 89",
            "output": "70"
        },
        {
            "input": "35 92 96 41 50 100 38 55 36 39",
            "output": "65"
        },
        {
            "input": "95 35 85 33 41 40 78 96 53 4 68",
            "output": "64"
        },
        {
            "input": "85 58 6 84 15 45 47",
            "output": "78"
        },
        {
            "input": "42 99 75 94 78 85 83 15 24 38 43 30 77 36 89 78 41 57",
            "output": "74"
        },
        {
            "input": "28 94 65 11 38 22 29 44 100 86 84",
            "output": "89"
        },
        {
            "input": "69 41 98 12",
            "output": "57"
        },
        {
            "input": "52 21 4 75 100 65 17",
            "output": "96"
        },
        {
            "input": "6 80",
            "output": "74"
        },
        {
            "input": "29 22 16 60 53 23 55 34 52 2 68 75 73 24 28 94 17 44",
            "output": "92"
        },
        {
            "input": "21 91 6 45 65 38 75 31 30 12",
            "output": "70"
        },
        {
            "input": "12 32 50 23 12 41 18 20 79 6 12 4 60 14 46 32 77 94 65",
            "output": "90"
        },
        {
            "input": "53 89 45 56 12 66 27 84",
            "output": "72"
        },
        {
            "input": "46 21",
            "output": "0"
        },
        {
            "input": "81 63 32 60 46 23 53 90 52 86 12 44 87 86 33 50 59 14",
            "output": "75"
        },
        {
            "input": "52 19 32 42 14 21 94 19 14 7 69 72 26 46",
            "output": "80"
        },
        {
            "input": "80 34 9 98 74 18 91 48 69 98 79 56",
            "output": "89"
        },
        {
            "input": "24 73 41 27 78 9 58 99 86 76 27 68",
            "output": "90"
        },
        {
            "input": "54 57 48 13 53 100 45 45 60 56 44 50 90 36 11",
            "output": "87"
        },
        {
            "input": "77 99 9 98 46 99 80 61 13 55 42",
            "output": "90"
        },
        {
            "input": "93 99 34 37 74 78 74 49 75 82 68 37 44 7 80 2",
            "output": "73"
        },
        {
            "input": "98 67 90",
            "output": "23"
        },
        {
            "input": "34 60 33 88 30 2 52 48 4 85 84 14 45 5 58",
            "output": "83"
        },
        {
            "input": "27 8 6 61 39 73 5",
            "output": "67"
        },
        {
            "input": "35 32 87 46 30",
            "output": "55"
        },
        {
            "input": "75 60 70 43 5 92 91 18 98 39 99 48 74 33 52 5 97 42 65 84",
            "output": "94"
        },
        {
            "input": "60 23",
            "output": "0"
        },
        {
            "input": "53 73 42 100",
            "output": "58"
        },
        {
            "input": "18 6 28 85 57 48 57 12 17 92 19 6 14 41",
            "output": "86"
        },
        {
            "input": "72 55 94 62 93 27 13 15 2 83 58 1 77 37 79 19 41 19 79 75",
            "output": "81"
        },
        {
            "input": "28 72",
            "output": "44"
        },
        {
            "input": "24 29 87 96 12 70 47 5 91 34 4 24 33 32 7",
            "output": "86"
        },
        {
            "input": "77 57 47 10 46 75 11",
            "output": "65"
        },
        {
            "input": "29 70",
            "output": "41"
        },
        {
            "input": "39 39 68 100 23 78 24 85 17 94 90 67 17 47 9 67 16 12",
            "output": "77"
        },
        {
            "input": "51 5",
            "output": "0"
        },
        {
            "input": "35 18 5 43 99 12",
            "output": "94"
        },
        {
            "input": "14 12 8 51 38 28 12 89 45 41 47 20 37 47 55 86",
            "output": "81"
        },
        {
            "input": "86 72 94 80",
            "output": "22"
        },
        {
            "input": "15 82 75 14 40 55 13 97",
            "output": "84"
        },
        {
            "input": "29 56 48 23 24 10 59 74 5 100 86 96 62 69 51 58",
            "output": "95"
        },
        {
            "input": "60 15 12",
            "output": "0"
        },
        {
            "input": "62 94 34 19 7 98 28 73 82 100 70",
            "output": "93"
        },
        {
            "input": "55 92 79 28 92 47 94 34 54 77 25",
            "output": "66"
        },
        {
            "input": "74 14 54 44 22 16 17 57 23 97 30 100 60",
            "output": "86"
        },
        {
            "input": "38 23 71 1 12 33 85 68 87 79 54 89",
            "output": "88"
        },
        {
            "input": "46 94 70 100 4 89 39 75 7 33 55 39",
            "output": "85"
        },
        {
            "input": "82 43 43 76 1 86 20 98 86 6 4 89",
            "output": "97"
        },
        {
            "input": "91 28 65 43 45 12 40 76 98 74 42 49 3 24 80 73 32",
            "output": "86"
        },
        {
            "input": "10 21 63 100 56 89 6 86",
            "output": "90"
        },
        {
            "input": "17 61 49 40 84 43",
            "output": "67"
        },
        {
            "input": "65 74 51 75 3 69 62 78 67 15 80 4 30 16 88 85",
            "output": "85"
        },
        {
            "input": "85 61 86 25 62 32 65 68 18",
            "output": "43"
        },
        {
            "input": "1 58 77 86 98 91 17 36",
            "output": "97"
        },
        {
            "input": "63 6 35 29 5 27 67 85 24 75 76 24 19 6",
            "output": "80"
        },
        {
            "input": "44 86 72 38 55 84 2 41 88 54 47 71 68 9 38 58 77",
            "output": "86"
        },
        {
            "input": "67 53",
            "output": "0"
        },
        {
            "input": "22 61 100 54 81 95 49 5 11 85 33 86 75 35 26 52 15 14 81 18",
            "output": "81"
        },
        {
            "input": "89 40 14 91 6 82 91 11 25 74 23 63 82 36 81 73 87 5 57 39",
            "output": "85"
        },
        {
            "input": "68 77 55 11 50 38",
            "output": "39"
        },
        {
            "input": "31 30 19 95 26 3 94",
            "output": "91"
        },
        {
            "input": "51 5 14 4 29 29",
            "output": "25"
        },
        {
            "input": "4 40 92 75 56 31 15 61 16 6 44",
            "output": "88"
        },
        {
            "input": "44 59 93 56 97 25 64 22 26 6 47 100 97 15 28 21 48 11 5 39",
            "output": "94"
        },
        {
            "input": "100 61 84 25 7 50 26 27 17 39 55 79 44 34 99",
            "output": "92"
        },
        {
            "input": "16 63",
            "output": "47"
        },
        {
            "input": "22 94 57 63 87 33 94 100 52 28 33 20 37 40",
            "output": "78"
        },
        {
            "input": "41 84 39 81 16 25 41 92 97 6 42 28 93 77 5",
            "output": "87"
        },
        {
            "input": "73 95 58 97 47 7 96 46 4",
            "output": "89"
        },
        {
            "input": "18 5 95 91 65 10 83 7 66 65 58 32 93 48 86",
            "output": "90"
        },
        {
            "input": "87 81 72 11 17 46 25 99 78 63 66 60 89 56 81 15",
            "output": "88"
        },
        {
            "input": "27 83 46 93 14 43 97 28 62 32",
            "output": "83"
        },
        {
            "input": "99 42 15 61 21 86",
            "output": "71"
        },
        {
            "input": "42 11 32 41 12 45 55 70 20 67 63 39 83",
            "output": "72"
        },
        {
            "input": "32 20 26 25 81 49 43 98 86 23",
            "output": "78"
        },
        {
            "input": "94 89 69 69 95 61",
            "output": "26"
        },
        {
            "input": "40 19 62 17 40",
            "output": "43"
        },
        {
            "input": "10 3 52 64 70 21 53 90 53 3",
            "output": "87"
        },
        {
            "input": "70 9 41 57 38 100 55 95 8 23 37 12 18 76 47 78 82 24 48 44",
            "output": "91"
        },
        {
            "input": "16 82 34 18 96",
            "output": "80"
        },
        {
            "input": "12 69 75 46 7 17 83 32 93 51 34 28 31 29 15 12 69",
            "output": "86"
        },
        {
            "input": "45 28 13",
            "output": "0"
        },
        {
            "input": "43 46 6 100 71 26",
            "output": "94"
        },
        {
            "input": "65 62 92",
            "output": "30"
        },
        {
            "input": "5 52 3 51 76 48 58 48 94 69 3 40 46 68 54 60",
            "output": "91"
        },
        {
            "input": "27 47 29 70 97 61 45 19 86 50 33 48 58 64 2",
            "output": "70"
        },
        {
            "input": "90 14 98 83 38 2 75 80 85 68 46",
            "output": "84"
        },
        {
            "input": "18 74 85 53 88 88 30 18 71",
            "output": "70"
        },
        {
            "input": "19 57 8 45 21 11 36 71 99 65 77 41 80 63 24",
            "output": "91"
        },
        {
            "input": "59 81 31 85 44 29 17 82 62 17 9",
            "output": "65"
        },
        {
            "input": "26 77 48 50 8 1 80",
            "output": "79"
        },
        {
            "input": "60 53 53 23 94 76 10 29 75 71 56 49 32 54 37 88 9 57 60",
            "output": "78"
        },
        {
            "input": "99 75 55 35 79 35 48 18 89 14 41 37",
            "output": "71"
        },
        {
            "input": "89 29",
            "output": "0"
        },
        {
            "input": "78 83 64 70 66 47 32 66 53 64 88 43 85 55",
            "output": "56"
        },
        {
            "input": "82 85 40 48 71 59 51 63 33 36 47 27 54",
            "output": "31"
        },
        {
            "input": "70 72 37 1 90 30 85 44 32 83 76 63 5 11 75 84 55 44 44 90",
            "output": "89"
        },
        {
            "input": "54 9 79 21 84 42 29 92 72 86 40 39",
            "output": "83"
        },
        {
            "input": "22 25 80 9 84 57",
            "output": "75"
        },
        {
            "input": "73 75",
            "output": "2"
        },
        {
            "input": "39 84 55 83 12 46 2 44 2 19 73 65 5 32 51",
            "output": "71"
        },
        {
            "input": "88 33 3 1 42 89 25 88 74 52 22 84",
            "output": "88"
        },
        {
            "input": "25 66 92 66 73 93 42 48 42 5 24 24 91 16",
            "output": "86"
        },
        {
            "input": "24 10 15 40 31 86 93 53 70 19 16 10 51",
            "output": "83"
        },
        {
            "input": "6 24 84 61",
            "output": "78"
        },
        {
            "input": "91 61 64 83 27 49 27 72 61 77 53 56",
            "output": "50"
        },
        {
            "input": "63 6 12 98 94 49 28 85 85 54 24 94 10 92 39 34 96 49 52",
            "output": "92"
        },
        {
            "input": "69 26 59 81",
            "output": "55"
        },
        {
            "input": "94 62 68",
            "output": "6"
        },
        {
            "input": "85 24 77 82",
            "output": "58"
        },
        {
            "input": "65 57 36 78 98 96 29 59 9 52 23 66",
            "output": "62"
        },
        {
            "input": "29 2 16 3 58",
            "output": "56"
        },
        {
            "input": "9 22 23 97 20 25 9 81 71 68 89 72 58 15 15 94 1 38 61 39",
            "output": "88"
        },
        {
            "input": "52 5 63 84 98 54 72 37 6 68 13",
            "output": "93"
        },
        {
            "input": "19 88 51 74 97 65 22 9 17 15 19 13 44 51",
            "output": "78"
        },
        {
            "input": "96 22 95 35 82 66 35 5 28",
            "output": "73"
        },
        {
            "input": "73 43 5 80 88 62 56 99",
            "output": "94"
        },
        {
            "input": "82 70 72 17 18 56 15 9",
            "output": "39"
        },
        {
            "input": "78 49 88 19 74 52 87 43 65 35 69 49 67 3 60 9 79 49",
            "output": "76"
        },
        {
            "input": "81 45 23 63 63 81 1 29 78",
            "output": "77"
        },
        {
            "input": "59 96 4 11 98 13 5 9 62 57 16 89 19 20 18 1 9 54",
            "output": "94"
        },
        {
            "input": "15 55 53 18 14 29 14 64 10 45 51 92 99 60 75 56 74 54 56 94",
            "output": "89"
        },
        {
            "input": "94 23 98 21 87 18 74 27 100 54",
            "output": "82"
        },
        {
            "input": "99 51 55 9 10 19 23 86 16 57 31 69 4 35 52 2 98 52 76 41",
            "output": "96"
        },
        {
            "input": "5 67 57 5 84 69",
            "output": "79"
        },
        {
            "input": "29 24 72",
            "output": "48"
        },
        {
            "input": "68 57 86 73 59 63 43 70 3 56 96 9 2 61 98 95 25",
            "output": "96"
        },
        {
            "input": "22 20 11 59 95",
            "output": "84"
        },
        {
            "input": "65 13 58 97 45 93 72 14 86 55 48 1 22 4 18 23",
            "output": "84"
        },
        {
            "input": "15 70 46 63 5 15",
            "output": "55"
        },
        {
            "input": "83 57 23 73",
            "output": "50"
        },
        {
            "input": "27 22 91 51 65 8 10 15 87 91 81 96 10 39 66 4 21",
            "output": "88"
        },
        {
            "input": "56 76",
            "output": "20"
        },
        {
            "input": "47 53 14 17 51 86 29 37 46 9 21 30 90",
            "output": "81"
        },
        {
            "input": "35 18 87 98 91 29 42 16 64 96 86 1 86 26 75 35 39 72 66 9",
            "output": "85"
        },
        {
            "input": "88 98 75 9 51 100 87 72 35 9 28 1 69 55",
            "output": "91"
        },
        {
            "input": "30 76 18 22 98 92 61 39 37",
            "output": "80"
        },
        {
            "input": "68 65",
            "output": "0"
        },
        {
            "input": "47 58 27 88 65 1 82 18 40 76 95 7 41 97",
            "output": "96"
        },
        {
            "input": "43 7 78 47 98 52 40 73 19 99 47",
            "output": "92"
        },
        {
            "input": "58 80 1 16 62 22 76 55 85 86 91 92",
            "output": "91"
        },
        {
            "input": "26 46 21 32 60 70",
            "output": "49"
        },
        {
            "input": "44 35 87 97 15 51 65 25 81 58 59 17 49 55 97 87",
            "output": "82"
        },
        {
            "input": "59 35 56 17 46 36 91 92 81 74",
            "output": "75"
        },
        {
            "input": "98 12 6 41 82 27 2 38",
            "output": "76"
        },
        {
            "input": "56 3 5 65 18 86 66 24 5 65 65 3",
            "output": "83"
        },
        {
            "input": "71 93 4 28 57 15 20 40 77 36 16 64 49 68 51 8",
            "output": "73"
        },
        {
            "input": "17 36 75 1 14 100 62",
            "output": "99"
        },
        {
            "input": "43 98 9 62 49 73 21 1 27 52 63 32",
            "output": "64"
        },
        {
            "input": "29 52 13 64 53 47 15 60 15 80 21 42 62 67",
            "output": "67"
        },
        {
            "input": "60 74",
            "output": "14"
        },
        {
            "input": "2 53 85 31 19 66 21 52 29 27 98 23 86 71 31 60 27 18 41",
            "output": "96"
        },
        {
            "input": "57 52",
            "output": "0"
        },
        {
            "input": "39 56 83 56 64 50 42 27 90 72",
            "output": "63"
        },
        {
            "input": "90 11 81 45 87 42 6 12 88 96 24 63 30 5 20",
            "output": "90"
        },
        {
            "input": "23 53 91 50 56 48 58 25 41 11 92 32 70 68 76 82 80 11 71 14",
            "output": "81"
        },
        {
            "input": "37 95 33 58 83 57 17 55 52 49 85 8 25 43 22 13 58 3 81",
            "output": "78"
        },
        {
            "input": "51 17 34 8 25 61 85",
            "output": "77"
        },
        {
            "input": "24 36 58 23 18 37 53 67 99 99 23 8 92",
            "output": "84"
        },
        {
            "input": "93 32 80 8 15 96 33 44",
            "output": "88"
        },
        {
            "input": "3 91",
            "output": "88"
        },
        {
            "input": "34 8 12 79 83 62 95 77 34 54 52 52 89 78 11",
            "output": "87"
        },
        {
            "input": "99 43 86 66 75 31",
            "output": "43"
        },
        {
            "input": "55 10 17 17 84 47 40 51 96 24 68 45 24",
            "output": "86"
        },
        {
            "input": "7 85 50 75 19 88 31 90 94 42 98 28 16 90",
            "output": "91"
        },
        {
            "input": "98 50 5 12 67 5 22 11 58 26 75 12 97 5 16 13 3 95 16",
            "output": "92"
        },
        {
            "input": "82 49 67 13 67 84 38 59",
            "output": "71"
        },
        {
            "input": "74 35 14",
            "output": "0"
        },
        {
            "input": "76 60 5 6 51 65 97 26 15 21 85 50 19 24 69 64 69",
            "output": "92"
        },
        {
            "input": "34 53 35 34 2 25",
            "output": "23"
        },
        {
            "input": "30 29 54 69 29 41 58 6 14 75 29 68 43",
            "output": "69"
        },
        {
            "input": "77 62 68 79 84 13 81 70",
            "output": "68"
        },
        {
            "input": "37 97",
            "output": "60"
        },
        {
            "input": "85 66 53 75 96 43 73 62 94 5 17 87 87 9 73 67 73 47",
            "output": "82"
        },
        {
            "input": "58 45 41 51 78 42 19 23 9 2 81 48 100",
            "output": "98"
        },
        {
            "input": "52 49 50",
            "output": "1"
        },
        {
            "input": "65 77 40 92 64 12 27 40 92 82 83 1",
            "output": "80"
        },
        {
            "input": "9 100 87",
            "output": "91"
        },
        {
            "input": "41 61",
            "output": "20"
        },
        {
            "input": "22 42 96 75 23 9 88 87",
            "output": "79"
        },
        {
            "input": "75 24 4 55 24 95 94 27 11 57 56 18 80",
            "output": "91"
        },
        {
            "input": "84 11 69 83 47 14 91 64 25 28 87 42 85 69 20 7 26 75 35",
            "output": "80"
        },
        {
            "input": "25 48 32 5 56 88 77 72 7 31 74 81 21 12 3 63 73 74",
            "output": "83"
        },
        {
            "input": "84 19 13 39 41 77 14",
            "output": "64"
        },
        {
            "input": "76 63 19 38 75 78 94 17 72 29 91 52 74 7 10 77",
            "output": "75"
        },
        {
            "input": "97 23 30 55 95 50 5",
            "output": "72"
        },
        {
            "input": "19 78 69 70 54 70 79 40 1 34 3 37 95 13 96 47 25 19 95",
            "output": "95"
        },
        {
            "input": "57 19 42 83 58 3 28 50 79 28 1 87 39 2 54 33 92 8",
            "output": "91"
        },
        {
            "input": "63 21 33 16 78 89 58 84 91 62 28 67",
            "output": "75"
        },
        {
            "input": "68 100 14 36 43",
            "output": "32"
        },
        {
            "input": "48 85 13 94 87 28 16 31",
            "output": "81"
        },
        {
            "input": "63 72 95 47 97 28 22 37 69 28 99 61 10 36 64 41",
            "output": "77"
        },
        {
            "input": "8 85 62 54 25 86 23 3 84 78",
            "output": "81"
        },
        {
            "input": "33 60 35 76 23 65 10 14 66 95 39 8 19 8",
            "output": "85"
        },
        {
            "input": "51 37 86 53 52 24 63 29 37 78 5 65",
            "output": "60"
        },
        {
            "input": "39 71 30 75 2 83 77 19 44 45 46 99 29",
            "output": "97"
        },
        {
            "input": "21 79 12 96 64 58 25 99 34 73 78 33 25 70 27 40",
            "output": "87"
        },
        {
            "input": "74 78 62 90 73 1 89 49 9 31 29 25 8 44",
            "output": "88"
        },
        {
            "input": "34 59 54 71 64 10 6 20 67",
            "output": "61"
        },
        {
            "input": "25 56 90 97 43 74 76 51 82 14 10 5 4 75 23 34",
            "output": "72"
        },
        {
            "input": "96 34 76 38 33 62 96 82 73 48 70 21 24 48 96 71 21",
            "output": "75"
        },
        {
            "input": "22 63 19 1 63 88 18 15 77 67 23 24 83 80 57 2 12 57 83 23",
            "output": "87"
        },
        {
            "input": "28 38",
            "output": "10"
        },
        {
            "input": "6 72 98 63 89 4 60 99 88 74 60 17",
            "output": "95"
        },
        {
            "input": "12 86 49 31 6 67 40 14 88 20 47 94 57 60 92 71",
            "output": "88"
        },
        {
            "input": "74 8 70 84 48 38 19 86 34 18 43 16 58 3 10 39 73 12 89 80",
            "output": "86"
        },
        {
            "input": "39 65 98 15 6 19 98 83 45 4 90 5",
            "output": "92"
        },
        {
            "input": "94 10 85 43 21 34 41 95 26 72 61 36 83 51",
            "output": "85"
        },
        {
            "input": "87 3 18 79 55 13 16 5 68 5 75 23 11 52 66 40",
            "output": "76"
        },
        {
            "input": "60 52 58 14",
            "output": "6"
        },
        {
            "input": "54 5 54 95 73 95",
            "output": "90"
        },
        {
            "input": "77 46 19 56 45 71 98 23 71 76 58 63 16",
            "output": "79"
        },
        {
            "input": "88 57 51 66 86 80 84 35 66 18 83 74",
            "output": "65"
        },
        {
            "input": "41 60 54 53 61 4 48 46 69 6 40 79 67 32 5 63 43 44 57 85",
            "output": "81"
        },
        {
            "input": "63 37 16 24 34 71 9 37 98 99 68",
            "output": "90"
        },
        {
            "input": "88 92 60 86 53 44 36 95 80 91 4 90 17 75",
            "output": "86"
        },
        {
            "input": "91 62 23",
            "output": "0"
        },
        {
            "input": "14 90 30 90 4 37 74 1 36 36 8 82 77 9",
            "output": "81"
        },
        {
            "input": "72 90 38 49 98",
            "output": "60"
        },
        {
            "input": "50 22 12 94 44 47 8 45 45 47 97 3 62",
            "output": "89"
        },
        {
            "input": "92 52 61 87 40 21 18",
            "output": "35"
        },
        {
            "input": "54 41 95 82 50 1 3 45 49 66 24 82 53 81 55 9 18 45 64",
            "output": "81"
        },
        {
            "input": "82 24 75 58 33 81 33 98 46 94 6 16 72 35 70 59 21 16 10",
            "output": "74"
        },
        {
            "input": "47 38 28 41 7 29 78 44 14 68",
            "output": "71"
        },
        {
            "input": "1 84 94 30 49 20 81 88 40 34 88 27",
            "output": "93"
        },
        {
            "input": "30 76 4 100 10 39 16 60 44 54 29 15 84 62",
            "output": "96"
        },
        {
            "input": "6 39 53 6 31 16 100 43 95 56 77 11 71 69 54 9 33 59",
            "output": "94"
        },
        {
            "input": "45 53 23 96 33 31 52 51 23 12 87",
            "output": "75"
        },
        {
            "input": "95 17 42 95 16 74 75 64",
            "output": "78"
        },
        {
            "input": "69 75 17 1 45 75 34 12 63 7",
            "output": "74"
        },
        {
            "input": "67 1 23 33 54 99 14 27 80 69 88 65 60 54 87 32 63 37 28 29",
            "output": "98"
        },
        {
            "input": "4 40 31 54 60 33 78 43 86",
            "output": "82"
        },
        {
            "input": "13 91 64 34 39 96 20 94 62 63 81 55 97 9 34 91",
            "output": "84"
        },
        {
            "input": "82 82 86 36 59 82 18 76 23 38 32 26 48 82 64 17",
            "output": "64"
        },
        {
            "input": "18 5 14 89 82 80",
            "output": "84"
        },
        {
            "input": "99 19 34 75 69 2 100 61 50 49",
            "output": "98"
        },
        {
            "input": "42 26 8 46 49 8",
            "output": "41"
        },
        {
            "input": "76 92 13 64 97 30 3 67 96 53 11 17 53",
            "output": "93"
        },
        {
            "input": "92 88 99 68 77 33 86 100 61 25 23 39 53 27",
            "output": "67"
        },
        {
            "input": "9 24 38 75 38",
            "output": "66"
        },
        {
            "input": "12 26 5 83 56",
            "output": "78"
        },
        {
            "input": "55 44 52 26 17 100 43 23 71 73",
            "output": "83"
        },
        {
            "input": "13 61 65 95 45 66 86 17 8 39 45 89 12 91 92 24",
            "output": "84"
        },
        {
            "input": "21 71 69 67 19 24 94 50 58",
            "output": "75"
        },
        {
            "input": "9 32 54 61 42 46 71 26 70 41 70 2 93",
            "output": "91"
        },
        {
            "input": "56 25 14 13 2 82 16 17 23 70 89 36 57 87 32",
            "output": "87"
        },
        {
            "input": "36 25 99 98 87",
            "output": "74"
        },
        {
            "input": "24 73 50 95 46 41 14",
            "output": "71"
        },
        {
            "input": "17 34 15 20 31",
            "output": "17"
        },
        {
            "input": "75 86 98 49 18 54 32 6 33 84 65 73 9 20 15 43 100 95",
            "output": "94"
        },
        {
            "input": "15 46 26 75 73 50 30 5 19 44 75 67 96 3 89 86 20 27 2",
            "output": "91"
        },
        {
            "input": "83 56 51 73 73 9 6 65 96 25 39 5 10 34 4 15 35 22 93",
            "output": "90"
        },
        {
            "input": "2 23 61 62 100 82 72 88 58 52 40 70 4 41 28 40 60 70",
            "output": "98"
        },
        {
            "input": "86 54 11",
            "output": "0"
        },
        {
            "input": "71 36 13",
            "output": "0"
        },
        {
            "input": "92 69 2 62 53 64 67 39 82 27 34 85",
            "output": "83"
        },
        {
            "input": "16 87 31 89",
            "output": "73"
        },
        {
            "input": "87 39 82 13 67 19 100 4",
            "output": "87"
        },
        {
            "input": "70 44 82 84 23 76 1 22 54 42 33 77 86 65",
            "output": "85"
        },
        {
            "input": "24 29 37 95 51 4 75 59",
            "output": "71"
        },
        {
            "input": "40 69 76 71 16 96 100 46 10 100",
            "output": "90"
        },
        {
            "input": "9 14 24 87 18 16 8 80 68 98 65 98 73",
            "output": "90"
        },
        {
            "input": "75 9 28 93 75 50 73 12 69 20 19 97 64 29",
            "output": "88"
        },
        {
            "input": "22 86 15 13",
            "output": "64"
        },
        {
            "input": "73 22 9 60 70 29 8 48 21 77 51 10 60 30 29 83 2 53 50",
            "output": "75"
        },
        {
            "input": "92 64 51 95 35 22 39 93 42 42 46 97 52 51",
            "output": "75"
        },
        {
            "input": "65 95 68",
            "output": "30"
        },
        {
            "input": "84 73 38 63 80 70 90 6 44",
            "output": "52"
        },
        {
            "input": "64 94 31 96 80 56 48",
            "output": "65"
        },
        {
            "input": "75 25 29 80 65 100 21 52 1 18 51",
            "output": "75"
        },
        {
            "input": "33 18 7 47",
            "output": "40"
        },
        {
            "input": "36 27 43 28 43 44 66 27 30",
            "output": "39"
        },
        {
            "input": "8 85 61 1 55 99 26 79 28 4",
            "output": "98"
        },
        {
            "input": "7 49 65 24 37 13 15 12 45 26 91 61 14 83 62 76 39",
            "output": "84"
        },
        {
            "input": "45 14",
            "output": "0"
        },
        {
            "input": "7 88 50 98 54 7 40 2 94 37",
            "output": "92"
        },
        {
            "input": "87 91 86 92 4 93 28 87 2",
            "output": "89"
        },
        {
            "input": "51 1 53 66 39 62 94 29 68 42",
            "output": "93"
        },
        {
            "input": "74 99 21 100 16 15 63 10 88 29 55 96",
            "output": "86"
        },
        {
            "input": "41 47 43 96 66 73 9 84 80 43 8",
            "output": "75"
        },
        {
            "input": "19 92 95 30 16 13 32 100 18",
            "output": "87"
        },
        {
            "input": "92 52",
            "output": "0"
        },
        {
            "input": "80 36 11 20 7 29 56 73 7 61 77 50 98 1 12 42 32",
            "output": "91"
        },
        {
            "input": "44 52 58 98 49 38 84 61 5 15 26 60 75 42 12",
            "output": "70"
        },
        {
            "input": "88 86 25 45",
            "output": "20"
        },
        {
            "input": "98 14 84 28 53 58 13 66 98 69 16 91 64 78",
            "output": "85"
        },
        {
            "input": "79 100 71 60 12 88 66",
            "output": "76"
        },
        {
            "input": "100 34 47 90 98 89",
            "output": "64"
        },
        {
            "input": "83 41 8 18 41 71 12 19 64 39 93 7 85 70 81",
            "output": "85"
        },
        {
            "input": "42 41 93 32 18",
            "output": "52"
        },
        {
            "input": "34 4 88 67 26 93 40 32 2 97 68 21 64 78 29 62 75 40",
            "output": "95"
        },
        {
            "input": "96 26 56 80 3",
            "output": "54"
        },
        {
            "input": "29 88 50 91 83",
            "output": "62"
        },
        {
            "input": "25 55 18 30 34 83 13 33 73 33 69 93 84 65 51 87 87 64",
            "output": "80"
        },
        {
            "input": "15 57 95 14 8 19 71 89 22 51 60 9 79",
            "output": "81"
        },
        {
            "input": "30 3 74 72 21 88 44 40 90",
            "output": "87"
        },
        {
            "input": "94 62 18 11 67 80 59 68 8 87 98 9",
            "output": "90"
        },
        {
            "input": "51 5 27 42 94 20 30 79",
            "output": "89"
        },
        {
            "input": "57 81 24 66 83 79",
            "output": "59"
        },
        {
            "input": "73 71 85 44 40 98 3 39",
            "output": "58"
        },
        {
            "input": "7 40 93 49 3 31",
            "output": "86"
        },
        {
            "input": "37 87",
            "output": "50"
        },
        {
            "input": "12 78 68",
            "output": "66"
        },
        {
            "input": "17 92",
            "output": "75"
        },
        {
            "input": "14 61 37 48 41 49 1 43 76 76 80 35 22 38 13 92 93 60",
            "output": "92"
        },
        {
            "input": "14 50 77 97 24 14 8 57 24 70 57 58 36 34 32 10 44 56 53",
            "output": "83"
        },
        {
            "input": "77 88 47 96 39 52",
            "output": "49"
        },
        {
            "input": "4 52 53 84 38 33 16 21 49",
            "output": "80"
        },
        {
            "input": "7 92 18 81 83",
            "output": "85"
        },
        {
            "input": "83 76 27 26 44 55 32 31 40 99",
            "output": "73"
        },
        {
            "input": "80 49 41 41 46 23 92 54 85 32 57 99 64",
            "output": "76"
        },
        {
            "input": "80 42 13 6 74 63 10 27 93 90 65",
            "output": "87"
        },
        {
            "input": "84 29 11 35 45 66 89 17 97 39",
            "output": "86"
        },
        {
            "input": "58 28 52 36 53 51 62 68 89 31 26 38 78 4 99 42 25 29 58",
            "output": "95"
        },
        {
            "input": "39 1 67 89",
            "output": "88"
        },
        {
            "input": "30 78 75 71",
            "output": "48"
        },
        {
            "input": "72 74 97 24 42 100 87 4 65 98 27 29 37 16 39",
            "output": "94"
        },
        {
            "input": "100 47 56 54 25",
            "output": "9"
        },
        {
            "input": "29 40 67",
            "output": "38"
        },
        {
            "input": "28 7 19",
            "output": "12"
        },
        {
            "input": "66 53 60 34 44 16 41 23 37 34 82 40 82 59 92 69 4 25",
            "output": "76"
        },
        {
            "input": "52 93 61 45 96 60 21 50 34 3 8 32 43 2 57 61 50 93 33 10",
            "output": "91"
        },
        {
            "input": "66 71 62 43 46 5 81 33",
            "output": "76"
        },
        {
            "input": "43 6 16 79 22 51 55 26 50 95 95 50 48 77 7 38 12",
            "output": "89"
        },
        {
            "input": "78 26 2 9 65 18 82 24 2 57 31 21 94 78 2 66 10 75 85",
            "output": "92"
        },
        {
            "input": "75 8",
            "output": "0"
        },
        {
            "input": "29 45 44 54 98 73 5 77 76 100",
            "output": "95"
        },
        {
            "input": "14 94 66 26",
            "output": "80"
        },
        {
            "input": "41 43",
            "output": "2"
        },
        {
            "input": "53 81 75 67 20 52",
            "output": "32"
        },
        {
            "input": "50 21 9 89 83 72 28 47 98 58 91 37 80 33 36 78",
            "output": "89"
        },
        {
            "input": "83 27 15 34 10 41 22",
            "output": "31"
        },
        {
            "input": "68 79 47 40 15 57 33 34 97 35 64",
            "output": "82"
        },
        {
            "input": "68 74 66 77 44 52 14",
            "output": "11"
        },
        {
            "input": "88 78 57 79 41 16 70 76 31 31 87 35",
            "output": "71"
        },
        {
            "input": "57 36 71 79 27 20 67 6 83 15 86 48 12 29 68",
            "output": "80"
        },
        {
            "input": "54 22",
            "output": "0"
        },
        {
            "input": "36 83 51 54 89 17 35 46 22 49 54 22 45 70",
            "output": "53"
        },
        {
            "input": "23 60 95 66 71 46 81 10 64 51 54 33 94 62 56",
            "output": "84"
        },
        {
            "input": "15 71 90 11",
            "output": "75"
        },
        {
            "input": "7 62 58 51 15 85 62",
            "output": "78"
        },
        {
            "input": "65 91 64",
            "output": "26"
        },
        {
            "input": "80 39 36 34 99 11 12 9",
            "output": "65"
        },
        {
            "input": "72 86 100 91 80 98 97 35 38 51 9",
            "output": "28"
        },
        {
            "input": "56 58 51 43 40 29 97 13 25 93 40 75 17 41 12 2 38 65 5 29",
            "output": "80"
        },
        {
            "input": "7 91 71 82 9 11 43 24 1 27 44 11 58 97 33 96 11 96",
            "output": "96"
        },
        {
            "input": "67 44 99 100 3 67 68 89 16 54 43",
            "output": "86"
        },
        {
            "input": "5 32 91 77 42 28",
            "output": "86"
        },
        {
            "input": "62 70 63 6 24 38 50 97 16 68 28 37 70 16 16",
            "output": "91"
        },
        {
            "input": "65 60 46 37 31 76 21 37 98 85 36 31 40 68 95 38 43",
            "output": "77"
        },
        {
            "input": "30 17 38 10 75 64 48",
            "output": "65"
        },
        {
            "input": "70 100 27 60 8 93 27 35 56 72 78",
            "output": "85"
        }
    ]
}