{
    "id": "binary_to_decimal",
    "title": "Binary to Decimal",
    "description": "The binary number system uses only two digits, 0 and 1. A decimal number can be represented in binary and vice versa. In this problem, you are given a binary string `S` consisting of 0s and 1s. Your task is to convert this binary string into its equivalent decimal (base-10) integer representation.",
    "input_format": "A binary string S.",
    "output_format": "Output a single integer which is the decimal equivalent of the given binary string `S`.",
    "constraints": {
        "length of S": "1 <= length <= 30"
    },
    "judge_mode": "FIRST_FAIL",
    "time_limit": 1,
    "sample_test_cases": [
        {
            "input": "101",
            "output": "5"
        },
        {
            "input": "1111",
            "output": "15"
        }
    ],
    "hidden_test_cases": [
        {
            "input": "1000101111110",
            "output": "4478"
        },
        {
            "input": "1101111111",
            "output": "895"
        },
        {
            "input": "1101110001001",
            "output": "7049"
        },
        {
            "input": "1000010000001",
            "output": "4225"
        },
        {
            "input": "10000111101010",
            "output": "8682"
        },
        {
            "input": "111010010010",
            "output": "3730"
        },
        {
            "input": "11101000000",
            "output": "1856"
        },
        {
            "input": "1110101101110",
            "output": "7534"
        },
        {
            "input": "111011110000",
            "output": "3824"
        },
        {
            "input": "100111100000",
            "output": "2528"
        },
        {
            "input": "1110011000100",
            "output": "7364"
        },
        {
            "input": "10011011010110",
            "output": "9942"
        },
        {
            "input": "1011011110100",
            "output": "5876"
        },
        {
            "input": "111110101101",
            "output": "4013"
        },
        {
            "input": "110001011111",
            "output": "3167"
        },
        {
            "input": "10000010010011",
            "output": "8339"
        },
        {
            "input": "10100011001",
            "output": "1305"
        },
        {
            "input": "110111100100",
            "output": "3556"
        },
        {
            "input": "100111000001",
            "output": "2497"
        },
        {
            "input": "1011101101101",
            "output": "5997"
        },
        {
            "input": "1100011110000",
            "output": "6384"
        },
        {
            "input": "1011011011100",
            "output": "5852"
        },
        {
            "input": "1000010111101",
            "output": "4285"
        },
        {
            "input": "1000010001011",
            "output": "4235"
        },
        {
            "input": "111000111110",
            "output": "3646"
        },
        {
            "input": "100011101100",
            "output": "2284"
        },
        {
            "input": "1111100100110",
            "output": "7974"
        },
        {
            "input": "1110110101001",
            "output": "7593"
        },
        {
            "input": "1000110111010",
            "output": "4538"
        },
        {
            "input": "111101110000",
            "output": "3952"
        },
        {
            "input": "1110001010000",
            "output": "7248"
        },
        {
            "input": "10101100100",
            "output": "1380"
        },
        {
            "input": "100110",
            "output": "38"
        },
        {
            "input": "1111010001001",
            "output": "7817"
        },
        {
            "input": "10001010101",
            "output": "1109"
        },
        {
            "input": "1011101010000",
            "output": "5968"
        },
        {
            "input": "101111000010",
            "output": "3010"
        },
        {
            "input": "1001001001",
            "output": "585"
        },
        {
            "input": "110000111101",
            "output": "3133"
        },
        {
            "input": "1110000",
            "output": "112"
        },
        {
            "input": "1100011001001",
            "output": "6345"
        },
        {
            "input": "100011011000",
            "output": "2264"
        },
        {
            "input": "1011001011001",
            "output": "5721"
        },
        {
            "input": "101000101",
            "output": "325"
        },
        {
            "input": "1101111111010",
            "output": "7162"
        },
        {
            "input": "101111111",
            "output": "383"
        },
        {
            "input": "1100100110111",
            "output": "6455"
        },
        {
            "input": "1101100010100",
            "output": "6932"
        },
        {
            "input": "1110011010111",
            "output": "7383"
        },
        {
            "input": "1011110010110",
            "output": "6038"
        },
        {
            "input": "1111101010110",
            "output": "8022"
        },
        {
            "input": "1111100010110",
            "output": "7958"
        },
        {
            "input": "1000100001000",
            "output": "4360"
        },
        {
            "input": "10000101010100",
            "output": "8532"
        },
        {
            "input": "110000001010",
            "output": "3082"
        },
        {
            "input": "10000010011010",
            "output": "8346"
        },
        {
            "input": "1101100101110",
            "output": "6958"
        },
        {
            "input": "10000101000000",
            "output": "8512"
        },
        {
            "input": "1100010011001",
            "output": "6297"
        },
        {
            "input": "1000110010100",
            "output": "4500"
        },
        {
            "input": "1001001010011",
            "output": "4691"
        },
        {
            "input": "1100100110000",
            "output": "6448"
        },
        {
            "input": "10001001100100",
            "output": "8804"
        },
        {
            "input": "1010000011010",
            "output": "5146"
        },
        {
            "input": "10010011111100",
            "output": "9468"
        },
        {
            "input": "110101000101",
            "output": "3397"
        },
        {
            "input": "1010001111010",
            "output": "5242"
        },
        {
            "input": "11000111",
            "output": "199"
        },
        {
            "input": "1100001001110",
            "output": "6222"
        },
        {
            "input": "1101100100110",
            "output": "6950"
        },
        {
            "input": "10001001",
            "output": "137"
        },
        {
            "input": "10111010111",
            "output": "1495"
        },
        {
            "input": "110010000111",
            "output": "3207"
        },
        {
            "input": "111100001",
            "output": "481"
        },
        {
            "input": "110111011",
            "output": "443"
        },
        {
            "input": "111011010011",
            "output": "3795"
        },
        {
            "input": "1001010100110",
            "output": "4774"
        },
        {
            "input": "1100110100110",
            "output": "6566"
        },
        {
            "input": "1000110001010",
            "output": "4490"
        },
        {
            "input": "100111000111",
            "output": "2503"
        },
        {
            "input": "1110100111010",
            "output": "7482"
        },
        {
            "input": "1101110111111",
            "output": "7103"
        },
        {
            "input": "10000000111",
            "output": "1031"
        },
        {
            "input": "1110010011001",
            "output": "7321"
        },
        {
            "input": "1001000101111",
            "output": "4655"
        },
        {
            "input": "10011001100111",
            "output": "9831"
        },
        {
            "input": "1000111010",
            "output": "570"
        },
        {
            "input": "101011001111",
            "output": "2767"
        },
        {
            "input": "1101110000",
            "output": "880"
        },
        {
            "input": "1110101100110",
            "output": "7526"
        },
        {
            "input": "1100001101100",
            "output": "6252"
        },
        {
            "input": "11000010111",
            "output": "1559"
        },
        {
            "input": "100111010001",
            "output": "2513"
        },
        {
            "input": "1100010111010",
            "output": "6330"
        },
        {
            "input": "1001110010011",
            "output": "5011"
        },
        {
            "input": "10010101010111",
            "output": "9559"
        },
        {
            "input": "1101010100",
            "output": "852"
        },
        {
            "input": "10000001110101",
            "output": "8309"
        },
        {
            "input": "1111111000101",
            "output": "8133"
        },
        {
            "input": "101101110001",
            "output": "2929"
        },
        {
            "input": "1011111101011",
            "output": "6123"
        },
        {
            "input": "1010111010111",
            "output": "5591"
        },
        {
            "input": "1111010110010",
            "output": "7858"
        },
        {
            "input": "1001011110110",
            "output": "4854"
        },
        {
            "input": "10001110001100",
            "output": "9100"
        },
        {
            "input": "10010011111001",
            "output": "9465"
        },
        {
            "input": "10000011010001",
            "output": "8401"
        },
        {
            "input": "111111010001",
            "output": "4049"
        },
        {
            "input": "1001100001101",
            "output": "4877"
        },
        {
            "input": "10110001110",
            "output": "1422"
        },
        {
            "input": "1011110011000",
            "output": "6040"
        },
        {
            "input": "110101011100",
            "output": "3420"
        },
        {
            "input": "10001000011",
            "output": "1091"
        },
        {
            "input": "1101001101110",
            "output": "6766"
        },
        {
            "input": "100101010010",
            "output": "2386"
        },
        {
            "input": "11001000100",
            "output": "1604"
        },
        {
            "input": "1101110010001",
            "output": "7057"
        },
        {
            "input": "1101011100",
            "output": "860"
        },
        {
            "input": "100011111010",
            "output": "2298"
        },
        {
            "input": "10010100001100",
            "output": "9484"
        },
        {
            "input": "1101110011101",
            "output": "7069"
        },
        {
            "input": "110110111111",
            "output": "3519"
        },
        {
            "input": "1001010100011",
            "output": "4771"
        },
        {
            "input": "111001111011",
            "output": "3707"
        },
        {
            "input": "111000111101",
            "output": "3645"
        },
        {
            "input": "110001110010",
            "output": "3186"
        },
        {
            "input": "1100110000010",
            "output": "6530"
        },
        {
            "input": "1111100010",
            "output": "994"
        },
        {
            "input": "100111",
            "output": "39"
        },
        {
            "input": "10000100101001",
            "output": "8489"
        },
        {
            "input": "1001110111101",
            "output": "5053"
        },
        {
            "input": "1100110011000",
            "output": "6552"
        },
        {
            "input": "1101110010111",
            "output": "7063"
        },
        {
            "input": "111000001011",
            "output": "3595"
        },
        {
            "input": "1110111110011",
            "output": "7667"
        },
        {
            "input": "111001000000",
            "output": "3648"
        },
        {
            "input": "10001011100111",
            "output": "8935"
        },
        {
            "input": "1110111011001",
            "output": "7641"
        },
        {
            "input": "10000101111100",
            "output": "8572"
        },
        {
            "input": "10010000100001",
            "output": "9249"
        },
        {
            "input": "1001010010000",
            "output": "4752"
        },
        {
            "input": "1100011011111",
            "output": "6367"
        },
        {
            "input": "10010111000111",
            "output": "9671"
        },
        {
            "input": "11011011010",
            "output": "1754"
        },
        {
            "input": "1011110001111",
            "output": "6031"
        },
        {
            "input": "10000011100100",
            "output": "8420"
        },
        {
            "input": "1010000101111",
            "output": "5167"
        },
        {
            "input": "1010110111101",
            "output": "5565"
        },
        {
            "input": "1000100001111",
            "output": "4367"
        },
        {
            "input": "10001101001000",
            "output": "9032"
        },
        {
            "input": "1100001001010",
            "output": "6218"
        },
        {
            "input": "1011111010110",
            "output": "6102"
        },
        {
            "input": "11111111",
            "output": "255"
        },
        {
            "input": "111011110001",
            "output": "3825"
        },
        {
            "input": "1101101100111",
            "output": "7015"
        },
        {
            "input": "100010010",
            "output": "274"
        },
        {
            "input": "1101010010",
            "output": "850"
        },
        {
            "input": "1110001101100",
            "output": "7276"
        },
        {
            "input": "11111011011",
            "output": "2011"
        },
        {
            "input": "10110011000",
            "output": "1432"
        },
        {
            "input": "111001101",
            "output": "461"
        },
        {
            "input": "1000010110101",
            "output": "4277"
        },
        {
            "input": "1111000101111",
            "output": "7727"
        },
        {
            "input": "100110111111",
            "output": "2495"
        },
        {
            "input": "111100011100",
            "output": "3868"
        },
        {
            "input": "10010101111010",
            "output": "9594"
        },
        {
            "input": "101001111000",
            "output": "2680"
        },
        {
            "input": "10011010010000",
            "output": "9872"
        },
        {
            "input": "1100010010101",
            "output": "6293"
        },
        {
            "input": "1000100001101",
            "output": "4365"
        },
        {
            "input": "10000010001111",
            "output": "8335"
        },
        {
            "input": "101011011100",
            "output": "2780"
        },
        {
            "input": "1011110000100",
            "output": "6020"
        },
        {
            "input": "100100110011",
            "output": "2355"
        },
        {
            "input": "1011010000",
            "output": "720"
        },
        {
            "input": "10001101001001",
            "output": "9033"
        },
        {
            "input": "10001100010000",
            "output": "8976"
        },
        {
            "input": "1000101111011",
            "output": "4475"
        },
        {
            "input": "1101010111000",
            "output": "6840"
        },
        {
            "input": "1001101011001",
            "output": "4953"
        },
        {
            "input": "101010011100",
            "output": "2716"
        },
        {
            "input": "10001110100010",
            "output": "9122"
        },
        {
            "input": "1001011101100",
            "output": "4844"
        },
        {
            "input": "1111011110111",
            "output": "7927"
        },
        {
            "input": "10001000100",
            "output": "1092"
        },
        {
            "input": "10001100110110",
            "output": "9014"
        },
        {
            "input": "1011010011010",
            "output": "5786"
        },
        {
            "input": "1100000010100",
            "output": "6164"
        },
        {
            "input": "101000011100",
            "output": "2588"
        },
        {
            "input": "1010111110001",
            "output": "5617"
        },
        {
            "input": "101010010011",
            "output": "2707"
        },
        {
            "input": "110110001",
            "output": "433"
        },
        {
            "input": "1110010111101",
            "output": "7357"
        },
        {
            "input": "100001010110",
            "output": "2134"
        },
        {
            "input": "10000110000111",
            "output": "8583"
        },
        {
            "input": "1011110100111",
            "output": "6055"
        },
        {
            "input": "1010011010111",
            "output": "5335"
        },
        {
            "input": "1101010101001",
            "output": "6825"
        },
        {
            "input": "1100110110000",
            "output": "6576"
        },
        {
            "input": "111111111101",
            "output": "4093"
        },
        {
            "input": "10001000100111",
            "output": "8743"
        },
        {
            "input": "111000111000",
            "output": "3640"
        },
        {
            "input": "1000101011101",
            "output": "4445"
        },
        {
            "input": "10001101110001",
            "output": "9073"
        },
        {
            "input": "1011000111110",
            "output": "5694"
        },
        {
            "input": "11010000010",
            "output": "1666"
        },
        {
            "input": "1101000001110",
            "output": "6670"
        },
        {
            "input": "111001000101",
            "output": "3653"
        },
        {
            "input": "1010110011100",
            "output": "5532"
        },
        {
            "input": "1111010000110",
            "output": "7814"
        },
        {
            "input": "11010101101",
            "output": "1709"
        },
        {
            "input": "1001010000101",
            "output": "4741"
        },
        {
            "input": "10111101100",
            "output": "1516"
        },
        {
            "input": "1100110100101",
            "output": "6565"
        },
        {
            "input": "1101000011110",
            "output": "6686"
        },
        {
            "input": "11111011010",
            "output": "2010"
        },
        {
            "input": "1000110100001",
            "output": "4513"
        },
        {
            "input": "10110011100",
            "output": "1436"
        },
        {
            "input": "1001010101100",
            "output": "4780"
        },
        {
            "input": "1111011001000",
            "output": "7880"
        },
        {
            "input": "1000000100110",
            "output": "4134"
        },
        {
            "input": "10001011110010",
            "output": "8946"
        },
        {
            "input": "1000000010111",
            "output": "4119"
        },
        {
            "input": "10000011101101",
            "output": "8429"
        },
        {
            "input": "10000011011101",
            "output": "8413"
        },
        {
            "input": "10000010101110",
            "output": "8366"
        },
        {
            "input": "1110001111100",
            "output": "7292"
        },
        {
            "input": "10010011111110",
            "output": "9470"
        },
        {
            "input": "10001111001111",
            "output": "9167"
        },
        {
            "input": "1001010110110",
            "output": "4790"
        },
        {
            "input": "1111010010010",
            "output": "7826"
        },
        {
            "input": "11000101000",
            "output": "1576"
        },
        {
            "input": "1101110011000",
            "output": "7064"
        },
        {
            "input": "10000000101100",
            "output": "8236"
        },
        {
            "input": "10100100010",
            "output": "1314"
        },
        {
            "input": "10011010101101",
            "output": "9901"
        },
        {
            "input": "1001111011011",
            "output": "5083"
        },
        {
            "input": "1110111000110",
            "output": "7622"
        },
        {
            "input": "10001111110000",
            "output": "9200"
        },
        {
            "input": "10001001100001",
            "output": "8801"
        },
        {
            "input": "111110110100",
            "output": "4020"
        },
        {
            "input": "110011101101",
            "output": "3309"
        },
        {
            "input": "1001000110101",
            "output": "4661"
        },
        {
            "input": "11111010110",
            "output": "2006"
        },
        {
            "input": "11000100011",
            "output": "1571"
        },
        {
            "input": "1100000001110",
            "output": "6158"
        },
        {
            "input": "10000000010010",
            "output": "8210"
        },
        {
            "input": "101001101011",
            "output": "2667"
        },
        {
            "input": "1100110110101",
            "output": "6581"
        },
        {
            "input": "1011010111011",
            "output": "5819"
        },
        {
            "input": "10100110000",
            "output": "1328"
        },
        {
            "input": "110101011011",
            "output": "3419"
        },
        {
            "input": "1100100100010",
            "output": "6434"
        },
        {
            "input": "1010011101110",
            "output": "5358"
        },
        {
            "input": "10001111111010",
            "output": "9210"
        },
        {
            "input": "10010111011000",
            "output": "9688"
        },
        {
            "input": "1110000000100",
            "output": "7172"
        },
        {
            "input": "1101010001011",
            "output": "6795"
        },
        {
            "input": "1101001110101",
            "output": "6773"
        },
        {
            "input": "1110000010010",
            "output": "7186"
        },
        {
            "input": "1101011100010",
            "output": "6882"
        },
        {
            "input": "10010000110",
            "output": "1158"
        },
        {
            "input": "10001010100000",
            "output": "8864"
        },
        {
            "input": "10000000010011",
            "output": "8211"
        },
        {
            "input": "10010101000101",
            "output": "9541"
        },
        {
            "input": "10011000000000",
            "output": "9728"
        },
        {
            "input": "101101101001",
            "output": "2921"
        },
        {
            "input": "111110011111",
            "output": "3999"
        },
        {
            "input": "10011001110111",
            "output": "9847"
        },
        {
            "input": "10000111010011",
            "output": "8659"
        },
        {
            "input": "10001000",
            "output": "136"
        },
        {
            "input": "11111100111",
            "output": "2023"
        },
        {
            "input": "1000111101111",
            "output": "4591"
        },
        {
            "input": "10111110",
            "output": "190"
        },
        {
            "input": "1110110001001",
            "output": "7561"
        },
        {
            "input": "10000110001000",
            "output": "8584"
        },
        {
            "input": "100001100111",
            "output": "2151"
        },
        {
            "input": "1000100110011",
            "output": "4403"
        },
        {
            "input": "111101100111",
            "output": "3943"
        },
        {
            "input": "10000101110011",
            "output": "8563"
        },
        {
            "input": "10010110101",
            "output": "1205"
        },
        {
            "input": "1101011101",
            "output": "861"
        },
        {
            "input": "10100101010",
            "output": "1322"
        },
        {
            "input": "101001010110",
            "output": "2646"
        },
        {
            "input": "10001010101001",
            "output": "8873"
        },
        {
            "input": "101111111001",
            "output": "3065"
        },
        {
            "input": "1010101001010",
            "output": "5450"
        },
        {
            "input": "1000000001100",
            "output": "4108"
        },
        {
            "input": "10010011010011",
            "output": "9427"
        },
        {
            "input": "1101010110010",
            "output": "6834"
        },
        {
            "input": "10010100000101",
            "output": "9477"
        },
        {
            "input": "1111010101011",
            "output": "7851"
        },
        {
            "input": "10010110000",
            "output": "1200"
        },
        {
            "input": "10000111100001",
            "output": "8673"
        },
        {
            "input": "101000001000",
            "output": "2568"
        },
        {
            "input": "11100101010",
            "output": "1834"
        },
        {
            "input": "101001011011",
            "output": "2651"
        },
        {
            "input": "1011011001111",
            "output": "5839"
        },
        {
            "input": "1010100010101",
            "output": "5397"
        },
        {
            "input": "1001011101",
            "output": "605"
        },
        {
            "input": "10110001010",
            "output": "1418"
        },
        {
            "input": "1001001111001",
            "output": "4729"
        },
        {
            "input": "111100001001",
            "output": "3849"
        },
        {
            "input": "111111101010",
            "output": "4074"
        },
        {
            "input": "1111010001",
            "output": "977"
        },
        {
            "input": "101100001000",
            "output": "2824"
        },
        {
            "input": "1001100001000",
            "output": "4872"
        },
        {
            "input": "1010010100111",
            "output": "5287"
        },
        {
            "input": "1011111010101",
            "output": "6101"
        },
        {
            "input": "1000110111001",
            "output": "4537"
        },
        {
            "input": "1101011100001",
            "output": "6881"
        },
        {
            "input": "110000000011",
            "output": "3075"
        },
        {
            "input": "100100000100",
            "output": "2308"
        },
        {
            "input": "10001011000001",
            "output": "8897"
        },
        {
            "input": "101001111010",
            "output": "2682"
        },
        {
            "input": "1011000000",
            "output": "704"
        },
        {
            "input": "10000100000111",
            "output": "8455"
        },
        {
            "input": "101111000001",
            "output": "3009"
        },
        {
            "input": "1111001",
            "output": "121"
        },
        {
            "input": "1111001011110",
            "output": "7774"
        },
        {
            "input": "10011010000",
            "output": "1232"
        },
        {
            "input": "1010111111110",
            "output": "5630"
        },
        {
            "input": "111110111100",
            "output": "4028"
        },
        {
            "input": "11000011",
            "output": "195"
        },
        {
            "input": "101010111010",
            "output": "2746"
        },
        {
            "input": "101011111010",
            "output": "2810"
        },
        {
            "input": "1011011011111",
            "output": "5855"
        },
        {
            "input": "110111001100",
            "output": "3532"
        },
        {
            "input": "10101000111",
            "output": "1351"
        },
        {
            "input": "10010110001101",
            "output": "9613"
        },
        {
            "input": "111101111000",
            "output": "3960"
        },
        {
            "input": "10001111010100",
            "output": "9172"
        },
        {
            "input": "1110111",
            "output": "119"
        },
        {
            "input": "10001010000111",
            "output": "8839"
        },
        {
            "input": "10010110101110",
            "output": "9646"
        },
        {
            "input": "111010101110",
            "output": "3758"
        },
        {
            "input": "101010000",
            "output": "336"
        },
        {
            "input": "111101001011",
            "output": "3915"
        },
        {
            "input": "111011111110",
            "output": "3838"
        },
        {
            "input": "1011010111001",
            "output": "5817"
        },
        {
            "input": "10001011000000",
            "output": "8896"
        },
        {
            "input": "1111111010001",
            "output": "8145"
        },
        {
            "input": "11100011",
            "output": "227"
        },
        {
            "input": "10000110001010",
            "output": "8586"
        },
        {
            "input": "1000001101110",
            "output": "4206"
        },
        {
            "input": "10101000011",
            "output": "1347"
        },
        {
            "input": "10000111111000",
            "output": "8696"
        },
        {
            "input": "1011101110110",
            "output": "6006"
        },
        {
            "input": "10010001001001",
            "output": "9289"
        },
        {
            "input": "1111100001110",
            "output": "7950"
        },
        {
            "input": "1001100110111",
            "output": "4919"
        },
        {
            "input": "10001110111010",
            "output": "9146"
        },
        {
            "input": "1111011011010",
            "output": "7898"
        },
        {
            "input": "111111001111",
            "output": "4047"
        },
        {
            "input": "1000000101101",
            "output": "4141"
        },
        {
            "input": "1011100000101",
            "output": "5893"
        },
        {
            "input": "1101110111001",
            "output": "7097"
        },
        {
            "input": "1011100011001",
            "output": "5913"
        },
        {
            "input": "10010010100",
            "output": "1172"
        },
        {
            "input": "1010010001110",
            "output": "5262"
        },
        {
            "input": "1011111001110",
            "output": "6094"
        },
        {
            "input": "10011000100111",
            "output": "9767"
        },
        {
            "input": "11100001010",
            "output": "1802"
        },
        {
            "input": "110010010101",
            "output": "3221"
        },
        {
            "input": "111001001001",
            "output": "3657"
        },
        {
            "input": "111011101110",
            "output": "3822"
        },
        {
            "input": "111011100100",
            "output": "3812"
        },
        {
            "input": "1110001111011",
            "output": "7291"
        },
        {
            "input": "1010011011100",
            "output": "5340"
        },
        {
            "input": "1000101010011",
            "output": "4435"
        },
        {
            "input": "10001010111111",
            "output": "8895"
        },
        {
            "input": "1010010000101",
            "output": "5253"
        },
        {
            "input": "11110101011",
            "output": "1963"
        },
        {
            "input": "10010001101000",
            "output": "9320"
        },
        {
            "input": "11101100000",
            "output": "1888"
        },
        {
            "input": "110000010101",
            "output": "3093"
        },
        {
            "input": "111101100",
            "output": "492"
        },
        {
            "input": "10011100000111",
            "output": "9991"
        },
        {
            "input": "10011010001001",
            "output": "9865"
        },
        {
            "input": "100011010110",
            "output": "2262"
        },
        {
            "input": "1101000101110",
            "output": "6702"
        },
        {
            "input": "10000100111101",
            "output": "8509"
        },
        {
            "input": "10001011101011",
            "output": "8939"
        },
        {
            "input": "100000000000",
            "output": "2048"
        },
        {
            "input": "1011000010001",
            "output": "5649"
        },
        {
            "input": "111010001011",
            "output": "3723"
        },
        {
            "input": "11111001101",
            "output": "1997"
        },
        {
            "input": "1000100001010",
            "output": "4362"
        },
        {
            "input": "10011001100001",
            "output": "9825"
        },
        {
            "input": "110110010001",
            "output": "3473"
        },
        {
            "input": "10001110011100",
            "output": "9116"
        },
        {
            "input": "10011000011100",
            "output": "9756"
        },
        {
            "input": "1100011100110",
            "output": "6374"
        },
        {
            "input": "1101111000110",
            "output": "7110"
        },
        {
            "input": "1110010011111",
            "output": "7327"
        },
        {
            "input": "111111100000",
            "output": "4064"
        },
        {
            "input": "10010000101100",
            "output": "9260"
        },
        {
            "input": "10111011",
            "output": "187"
        },
        {
            "input": "1101111100111",
            "output": "7143"
        },
        {
            "input": "110101111010",
            "output": "3450"
        },
        {
            "input": "110010000",
            "output": "400"
        },
        {
            "input": "1111011111000",
            "output": "7928"
        },
        {
            "input": "100100101101",
            "output": "2349"
        },
        {
            "input": "101000101001",
            "output": "2601"
        },
        {
            "input": "1010000100",
            "output": "644"
        },
        {
            "input": "111100010110",
            "output": "3862"
        },
        {
            "input": "111110110111",
            "output": "4023"
        },
        {
            "input": "101000010010",
            "output": "2578"
        },
        {
            "input": "10001000011011",
            "output": "8731"
        },
        {
            "input": "10001111011011",
            "output": "9179"
        },
        {
            "input": "111111",
            "output": "63"
        },
        {
            "input": "1000101110111",
            "output": "4471"
        },
        {
            "input": "1010111001000",
            "output": "5576"
        },
        {
            "input": "110111011011",
            "output": "3547"
        },
        {
            "input": "101110001000",
            "output": "2952"
        },
        {
            "input": "1001110011011",
            "output": "5019"
        },
        {
            "input": "100010010000",
            "output": "2192"
        },
        {
            "input": "1011110000",
            "output": "752"
        },
        {
            "input": "10010011001101",
            "output": "9421"
        },
        {
            "input": "10010011001011",
            "output": "9419"
        },
        {
            "input": "110011",
            "output": "51"
        },
        {
            "input": "1010000011000",
            "output": "5144"
        },
        {
            "input": "1010010101010",
            "output": "5290"
        },
        {
            "input": "100111000011",
            "output": "2499"
        },
        {
            "input": "1010001100010",
            "output": "5218"
        },
        {
            "input": "11101101101",
            "output": "1901"
        },
        {
            "input": "111011100110",
            "output": "3814"
        },
        {
            "input": "1000001010001",
            "output": "4177"
        },
        {
            "input": "1101010110",
            "output": "854"
        },
        {
            "input": "10101101101",
            "output": "1389"
        },
        {
            "input": "10010000110010",
            "output": "9266"
        },
        {
            "input": "10010000001110",
            "output": "9230"
        },
        {
            "input": "1111100010101",
            "output": "7957"
        },
        {
            "input": "10011011101001",
            "output": "9961"
        },
        {
            "input": "1101001101011",
            "output": "6763"
        },
        {
            "input": "1111011010101",
            "output": "7893"
        },
        {
            "input": "10000110001101",
            "output": "8589"
        },
        {
            "input": "10000100000000",
            "output": "8448"
        },
        {
            "input": "1010110000010",
            "output": "5506"
        },
        {
            "input": "1011001100001",
            "output": "5729"
        },
        {
            "input": "11010010001",
            "output": "1681"
        },
        {
            "input": "11000100010",
            "output": "1570"
        },
        {
            "input": "10100001100",
            "output": "1292"
        },
        {
            "input": "1000001001",
            "output": "521"
        },
        {
            "input": "10010010101000",
            "output": "9384"
        },
        {
            "input": "1011001111000",
            "output": "5752"
        },
        {
            "input": "101100101011",
            "output": "2859"
        },
        {
            "input": "100011110101",
            "output": "2293"
        },
        {
            "input": "101111001110",
            "output": "3022"
        },
        {
            "input": "10001110010",
            "output": "1138"
        },
        {
            "input": "111000000011",
            "output": "3587"
        },
        {
            "input": "1010010000000",
            "output": "5248"
        },
        {
            "input": "1100010101101",
            "output": "6317"
        },
        {
            "input": "110111100001",
            "output": "3553"
        },
        {
            "input": "10110010101",
            "output": "1429"
        },
        {
            "input": "10110101001",
            "output": "1449"
        },
        {
            "input": "111011101001",
            "output": "3817"
        },
        {
            "input": "1110001110111",
            "output": "7287"
        },
        {
            "input": "1011101010001",
            "output": "5969"
        },
        {
            "input": "1100100000000",
            "output": "6400"
        },
        {
            "input": "101001000111",
            "output": "2631"
        },
        {
            "input": "1110011101100",
            "output": "7404"
        },
        {
            "input": "10000110101011",
            "output": "8619"
        },
        {
            "input": "1101111100101",
            "output": "7141"
        },
        {
            "input": "100100011111",
            "output": "2335"
        },
        {
            "input": "1011111111110",
            "output": "6142"
        },
        {
            "input": "1111011011011",
            "output": "7899"
        },
        {
            "input": "100001101111",
            "output": "2159"
        },
        {
            "input": "10010101111111",
            "output": "9599"
        },
        {
            "input": "100110010",
            "output": "306"
        },
        {
            "input": "1010110010111",
            "output": "5527"
        },
        {
            "input": "1011000110011",
            "output": "5683"
        },
        {
            "input": "101100101000",
            "output": "2856"
        },
        {
            "input": "10000000101110",
            "output": "8238"
        },
        {
            "input": "1010110101",
            "output": "693"
        },
        {
            "input": "1101100101001",
            "output": "6953"
        },
        {
            "input": "1010001110100",
            "output": "5236"
        },
        {
            "input": "10010001110111",
            "output": "9335"
        },
        {
            "input": "1011000111",
            "output": "711"
        },
        {
            "input": "1111111000110",
            "output": "8134"
        },
        {
            "input": "100100011000",
            "output": "2328"
        },
        {
            "input": "1100011011000",
            "output": "6360"
        },
        {
            "input": "1011110101010",
            "output": "6058"
        },
        {
            "input": "1001111100010",
            "output": "5090"
        },
        {
            "input": "11100010011",
            "output": "1811"
        },
        {
            "input": "1111111100100",
            "output": "8164"
        },
        {
            "input": "1000110010101",
            "output": "4501"
        },
        {
            "input": "10001111101111",
            "output": "9199"
        },
        {
            "input": "11100001101",
            "output": "1805"
        },
        {
            "input": "10000010101010",
            "output": "8362"
        },
        {
            "input": "1110001110",
            "output": "910"
        },
        {
            "input": "11011010110",
            "output": "1750"
        },
        {
            "input": "101000000010",
            "output": "2562"
        },
        {
            "input": "110001010",
            "output": "394"
        },
        {
            "input": "10001101010110",
            "output": "9046"
        },
        {
            "input": "10010110110",
            "output": "1206"
        },
        {
            "input": "100010011010",
            "output": "2202"
        },
        {
            "input": "111111111100",
            "output": "4092"
        },
        {
            "input": "1000000100",
            "output": "516"
        },
        {
            "input": "1000100111001",
            "output": "4409"
        }
    ]
}