{
    "id": "check_for_palindrome",
    "title": "Check for Palindrome",
    "description": "A palindrome is a word, phrase, number, or other sequence of characters that reads the same forward and backward. In this problem, you are given a string `S`. Your task is to determine whether this string is a palindrome. The comparison should be case-insensitive, meaning 'Racecar' and 'racecar' are considered the same. You need to verify if the reversed string matches the original string while ignoring text case.",
    "input_format": "A single string S.",
    "output_format": "The output should be a single line containing the string 'Palindrome' if the input string `S` is a palindrome, or 'Not a Palindrome' if it is not. Ensure the output matches these strings exactly, including capitalization.",
    "constraints": {
        "S": "1 <= length(S) <= 1000"
    },
    "judge_mode": "FIRST_FAIL",
    "time_limit": 1,
    "sample_test_cases": [
        {
            "input": "madam",
            "output": "Palindrome"
        },
        {
            "input": "hello",
            "output": "Not a Palindrome"
        }
    ],
    "hidden_test_cases": [
        {
            "input": "dddddd",
            "output": "Palindrome"
        },
        {
            "input": "baafccf",
            "output": "Not a Palindrome"
        },
        {
            "input": "fdd",
            "output": "Not a Palindrome"
        },
        {
            "input": "ddfcdafbaabfadcfdd",
            "output": "Palindrome"
        },
        {
            "input": "bdbbbda",
            "output": "Not a Palindrome"
        },
        {
            "input": "edee",
            "output": "Not a Palindrome"
        },
        {
            "input": "eebecf",
            "output": "Not a Palindrome"
        },
        {
            "input": "dfdbbf",
            "output": "Not a Palindrome"
        },
        {
            "input": "ccbfaaccbf",
            "output": "Not a Palindrome"
        },
        {
            "input": "aeccea",
            "output": "Palindrome"
        },
        {
            "input": "cabbdeceecedbbac",
            "output": "Palindrome"
        },
        {
            "input": "faeccbabaababcceaf",
            "output": "Palindrome"
        },
        {
            "input": "cdca",
            "output": "Not a Palindrome"
        },
        {
            "input": "fcedffafbaabfaffdecf",
            "output": "Palindrome"
        },
        {
            "input": "edebcacfaafcacbede",
            "output": "Palindrome"
        },
        {
            "input": "aaefcffcfeaa",
            "output": "Palindrome"
        },
        {
            "input": "badfef",
            "output": "Not a Palindrome"
        },
        {
            "input": "cfebbeccffccebbefc",
            "output": "Palindrome"
        },
        {
            "input": "cabccfbde",
            "output": "Not a Palindrome"
        },
        {
            "input": "ddcbefcfddfcfebcdd",
            "output": "Palindrome"
        },
        {
            "input": "beadccdaeb",
            "output": "Palindrome"
        },
        {
            "input": "efbfadccba",
            "output": "Not a Palindrome"
        },
        {
            "input": "faefbee",
            "output": "Not a Palindrome"
        },
        {
            "input": "badcdf",
            "output": "Not a Palindrome"
        },
        {
            "input": "fcebcce",
            "output": "Not a Palindrome"
        },
        {
            "input": "aff",
            "output": "Not a Palindrome"
        },
        {
            "input": "aebdcebd",
            "output": "Not a Palindrome"
        },
        {
            "input": "bdebeeea",
            "output": "Not a Palindrome"
        },
        {
            "input": "ebaf",
            "output": "Not a Palindrome"
        },
        {
            "input": "fcddbaddabddcf",
            "output": "Palindrome"
        },
        {
            "input": "ffebccbeff",
            "output": "Palindrome"
        },
        {
            "input": "eea",
            "output": "Not a Palindrome"
        },
        {
            "input": "ddedfae",
            "output": "Not a Palindrome"
        },
        {
            "input": "cefceecfec",
            "output": "Palindrome"
        },
        {
            "input": "ffbccbff",
            "output": "Palindrome"
        },
        {
            "input": "bcedddebeb",
            "output": "Not a Palindrome"
        },
        {
            "input": "bfeedccdeefb",
            "output": "Palindrome"
        },
        {
            "input": "dcacacf",
            "output": "Not a Palindrome"
        },
        {
            "input": "fddebaeddeabeddf",
            "output": "Palindrome"
        },
        {
            "input": "dfdeedfd",
            "output": "Palindrome"
        },
        {
            "input": "bdccdb",
            "output": "Palindrome"
        },
        {
            "input": "eeeafde",
            "output": "Not a Palindrome"
        },
        {
            "input": "faffaaffaf",
            "output": "Palindrome"
        },
        {
            "input": "edbf",
            "output": "Not a Palindrome"
        },
        {
            "input": "eadbdfaddafdbdae",
            "output": "Palindrome"
        },
        {
            "input": "cfffddfddfddfffc",
            "output": "Palindrome"
        },
        {
            "input": "eba",
            "output": "Not a Palindrome"
        },
        {
            "input": "bdfcfdefbd",
            "output": "Not a Palindrome"
        },
        {
            "input": "ccfcfaed",
            "output": "Not a Palindrome"
        },
        {
            "input": "afbdabccfd",
            "output": "Not a Palindrome"
        },
        {
            "input": "adddfbf",
            "output": "Not a Palindrome"
        },
        {
            "input": "ebbbbe",
            "output": "Palindrome"
        },
        {
            "input": "fcec",
            "output": "Not a Palindrome"
        },
        {
            "input": "beaedbcdccdcbdeaeb",
            "output": "Palindrome"
        },
        {
            "input": "dafaabbaafad",
            "output": "Palindrome"
        },
        {
            "input": "fbfcefe",
            "output": "Not a Palindrome"
        },
        {
            "input": "afddfa",
            "output": "Palindrome"
        },
        {
            "input": "cdcefa",
            "output": "Not a Palindrome"
        },
        {
            "input": "ebedfeebad",
            "output": "Not a Palindrome"
        },
        {
            "input": "aeb",
            "output": "Not a Palindrome"
        },
        {
            "input": "abbaabba",
            "output": "Palindrome"
        },
        {
            "input": "defbbbbfed",
            "output": "Palindrome"
        },
        {
            "input": "aedaadea",
            "output": "Palindrome"
        },
        {
            "input": "ffdabfee",
            "output": "Not a Palindrome"
        },
        {
            "input": "bbaffabb",
            "output": "Palindrome"
        },
        {
            "input": "cbe",
            "output": "Not a Palindrome"
        },
        {
            "input": "edcacadade",
            "output": "Not a Palindrome"
        },
        {
            "input": "afadecffcedafa",
            "output": "Palindrome"
        },
        {
            "input": "addbcaff",
            "output": "Not a Palindrome"
        },
        {
            "input": "edaddbdee",
            "output": "Not a Palindrome"
        },
        {
            "input": "edea",
            "output": "Not a Palindrome"
        },
        {
            "input": "cfafddfafc",
            "output": "Palindrome"
        },
        {
            "input": "fcdaadcf",
            "output": "Palindrome"
        },
        {
            "input": "eacebeaeba",
            "output": "Not a Palindrome"
        },
        {
            "input": "eeedebcddcbedeee",
            "output": "Palindrome"
        },
        {
            "input": "aedafceaffaecfadea",
            "output": "Palindrome"
        },
        {
            "input": "fadeccedaf",
            "output": "Palindrome"
        },
        {
            "input": "ffbdcafd",
            "output": "Not a Palindrome"
        },
        {
            "input": "dada",
            "output": "Not a Palindrome"
        },
        {
            "input": "beebadbdccdbdabeeb",
            "output": "Palindrome"
        },
        {
            "input": "febfbabbabfbef",
            "output": "Palindrome"
        },
        {
            "input": "dbaaaabd",
            "output": "Palindrome"
        },
        {
            "input": "fcdabccfdd",
            "output": "Not a Palindrome"
        },
        {
            "input": "aeaaea",
            "output": "Palindrome"
        },
        {
            "input": "bbfbaaebccbeaabfbb",
            "output": "Palindrome"
        },
        {
            "input": "aeecdebbf",
            "output": "Not a Palindrome"
        },
        {
            "input": "ebfffdfbcd",
            "output": "Not a Palindrome"
        },
        {
            "input": "aefdcefd",
            "output": "Not a Palindrome"
        },
        {
            "input": "eef",
            "output": "Not a Palindrome"
        },
        {
            "input": "eeaaddabaabaddaaee",
            "output": "Palindrome"
        },
        {
            "input": "accfbccbfcca",
            "output": "Palindrome"
        },
        {
            "input": "afefeaf",
            "output": "Not a Palindrome"
        },
        {
            "input": "fbedffffdebf",
            "output": "Palindrome"
        },
        {
            "input": "caebcabbacbeac",
            "output": "Palindrome"
        },
        {
            "input": "dfa",
            "output": "Not a Palindrome"
        },
        {
            "input": "cbfe",
            "output": "Not a Palindrome"
        },
        {
            "input": "faffeebd",
            "output": "Not a Palindrome"
        },
        {
            "input": "bfbe",
            "output": "Not a Palindrome"
        },
        {
            "input": "efea",
            "output": "Not a Palindrome"
        },
        {
            "input": "fedaadef",
            "output": "Palindrome"
        },
        {
            "input": "beaaeb",
            "output": "Palindrome"
        },
        {
            "input": "aeabcbecffcebcbaea",
            "output": "Palindrome"
        },
        {
            "input": "bcbdfcfd",
            "output": "Not a Palindrome"
        },
        {
            "input": "abccba",
            "output": "Palindrome"
        },
        {
            "input": "eafdcee",
            "output": "Not a Palindrome"
        },
        {
            "input": "bfeefb",
            "output": "Palindrome"
        },
        {
            "input": "edadfbbeebbfdade",
            "output": "Palindrome"
        },
        {
            "input": "bbddbb",
            "output": "Palindrome"
        },
        {
            "input": "ddfaafdd",
            "output": "Palindrome"
        },
        {
            "input": "feccea",
            "output": "Not a Palindrome"
        },
        {
            "input": "ceeeec",
            "output": "Palindrome"
        },
        {
            "input": "ffef",
            "output": "Not a Palindrome"
        },
        {
            "input": "cfcabbacfc",
            "output": "Palindrome"
        },
        {
            "input": "ecfaeddeafce",
            "output": "Palindrome"
        },
        {
            "input": "cddeecaaea",
            "output": "Not a Palindrome"
        },
        {
            "input": "bddddb",
            "output": "Palindrome"
        },
        {
            "input": "cabfefbbfefbac",
            "output": "Palindrome"
        },
        {
            "input": "bbbddce",
            "output": "Not a Palindrome"
        },
        {
            "input": "cddeccaceecacceddc",
            "output": "Palindrome"
        },
        {
            "input": "cebdedcbca",
            "output": "Not a Palindrome"
        },
        {
            "input": "bbbddeaddddaeddbbb",
            "output": "Palindrome"
        },
        {
            "input": "dfecdffdcefd",
            "output": "Palindrome"
        },
        {
            "input": "cddceddef",
            "output": "Not a Palindrome"
        },
        {
            "input": "bdbe",
            "output": "Not a Palindrome"
        },
        {
            "input": "fbbdcdacad",
            "output": "Not a Palindrome"
        },
        {
            "input": "cbedabe",
            "output": "Not a Palindrome"
        },
        {
            "input": "fedbcffabbbbaffcbdef",
            "output": "Palindrome"
        },
        {
            "input": "cee",
            "output": "Not a Palindrome"
        },
        {
            "input": "ddeedfbb",
            "output": "Not a Palindrome"
        },
        {
            "input": "aaaedccccdeaaa",
            "output": "Palindrome"
        },
        {
            "input": "fedabbdaebbeadbbadef",
            "output": "Palindrome"
        },
        {
            "input": "bcfbcbcf",
            "output": "Not a Palindrome"
        },
        {
            "input": "edeede",
            "output": "Palindrome"
        },
        {
            "input": "fbcdfbeea",
            "output": "Not a Palindrome"
        },
        {
            "input": "fddeddeddf",
            "output": "Palindrome"
        },
        {
            "input": "eadccbeeeebccdae",
            "output": "Palindrome"
        },
        {
            "input": "bfaddafb",
            "output": "Palindrome"
        },
        {
            "input": "cdcfdacba",
            "output": "Not a Palindrome"
        },
        {
            "input": "ffcaacff",
            "output": "Palindrome"
        },
        {
            "input": "dcfccfcd",
            "output": "Palindrome"
        },
        {
            "input": "eeedfdaddaaddadfdeee",
            "output": "Palindrome"
        },
        {
            "input": "cfe",
            "output": "Not a Palindrome"
        },
        {
            "input": "ecd",
            "output": "Not a Palindrome"
        },
        {
            "input": "bafbbdcffcdbbfab",
            "output": "Palindrome"
        },
        {
            "input": "ecfba",
            "output": "Not a Palindrome"
        },
        {
            "input": "bcccbc",
            "output": "Not a Palindrome"
        },
        {
            "input": "acbf",
            "output": "Not a Palindrome"
        },
        {
            "input": "cfcebbffbbecfc",
            "output": "Palindrome"
        },
        {
            "input": "dfaed",
            "output": "Not a Palindrome"
        },
        {
            "input": "babfdbeae",
            "output": "Not a Palindrome"
        },
        {
            "input": "abfdb",
            "output": "Not a Palindrome"
        },
        {
            "input": "bdedffeeffdedb",
            "output": "Palindrome"
        },
        {
            "input": "ffddff",
            "output": "Palindrome"
        },
        {
            "input": "bdfbfbeadffdaebfbfdb",
            "output": "Palindrome"
        },
        {
            "input": "ceaffecbdffdbceffaec",
            "output": "Palindrome"
        },
        {
            "input": "cacfabaabafcac",
            "output": "Palindrome"
        },
        {
            "input": "cbceddacdaadcaddecbc",
            "output": "Palindrome"
        },
        {
            "input": "babffffbab",
            "output": "Palindrome"
        },
        {
            "input": "eeafcacca",
            "output": "Not a Palindrome"
        },
        {
            "input": "ceacddeeddcaec",
            "output": "Palindrome"
        },
        {
            "input": "cffee",
            "output": "Not a Palindrome"
        },
        {
            "input": "baba",
            "output": "Not a Palindrome"
        },
        {
            "input": "fccbddbccf",
            "output": "Palindrome"
        },
        {
            "input": "ccdbfdccdfbdcc",
            "output": "Palindrome"
        },
        {
            "input": "dcfacdeedcafcd",
            "output": "Palindrome"
        },
        {
            "input": "dafeefad",
            "output": "Palindrome"
        },
        {
            "input": "aaaecadef",
            "output": "Not a Palindrome"
        },
        {
            "input": "dcfaafcd",
            "output": "Palindrome"
        },
        {
            "input": "ebbdaddadbbe",
            "output": "Palindrome"
        },
        {
            "input": "edfceecfde",
            "output": "Palindrome"
        },
        {
            "input": "ccdffdcc",
            "output": "Palindrome"
        },
        {
            "input": "adaaafbbfaaada",
            "output": "Palindrome"
        },
        {
            "input": "bbcffbddbbbbddbffcbb",
            "output": "Palindrome"
        },
        {
            "input": "ffdceefff",
            "output": "Not a Palindrome"
        },
        {
            "input": "aebcdcdea",
            "output": "Not a Palindrome"
        },
        {
            "input": "cefbffbfec",
            "output": "Palindrome"
        },
        {
            "input": "bfcbc",
            "output": "Not a Palindrome"
        },
        {
            "input": "accbeeafac",
            "output": "Not a Palindrome"
        },
        {
            "input": "fbcbbcbf",
            "output": "Palindrome"
        },
        {
            "input": "fccdabdbd",
            "output": "Not a Palindrome"
        },
        {
            "input": "cabdeae",
            "output": "Not a Palindrome"
        },
        {
            "input": "bfbdffdbfb",
            "output": "Palindrome"
        },
        {
            "input": "ebdddac",
            "output": "Not a Palindrome"
        },
        {
            "input": "caeeac",
            "output": "Palindrome"
        },
        {
            "input": "bccccb",
            "output": "Palindrome"
        },
        {
            "input": "efdaffecfa",
            "output": "Not a Palindrome"
        },
        {
            "input": "fcdaedffdeadcf",
            "output": "Palindrome"
        },
        {
            "input": "bdcffeaffffaeffcdb",
            "output": "Palindrome"
        },
        {
            "input": "cdddfb",
            "output": "Not a Palindrome"
        },
        {
            "input": "debadb",
            "output": "Not a Palindrome"
        },
        {
            "input": "ccacaacacc",
            "output": "Palindrome"
        },
        {
            "input": "fcbcaacbcf",
            "output": "Palindrome"
        },
        {
            "input": "bbdbeddebdbb",
            "output": "Palindrome"
        },
        {
            "input": "aeec",
            "output": "Not a Palindrome"
        },
        {
            "input": "bebbffab",
            "output": "Not a Palindrome"
        },
        {
            "input": "bfecfeeaaeefcefb",
            "output": "Palindrome"
        },
        {
            "input": "adecfbceecbfceda",
            "output": "Palindrome"
        },
        {
            "input": "cfaadabbadaafc",
            "output": "Palindrome"
        },
        {
            "input": "fffadadccdadafff",
            "output": "Palindrome"
        },
        {
            "input": "abfdfefd",
            "output": "Not a Palindrome"
        },
        {
            "input": "feeddcbbcddeef",
            "output": "Palindrome"
        },
        {
            "input": "eeeecfc",
            "output": "Not a Palindrome"
        },
        {
            "input": "cdedbeccebdedc",
            "output": "Palindrome"
        },
        {
            "input": "cefccfec",
            "output": "Palindrome"
        },
        {
            "input": "bfafaceeaaeecafafb",
            "output": "Palindrome"
        },
        {
            "input": "aee",
            "output": "Not a Palindrome"
        },
        {
            "input": "acfabcde",
            "output": "Not a Palindrome"
        },
        {
            "input": "dbefbfaaaafbfebd",
            "output": "Palindrome"
        },
        {
            "input": "ddbadaff",
            "output": "Not a Palindrome"
        },
        {
            "input": "ddbeacbcffcbcaebdd",
            "output": "Palindrome"
        },
        {
            "input": "fcbcce",
            "output": "Not a Palindrome"
        },
        {
            "input": "bdffca",
            "output": "Not a Palindrome"
        },
        {
            "input": "dcbccbcd",
            "output": "Palindrome"
        },
        {
            "input": "dccdddafbddbfadddccd",
            "output": "Palindrome"
        },
        {
            "input": "abfbfafb",
            "output": "Not a Palindrome"
        },
        {
            "input": "aeedea",
            "output": "Not a Palindrome"
        },
        {
            "input": "cedfbacae",
            "output": "Not a Palindrome"
        },
        {
            "input": "ebffebbeffbe",
            "output": "Palindrome"
        },
        {
            "input": "dffcdaeced",
            "output": "Not a Palindrome"
        },
        {
            "input": "aabebb",
            "output": "Not a Palindrome"
        },
        {
            "input": "bbddfdcdffdcdfddbb",
            "output": "Palindrome"
        },
        {
            "input": "bdadafe",
            "output": "Not a Palindrome"
        },
        {
            "input": "afeccd",
            "output": "Not a Palindrome"
        },
        {
            "input": "abf",
            "output": "Not a Palindrome"
        },
        {
            "input": "ccaeeb",
            "output": "Not a Palindrome"
        },
        {
            "input": "dcccdccdcccd",
            "output": "Palindrome"
        },
        {
            "input": "bedb",
            "output": "Not a Palindrome"
        },
        {
            "input": "ffba",
            "output": "Not a Palindrome"
        },
        {
            "input": "ccffcc",
            "output": "Palindrome"
        },
        {
            "input": "accdcbeecceebcdcca",
            "output": "Palindrome"
        },
        {
            "input": "cffffc",
            "output": "Palindrome"
        },
        {
            "input": "cacbb",
            "output": "Not a Palindrome"
        },
        {
            "input": "afbbfa",
            "output": "Palindrome"
        },
        {
            "input": "dafdcec",
            "output": "Not a Palindrome"
        },
        {
            "input": "fffdbffbdfff",
            "output": "Palindrome"
        },
        {
            "input": "efb",
            "output": "Not a Palindrome"
        },
        {
            "input": "cced",
            "output": "Not a Palindrome"
        },
        {
            "input": "cbb",
            "output": "Not a Palindrome"
        },
        {
            "input": "bbaccabb",
            "output": "Palindrome"
        },
        {
            "input": "decccced",
            "output": "Palindrome"
        },
        {
            "input": "dffaaebcf",
            "output": "Not a Palindrome"
        },
        {
            "input": "eaabeaafcd",
            "output": "Not a Palindrome"
        },
        {
            "input": "bfcfcdaddadcfcfb",
            "output": "Palindrome"
        },
        {
            "input": "cafaff",
            "output": "Not a Palindrome"
        },
        {
            "input": "aaeb",
            "output": "Not a Palindrome"
        },
        {
            "input": "deee",
            "output": "Not a Palindrome"
        },
        {
            "input": "ddfaeccffccffcceafdd",
            "output": "Palindrome"
        },
        {
            "input": "dfaaaccefccfeccaaafd",
            "output": "Palindrome"
        },
        {
            "input": "caddac",
            "output": "Palindrome"
        },
        {
            "input": "dba",
            "output": "Not a Palindrome"
        },
        {
            "input": "aaebcbccbcbeaa",
            "output": "Palindrome"
        },
        {
            "input": "addfcfbfd",
            "output": "Not a Palindrome"
        },
        {
            "input": "abbedcdbbdcdebba",
            "output": "Palindrome"
        },
        {
            "input": "eac",
            "output": "Not a Palindrome"
        },
        {
            "input": "acfacbcce",
            "output": "Not a Palindrome"
        },
        {
            "input": "dce",
            "output": "Not a Palindrome"
        },
        {
            "input": "daf",
            "output": "Not a Palindrome"
        },
        {
            "input": "badcef",
            "output": "Not a Palindrome"
        },
        {
            "input": "cacdcdafcc",
            "output": "Not a Palindrome"
        },
        {
            "input": "fbdaaaadbf",
            "output": "Palindrome"
        },
        {
            "input": "bafddffffddfab",
            "output": "Palindrome"
        },
        {
            "input": "aace",
            "output": "Not a Palindrome"
        },
        {
            "input": "bedadfa",
            "output": "Not a Palindrome"
        },
        {
            "input": "fabe",
            "output": "Not a Palindrome"
        },
        {
            "input": "fdacac",
            "output": "Not a Palindrome"
        },
        {
            "input": "bbaeaed",
            "output": "Not a Palindrome"
        },
        {
            "input": "caaeaaeeaaeaac",
            "output": "Palindrome"
        },
        {
            "input": "eebdfdca",
            "output": "Not a Palindrome"
        },
        {
            "input": "acccca",
            "output": "Palindrome"
        },
        {
            "input": "bffaafacdffdcafaaffb",
            "output": "Palindrome"
        },
        {
            "input": "fccfc",
            "output": "Not a Palindrome"
        },
        {
            "input": "eeddee",
            "output": "Palindrome"
        },
        {
            "input": "cadbdfeeeefdbdac",
            "output": "Palindrome"
        },
        {
            "input": "dbda",
            "output": "Not a Palindrome"
        },
        {
            "input": "aebbfceecfbbea",
            "output": "Palindrome"
        },
        {
            "input": "dadbbe",
            "output": "Not a Palindrome"
        },
        {
            "input": "fadabce",
            "output": "Not a Palindrome"
        },
        {
            "input": "ccbfdaba",
            "output": "Not a Palindrome"
        },
        {
            "input": "fdfa",
            "output": "Not a Palindrome"
        },
        {
            "input": "ddfdaceb",
            "output": "Not a Palindrome"
        },
        {
            "input": "aafaafaa",
            "output": "Palindrome"
        },
        {
            "input": "ecafebfddfbeface",
            "output": "Palindrome"
        },
        {
            "input": "efaefb",
            "output": "Not a Palindrome"
        },
        {
            "input": "edce",
            "output": "Not a Palindrome"
        },
        {
            "input": "dbacf",
            "output": "Not a Palindrome"
        },
        {
            "input": "afabaffabafa",
            "output": "Palindrome"
        },
        {
            "input": "ffccff",
            "output": "Palindrome"
        },
        {
            "input": "aaabbaaa",
            "output": "Palindrome"
        },
        {
            "input": "fda",
            "output": "Not a Palindrome"
        },
        {
            "input": "cacfebaabefcac",
            "output": "Palindrome"
        },
        {
            "input": "ccf",
            "output": "Not a Palindrome"
        },
        {
            "input": "fdacfcaaddaacfcadf",
            "output": "Palindrome"
        },
        {
            "input": "adaededac",
            "output": "Not a Palindrome"
        },
        {
            "input": "cbfddcc",
            "output": "Not a Palindrome"
        },
        {
            "input": "debfc",
            "output": "Not a Palindrome"
        },
        {
            "input": "dabccddccbad",
            "output": "Palindrome"
        },
        {
            "input": "fbdaecceecceadbf",
            "output": "Palindrome"
        },
        {
            "input": "fdeffedf",
            "output": "Palindrome"
        },
        {
            "input": "dbbddbadffdabddbbd",
            "output": "Palindrome"
        },
        {
            "input": "eccde",
            "output": "Not a Palindrome"
        },
        {
            "input": "cdecca",
            "output": "Not a Palindrome"
        },
        {
            "input": "ebfbf",
            "output": "Not a Palindrome"
        },
        {
            "input": "cbbbcbcddcbcbbbc",
            "output": "Palindrome"
        },
        {
            "input": "fcebbbbbbbbbbecf",
            "output": "Palindrome"
        },
        {
            "input": "ffaceebbeecaff",
            "output": "Palindrome"
        },
        {
            "input": "eebcccddccddcccbee",
            "output": "Palindrome"
        },
        {
            "input": "acbfaeeafbca",
            "output": "Palindrome"
        },
        {
            "input": "affef",
            "output": "Not a Palindrome"
        },
        {
            "input": "ceb",
            "output": "Not a Palindrome"
        },
        {
            "input": "efec",
            "output": "Not a Palindrome"
        },
        {
            "input": "ebaabdce",
            "output": "Not a Palindrome"
        },
        {
            "input": "fdbaeabacffcabaeabdf",
            "output": "Palindrome"
        },
        {
            "input": "fadabdfcddcfdbadaf",
            "output": "Palindrome"
        },
        {
            "input": "fdfaafdf",
            "output": "Palindrome"
        },
        {
            "input": "dfedbc",
            "output": "Not a Palindrome"
        },
        {
            "input": "dbdcabbcbf",
            "output": "Not a Palindrome"
        },
        {
            "input": "fefaceaccaecafef",
            "output": "Palindrome"
        },
        {
            "input": "ecaafabbafaace",
            "output": "Palindrome"
        },
        {
            "input": "cbadeedabc",
            "output": "Palindrome"
        },
        {
            "input": "aaffaaffaa",
            "output": "Palindrome"
        },
        {
            "input": "eddec",
            "output": "Not a Palindrome"
        },
        {
            "input": "eacebce",
            "output": "Not a Palindrome"
        },
        {
            "input": "fccefd",
            "output": "Not a Palindrome"
        },
        {
            "input": "fdcdbbed",
            "output": "Not a Palindrome"
        },
        {
            "input": "ebcffddcfbbfcddffcbe",
            "output": "Palindrome"
        },
        {
            "input": "baebdcebbecdbeab",
            "output": "Palindrome"
        },
        {
            "input": "acdbfeccefbdca",
            "output": "Palindrome"
        },
        {
            "input": "dca",
            "output": "Not a Palindrome"
        },
        {
            "input": "eefdfaafdfee",
            "output": "Palindrome"
        },
        {
            "input": "aecfecddcefcea",
            "output": "Palindrome"
        },
        {
            "input": "aae",
            "output": "Not a Palindrome"
        },
        {
            "input": "dbdcea",
            "output": "Not a Palindrome"
        },
        {
            "input": "eceddaded",
            "output": "Not a Palindrome"
        },
        {
            "input": "afebfbdccdbfbefa",
            "output": "Palindrome"
        },
        {
            "input": "beddadaaddaadaddeb",
            "output": "Palindrome"
        },
        {
            "input": "abcecddcecba",
            "output": "Palindrome"
        },
        {
            "input": "efae",
            "output": "Not a Palindrome"
        },
        {
            "input": "cadb",
            "output": "Not a Palindrome"
        },
        {
            "input": "cfaafc",
            "output": "Palindrome"
        },
        {
            "input": "fbddbf",
            "output": "Palindrome"
        },
        {
            "input": "ecfdbcdaadcbdfce",
            "output": "Palindrome"
        },
        {
            "input": "ccefccf",
            "output": "Not a Palindrome"
        },
        {
            "input": "fbadfdeccedfdabf",
            "output": "Palindrome"
        },
        {
            "input": "aafda",
            "output": "Not a Palindrome"
        },
        {
            "input": "dfdbbdc",
            "output": "Not a Palindrome"
        },
        {
            "input": "deecddceed",
            "output": "Palindrome"
        },
        {
            "input": "aefbc",
            "output": "Not a Palindrome"
        },
        {
            "input": "dcbb",
            "output": "Not a Palindrome"
        },
        {
            "input": "defebcdcd",
            "output": "Not a Palindrome"
        },
        {
            "input": "caacfbe",
            "output": "Not a Palindrome"
        },
        {
            "input": "dddc",
            "output": "Not a Palindrome"
        },
        {
            "input": "daaaad",
            "output": "Palindrome"
        },
        {
            "input": "cdae",
            "output": "Not a Palindrome"
        },
        {
            "input": "dedded",
            "output": "Palindrome"
        },
        {
            "input": "ebcccbbbbcccbe",
            "output": "Palindrome"
        },
        {
            "input": "cecfdce",
            "output": "Not a Palindrome"
        },
        {
            "input": "cdddbf",
            "output": "Not a Palindrome"
        },
        {
            "input": "dbbbdbbbaccabbbdbbbd",
            "output": "Palindrome"
        },
        {
            "input": "fdbbadfeaaefdabbdf",
            "output": "Palindrome"
        },
        {
            "input": "fffac",
            "output": "Not a Palindrome"
        },
        {
            "input": "efccfe",
            "output": "Palindrome"
        },
        {
            "input": "ecaeeace",
            "output": "Palindrome"
        },
        {
            "input": "aedfcfccfcfdea",
            "output": "Palindrome"
        },
        {
            "input": "caaaaaac",
            "output": "Palindrome"
        },
        {
            "input": "fbca",
            "output": "Not a Palindrome"
        },
        {
            "input": "eafce",
            "output": "Not a Palindrome"
        },
        {
            "input": "ffbe",
            "output": "Not a Palindrome"
        },
        {
            "input": "fedfefdccccdfefdef",
            "output": "Palindrome"
        },
        {
            "input": "fbb",
            "output": "Not a Palindrome"
        },
        {
            "input": "bbbfccfebc",
            "output": "Not a Palindrome"
        },
        {
            "input": "abdbbcacc",
            "output": "Not a Palindrome"
        },
        {
            "input": "bcbee",
            "output": "Not a Palindrome"
        },
        {
            "input": "edebbeaeed",
            "output": "Not a Palindrome"
        },
        {
            "input": "ddbc",
            "output": "Not a Palindrome"
        },
        {
            "input": "fbcf",
            "output": "Not a Palindrome"
        },
        {
            "input": "deeceedffdeeceed",
            "output": "Palindrome"
        },
        {
            "input": "faffeeffaf",
            "output": "Palindrome"
        },
        {
            "input": "cbfb",
            "output": "Not a Palindrome"
        },
        {
            "input": "efdadecdccccdcedadfe",
            "output": "Palindrome"
        },
        {
            "input": "ccdebfbafe",
            "output": "Not a Palindrome"
        },
        {
            "input": "fcaeafdeddedfaeacf",
            "output": "Palindrome"
        },
        {
            "input": "efeedebaccabedeefe",
            "output": "Palindrome"
        },
        {
            "input": "fbbace",
            "output": "Not a Palindrome"
        },
        {
            "input": "adcaa",
            "output": "Not a Palindrome"
        },
        {
            "input": "deeeeeed",
            "output": "Palindrome"
        },
        {
            "input": "fdfabdffdbafdf",
            "output": "Palindrome"
        },
        {
            "input": "afcab",
            "output": "Not a Palindrome"
        },
        {
            "input": "bcfccde",
            "output": "Not a Palindrome"
        },
        {
            "input": "cddeecbdc",
            "output": "Not a Palindrome"
        },
        {
            "input": "cacaaebbac",
            "output": "Not a Palindrome"
        },
        {
            "input": "defeaaefed",
            "output": "Palindrome"
        },
        {
            "input": "cecaecbbddbbceacec",
            "output": "Palindrome"
        },
        {
            "input": "fedd",
            "output": "Not a Palindrome"
        },
        {
            "input": "ccfefbfbf",
            "output": "Not a Palindrome"
        },
        {
            "input": "bdeeeedb",
            "output": "Palindrome"
        },
        {
            "input": "eacdaaaddaaadcae",
            "output": "Palindrome"
        },
        {
            "input": "bffafbaccabfaffb",
            "output": "Palindrome"
        },
        {
            "input": "ffaecf",
            "output": "Not a Palindrome"
        },
        {
            "input": "dcaffdbddbdffacd",
            "output": "Palindrome"
        },
        {
            "input": "ebdbcaaaacbdbe",
            "output": "Palindrome"
        },
        {
            "input": "aacdfddfdcaa",
            "output": "Palindrome"
        },
        {
            "input": "caffac",
            "output": "Palindrome"
        },
        {
            "input": "aeaca",
            "output": "Not a Palindrome"
        },
        {
            "input": "ffa",
            "output": "Not a Palindrome"
        },
        {
            "input": "efbfbffeee",
            "output": "Not a Palindrome"
        },
        {
            "input": "adaf",
            "output": "Not a Palindrome"
        },
        {
            "input": "dcaaaaaacd",
            "output": "Palindrome"
        },
        {
            "input": "cbcbaebae",
            "output": "Not a Palindrome"
        },
        {
            "input": "efeecdcee",
            "output": "Not a Palindrome"
        },
        {
            "input": "cdbcacaebccbeacacbdc",
            "output": "Palindrome"
        },
        {
            "input": "fcfecdb",
            "output": "Not a Palindrome"
        },
        {
            "input": "cabbac",
            "output": "Palindrome"
        },
        {
            "input": "ecfbfeeeefbfce",
            "output": "Palindrome"
        },
        {
            "input": "ebeabafccfabaebe",
            "output": "Palindrome"
        },
        {
            "input": "cceafcaaaacfaecc",
            "output": "Palindrome"
        },
        {
            "input": "dcbdadc",
            "output": "Not a Palindrome"
        },
        {
            "input": "cfcacfceed",
            "output": "Not a Palindrome"
        },
        {
            "input": "bbeabfbba",
            "output": "Not a Palindrome"
        },
        {
            "input": "edbbc",
            "output": "Not a Palindrome"
        },
        {
            "input": "afcedfefbaabfefdecfa",
            "output": "Palindrome"
        },
        {
            "input": "edacbfdccdfbcade",
            "output": "Palindrome"
        },
        {
            "input": "dafcba",
            "output": "Not a Palindrome"
        },
        {
            "input": "deeceffc",
            "output": "Not a Palindrome"
        },
        {
            "input": "beddabaddabaddeb",
            "output": "Palindrome"
        },
        {
            "input": "afbffcbeebbeebcffbfa",
            "output": "Palindrome"
        },
        {
            "input": "dacaccacad",
            "output": "Palindrome"
        },
        {
            "input": "becbfbbbf",
            "output": "Not a Palindrome"
        },
        {
            "input": "adbebbebda",
            "output": "Palindrome"
        },
        {
            "input": "dfbdeba",
            "output": "Not a Palindrome"
        },
        {
            "input": "fcddcf",
            "output": "Palindrome"
        },
        {
            "input": "badfaebef",
            "output": "Not a Palindrome"
        },
        {
            "input": "daae",
            "output": "Not a Palindrome"
        },
        {
            "input": "bbfdccccccdfbb",
            "output": "Palindrome"
        },
        {
            "input": "ebdbbcebc",
            "output": "Not a Palindrome"
        },
        {
            "input": "fddbbdacbaabcadbbddf",
            "output": "Palindrome"
        },
        {
            "input": "dffaaffd",
            "output": "Palindrome"
        },
        {
            "input": "adcdcadbaabdacdcda",
            "output": "Palindrome"
        },
        {
            "input": "fdbcdf",
            "output": "Not a Palindrome"
        },
        {
            "input": "edbcaebcac",
            "output": "Not a Palindrome"
        },
        {
            "input": "bbfd",
            "output": "Not a Palindrome"
        },
        {
            "input": "facafa",
            "output": "Not a Palindrome"
        },
        {
            "input": "afabeefbbd",
            "output": "Not a Palindrome"
        },
        {
            "input": "cafccfac",
            "output": "Palindrome"
        },
        {
            "input": "dccdbaabdccd",
            "output": "Palindrome"
        },
        {
            "input": "cadafcdfdd",
            "output": "Not a Palindrome"
        },
        {
            "input": "edebbbbede",
            "output": "Palindrome"
        },
        {
            "input": "bbdffceffecffdbb",
            "output": "Palindrome"
        },
        {
            "input": "cfaa",
            "output": "Not a Palindrome"
        },
        {
            "input": "eaffae",
            "output": "Palindrome"
        },
        {
            "input": "fdcaacdf",
            "output": "Palindrome"
        },
        {
            "input": "cfcccfe",
            "output": "Not a Palindrome"
        },
        {
            "input": "bcdbfccfbdcb",
            "output": "Palindrome"
        },
        {
            "input": "feafdecabb",
            "output": "Not a Palindrome"
        },
        {
            "input": "accdff",
            "output": "Not a Palindrome"
        },
        {
            "input": "faadfaafeefaafdaaf",
            "output": "Palindrome"
        },
        {
            "input": "bfed",
            "output": "Not a Palindrome"
        },
        {
            "input": "cbcbfcfddfcfbcbc",
            "output": "Palindrome"
        },
        {
            "input": "bdebfbbfbedb",
            "output": "Palindrome"
        },
        {
            "input": "caefafdee",
            "output": "Not a Palindrome"
        },
        {
            "input": "abcf",
            "output": "Not a Palindrome"
        },
        {
            "input": "edbfdeedfbde",
            "output": "Palindrome"
        },
        {
            "input": "efbeefb",
            "output": "Not a Palindrome"
        },
        {
            "input": "abefcebeddebecfeba",
            "output": "Palindrome"
        },
        {
            "input": "bacebbdcddcdbbecab",
            "output": "Palindrome"
        },
        {
            "input": "bfeaeeaefb",
            "output": "Palindrome"
        },
        {
            "input": "cceb",
            "output": "Not a Palindrome"
        },
        {
            "input": "ebdffeaa",
            "output": "Not a Palindrome"
        },
        {
            "input": "dbffbd",
            "output": "Palindrome"
        },
        {
            "input": "aceddbccccbddeca",
            "output": "Palindrome"
        },
        {
            "input": "baecbbd",
            "output": "Not a Palindrome"
        },
        {
            "input": "cbeeeeeeeebc",
            "output": "Palindrome"
        },
        {
            "input": "fbdbfa",
            "output": "Not a Palindrome"
        },
        {
            "input": "baedbcacbeebcacbdeab",
            "output": "Palindrome"
        },
        {
            "input": "ecddbbddce",
            "output": "Palindrome"
        },
        {
            "input": "cdaee",
            "output": "Not a Palindrome"
        },
        {
            "input": "ddaadd",
            "output": "Palindrome"
        },
        {
            "input": "efddfe",
            "output": "Palindrome"
        },
        {
            "input": "cfafbfddfbfafc",
            "output": "Palindrome"
        },
        {
            "input": "debdbbdbed",
            "output": "Palindrome"
        },
        {
            "input": "fffbaabfff",
            "output": "Palindrome"
        },
        {
            "input": "badcbffbcdab",
            "output": "Palindrome"
        },
        {
            "input": "cbdfacebee",
            "output": "Not a Palindrome"
        },
        {
            "input": "eaccee",
            "output": "Not a Palindrome"
        },
        {
            "input": "facceb",
            "output": "Not a Palindrome"
        },
        {
            "input": "dafaffc",
            "output": "Not a Palindrome"
        },
        {
            "input": "fdfdeddedfdf",
            "output": "Palindrome"
        },
        {
            "input": "afcdcf",
            "output": "Not a Palindrome"
        },
        {
            "input": "eebbbbee",
            "output": "Palindrome"
        },
        {
            "input": "bbbceec",
            "output": "Not a Palindrome"
        },
        {
            "input": "fddddcf",
            "output": "Not a Palindrome"
        },
        {
            "input": "abefdddac",
            "output": "Not a Palindrome"
        },
        {
            "input": "debaabed",
            "output": "Palindrome"
        },
        {
            "input": "afbecfe",
            "output": "Not a Palindrome"
        },
        {
            "input": "ddadccdadd",
            "output": "Palindrome"
        },
        {
            "input": "bbcdfafbeb",
            "output": "Not a Palindrome"
        },
        {
            "input": "fbbeccebbf",
            "output": "Palindrome"
        },
        {
            "input": "cdedffcafbbfacffdedc",
            "output": "Palindrome"
        },
        {
            "input": "ecceecce",
            "output": "Palindrome"
        },
        {
            "input": "dff",
            "output": "Not a Palindrome"
        },
        {
            "input": "ccfcffcfcc",
            "output": "Palindrome"
        }
    ]
}