{
    "id": "climbing_stairs",
    "title": "Climbing Stairs",
    "description": "You are climbing a staircase. It takes N steps to reach the top. Each time you can either climb 1 or 2 steps. In how many distinct ways can you climb to the top?",
    "input_format": "A single integer N.",
    "output_format": "An integer representing the number of ways.",
    "constraints": {
        "N": "1 <= N <= 45"
    },
    "judge_mode": "FIRST_FAIL",
    "time_limit": 1,
    "sample_test_cases": [
        {
            "input": "2",
            "output": "2"
        },
        {
            "input": "3",
            "output": "3"
        }
    ],
    "hidden_test_cases": [
        {
            "input": "27",
            "output": "317811"
        },
        {
            "input": "2",
            "output": "2"
        },
        {
            "input": "21",
            "output": "17711"
        },
        {
            "input": "13",
            "output": "377"
        },
        {
            "input": "3",
            "output": "3"
        },
        {
            "input": "8",
            "output": "34"
        },
        {
            "input": "30",
            "output": "1346269"
        },
        {
            "input": "5",
            "output": "8"
        },
        {
            "input": "9",
            "output": "55"
        },
        {
            "input": "19",
            "output": "6765"
        },
        {
            "input": "14",
            "output": "610"
        },
        {
            "input": "17",
            "output": "2584"
        },
        {
            "input": "26",
            "output": "196418"
        },
        {
            "input": "7",
            "output": "21"
        },
        {
            "input": "15",
            "output": "987"
        },
        {
            "input": "16",
            "output": "1597"
        },
        {
            "input": "4",
            "output": "5"
        },
        {
            "input": "23",
            "output": "46368"
        },
        {
            "input": "6",
            "output": "13"
        },
        {
            "input": "22",
            "output": "28657"
        },
        {
            "input": "10",
            "output": "89"
        },
        {
            "input": "24",
            "output": "75025"
        },
        {
            "input": "20",
            "output": "10946"
        },
        {
            "input": "18",
            "output": "4181"
        },
        {
            "input": "12",
            "output": "233"
        },
        {
            "input": "11",
            "output": "144"
        },
        {
            "input": "25",
            "output": "121393"
        },
        {
            "input": "29",
            "output": "832040"
        },
        {
            "input": "28",
            "output": "514229"
        },
        {
            "input": "1",
            "output": "1"
        }
    ]
}