{
    "id": "count_vowels",
    "title": "Count Vowels",
    "description": "Vowels are the letters 'a', 'e', 'i', 'o', and 'u'. In this problem, you are provided with a string `S` which may contain both uppercase and lowercase English letters. Your task is to iterate through the string and count the total number of vowels present. Remember that the check should be case-insensitive, meaning 'A' and 'a' both count as vowels.",
    "input_format": "A single string S.",
    "output_format": "Output a single integer representing the total count of vowels found in the input string `S`.",
    "constraints": {
        "length of S": "1 <= length <= 1000"
    },
    "judge_mode": "FIRST_FAIL",
    "time_limit": 1,
    "sample_test_cases": [
        {
            "input": "Hello World",
            "output": "3"
        },
        {
            "input": "Programming",
            "output": "3"
        }
    ],
    "hidden_test_cases": [
        {
            "input": "QvefHFdrJyFXpVuBQMDgyGJaQmJLqAEqOEOAoExOiNZ",
            "output": "13"
        },
        {
            "input": "InhgbDSXrWAgIMkiiqglhqnDHrhSSRefqAMwJ",
            "output": "7"
        },
        {
            "input": "wHZeShxQkkci",
            "output": "2"
        },
        {
            "input": "TfKfqPPCfSuLgeKGcPksFWfisNQfOROiZmjhyz",
            "output": "6"
        },
        {
            "input": "ViDNzCBnKBhjFyFOqUfcR",
            "output": "3"
        },
        {
            "input": "JRqaWKyZWTZoMiWQwCEeKszLJsdzyjQFtlTRonTbAgAsxVHhVU",
            "output": "9"
        },
        {
            "input": "hlQpZFNZIzxBXSAOPpc",
            "output": "3"
        },
        {
            "input": "aShiXiFkQxute",
            "output": "5"
        },
        {
            "input": "oiZqKaxSRNJZyZrmwFbWJDgdU",
            "output": "4"
        },
        {
            "input": "kluvyTGZiasAQfwLeBhWurOKA",
            "output": "8"
        },
        {
            "input": "KRxNhFStHGiijRAoqGACEaJVIQBDHvLPAVb",
            "output": "9"
        },
        {
            "input": "TevvxljbNNEJkfshxDJlhjYWzHUrPolkHmImhCBMWfB",
            "output": "5"
        },
        {
            "input": "ElhuefyDdmDEnBXggYeVpenTqLmwDXCXeUPulP",
            "output": "9"
        },
        {
            "input": "gfvSewkyzVMVEVNdh",
            "output": "2"
        },
        {
            "input": "RpTnKDYVPwTQMWmOpweTOvCACzEzPJcNpLYDNvPWKYaRoK",
            "output": "7"
        },
        {
            "input": "ouWWmZJBTVyhje",
            "output": "3"
        },
        {
            "input": "xPDEeaLokPBfkBTtOeizcCnvmYfxhgKVPaTicJXJsVeFqdVXDq",
            "output": "10"
        },
        {
            "input": "NpKJtNWARJNBPYRwZZNIKmX",
            "output": "2"
        },
        {
            "input": "rJwKsQuFlNWBRwUbpaXdGPxdftvHfDjpY",
            "output": "3"
        },
        {
            "input": "cBOyqsqCzIIIARoWVYugqfq",
            "output": "7"
        },
        {
            "input": "yZzvAAamBzkZKtSECRhTnaNBohFhg",
            "output": "6"
        },
        {
            "input": "jefzuGxDHFwycOqMg",
            "output": "3"
        },
        {
            "input": "ooSZtezRbsTEWocyGsusYyas",
            "output": "7"
        },
        {
            "input": "oLdEStuwSCJajsOfUzGbIVfWGc",
            "output": "7"
        },
        {
            "input": "FoHhlfJBuLhKUs",
            "output": "3"
        },
        {
            "input": "bUbbIgxXUUrDPHpRxmPlwE",
            "output": "5"
        },
        {
            "input": "MAnzYqnEktxPbRIBOcLjEFkuZRecSLrqPHwmoIRjbxUGE",
            "output": "11"
        },
        {
            "input": "ZYyOudnwVFFGqRLCEGaoaKJBOxVebXtiJyQxAyvf",
            "output": "10"
        },
        {
            "input": "hfLSrERjEmvMxwxOgNlhIjoWZG",
            "output": "5"
        },
        {
            "input": "CorijxquGhNWaSGeDoHrJDl",
            "output": "6"
        },
        {
            "input": "sSUWReVNwgXRPJO",
            "output": "3"
        },
        {
            "input": "nRoaFsPUyecWRrLFqaBzhJVs",
            "output": "5"
        },
        {
            "input": "YfqrgpxDvFebiBVjDcniuKKkieDpHXQvUqYpVxu",
            "output": "8"
        },
        {
            "input": "vgHlGKHeOmjGVPtywQdX",
            "output": "2"
        },
        {
            "input": "HmFAweRuWvWxhHkDptLdrTcGdzwfEXAGoKolambyrUb",
            "output": "9"
        },
        {
            "input": "kypBeNXrxIoilRyUqLDkFCSikAttbpMzejgaho",
            "output": "10"
        },
        {
            "input": "StfQfCsFxmYhTSQnmCmaSYCWstzG",
            "output": "1"
        },
        {
            "input": "bJIShPjjqWQfTebJyZV",
            "output": "2"
        },
        {
            "input": "SRUuXIoZeopasojdSxZHDDRlQjnsispTYtqSxyledd",
            "output": "10"
        },
        {
            "input": "qhxqwRvbcFswfbWYwGFdvDwLUmCwemqYBNvxgtLdDZKh",
            "output": "2"
        },
        {
            "input": "mhAxaUfbeCPbQWvzbLyALpmjGIkbZUdyaqen",
            "output": "9"
        },
        {
            "input": "xzffJBRSqDvkBpXNwTJzaJYmHucKbAxTLFElFkw",
            "output": "4"
        },
        {
            "input": "ehasyHGmJwyQgUmdlajKhyNIHCzzbGyoLL",
            "output": "6"
        },
        {
            "input": "jbUUIlCifAwMwofFjwGV",
            "output": "6"
        },
        {
            "input": "rfAwJxovOIzlJlSAuBecmMRrrHOUcfjrHzPnweJisFXwrWDekL",
            "output": "12"
        },
        {
            "input": "DHGVynvnCizKhcJJrABaybAhkmDdAcVHZfDYlbJULockxJTN",
            "output": "7"
        },
        {
            "input": "xJLdFgiusaXLu",
            "output": "4"
        },
        {
            "input": "WxZHwGnqtXeCszsZXvWnGUcfLMof",
            "output": "3"
        },
        {
            "input": "JtXVRngVOOafhcyzqxQrbkJEbQczGeALYktvwc",
            "output": "6"
        },
        {
            "input": "UYZOKPHnavKUYvenzplpwYmBkyQCTVVccvXHinVqkTolDlsdIx",
            "output": "8"
        },
        {
            "input": "VeUPssTdJXghsaDN",
            "output": "3"
        },
        {
            "input": "gdJSORIQBtdfkUxvwS",
            "output": "3"
        },
        {
            "input": "CpuQAsCnIPnYOwnCKaKYzlAbdfCPuynDHHdAYgJSFOXPOV",
            "output": "10"
        },
        {
            "input": "ovjtdFkSfoEcOJHFppV",
            "output": "4"
        },
        {
            "input": "EZPehRFuhRQLeicrdsESRzboWUdUfeArePTkIUxoHQerXdFj",
            "output": "16"
        },
        {
            "input": "gWTySKtMvSEXPWxgAMecOLnhp",
            "output": "4"
        },
        {
            "input": "gvomgNELCnwFOsOnPFsYjAOLwZRhiKKENXIAkgmrgMyTmqhxd",
            "output": "10"
        },
        {
            "input": "huJVQPALLyWFjHOPjB",
            "output": "3"
        },
        {
            "input": "XjfGySDhycujGrETshZqTNGbVnQEMJnFKXobeSkItyvVjft",
            "output": "6"
        },
        {
            "input": "jefyufWtngFZPgZyMDVmyXdvqCrijlqkaMLmuGxdUXlvQy",
            "output": "6"
        },
        {
            "input": "GKgoeJogGukgIDr",
            "output": "5"
        },
        {
            "input": "lXYySIBQWqQWTwEUxYRFi",
            "output": "4"
        },
        {
            "input": "hUCgXBxrPAFfjpkTkHBCXKMxJQzZkzUwmAzATqJC",
            "output": "5"
        },
        {
            "input": "RCVdKDBBeEvfFfxJUIshEdyUbSDWGJgwwSsIuR",
            "output": "8"
        },
        {
            "input": "TLbDFugcrqHsKLsVNlkeICZKxAjgRAsdndGvbSizJjfLMGE",
            "output": "7"
        },
        {
            "input": "RXPOSfMnKPFZQnpBMtgOdXpgyjQF",
            "output": "2"
        },
        {
            "input": "MUeyIzwbRPgQdXgLAzvXCkKZMgVnuvtLMZgYdsoP",
            "output": "6"
        },
        {
            "input": "zuiraUYfNebOeBTjODrtUizDpyuneKtdhNqdoOKpm",
            "output": "14"
        },
        {
            "input": "iqrHSyvIGZrnsKIhZGzHff",
            "output": "3"
        },
        {
            "input": "brmNZrOzfJZYYFuoMQXFPvpy",
            "output": "3"
        },
        {
            "input": "fDGYTBfhnuQBtHDzWsRSADcqJqDwnjEUWurHCMFemOwinUBmP",
            "output": "9"
        },
        {
            "input": "DOghaKZBnVPaOyt",
            "output": "4"
        },
        {
            "input": "oSLVPHgqzMmSOqVyuOoalJjAYDeIkcjXpszMJpCRyr",
            "output": "9"
        },
        {
            "input": "UzNUnuijwU",
            "output": "5"
        },
        {
            "input": "ZjitehArXpegPMwxdtkSY",
            "output": "4"
        },
        {
            "input": "ZDayiDejqgdPBWm",
            "output": "3"
        },
        {
            "input": "kHUrFPmypFFJuoNXKypiDnGM",
            "output": "4"
        },
        {
            "input": "dnJWAFrlGhrMWtXptIGJRmHvFNcnGXVCQegER",
            "output": "4"
        },
        {
            "input": "qqlHfKvQOEpNkQa",
            "output": "3"
        },
        {
            "input": "caJSSMgEPosWsMZuWyFckfRTUrkQcYIofTzAIQcuY",
            "output": "10"
        },
        {
            "input": "aSPAxPlGKMqmLFpRPCfoZs",
            "output": "3"
        },
        {
            "input": "KZkkuKLqSzOcOzytaVGRXGtNEIIUmSJbdNLBoZxZbL",
            "output": "9"
        },
        {
            "input": "BendYdCfmTczymPNkMyonVpZMzYkGGUwVvB",
            "output": "3"
        },
        {
            "input": "YWihpJwEkJAkxeByvsiHKdZSNBrqKCCrifIQp",
            "output": "7"
        },
        {
            "input": "BStrrQYltFdyiYGLFZRpsyagf",
            "output": "2"
        },
        {
            "input": "RtvhBUFJHfAGuHssuCzYJjEkhMfYrkrLPaXPghWBSTalFLGh",
            "output": "7"
        },
        {
            "input": "tXftyhMMlMymrvtZngFEEPWb",
            "output": "2"
        },
        {
            "input": "AKUzYBKEagmaVXJHHnsEJrSxxkGAtLimKMyZHdTOtrDkJNsCWd",
            "output": "9"
        },
        {
            "input": "pfszMfocsWlUdEmSRAZjGilVFysxzLdXQlsI",
            "output": "6"
        },
        {
            "input": "heVyZjxQTSh",
            "output": "1"
        },
        {
            "input": "EwZrkNcSawSuKbvAtMnCNQpOkAIfWGCkRuqIRbADle",
            "output": "11"
        },
        {
            "input": "iQAPgxEyfmHjWeAkoPv",
            "output": "6"
        },
        {
            "input": "JXcexoYsJiqlbn",
            "output": "3"
        },
        {
            "input": "KYnWmjVMQKVkrTkEDlpzlWStKTlsRIWAgqdJYloTeixifqWN",
            "output": "7"
        },
        {
            "input": "RWTOGMEdDOmeumvWrnzcGjgDBdcnjRIgUJfJTNS",
            "output": "7"
        },
        {
            "input": "aBMfwVGEyZLVJqeVDSaJSdpqdqjUMWHXkqCRdspFo",
            "output": "6"
        },
        {
            "input": "EzKrEKUvEFCAjmylrSSJEIadVpubDelIiPRyoADcCfW",
            "output": "14"
        },
        {
            "input": "voOAypydDRpGLaUslzzUVdxHVNldkLUV",
            "output": "7"
        },
        {
            "input": "wzOasEidEAidGjOAbhGklCaWiHhndQpiwpScYFlLMsFU",
            "output": "13"
        },
        {
            "input": "dpwrODvaYyJIzBJAm",
            "output": "4"
        },
        {
            "input": "oGBWUSecIRuEISsRqxwewnHtqyTRBKltnzRYVLCn",
            "output": "8"
        },
        {
            "input": "ssQZCeQdVHaVsHchEKytGDnYucMDfMRndKdtawmICSFIjE",
            "output": "8"
        },
        {
            "input": "idGmnHhfKQfgHQGZQfhEHHbf",
            "output": "2"
        },
        {
            "input": "GelQGVqCbCHQELaFLkmWgVBYGFtKQqzwGZDGvnZPtoj",
            "output": "4"
        },
        {
            "input": "LwNzzDisxqvAovpgLhWVmBNxIYjNBbQcIdLbcPPrtRYMtDzP",
            "output": "5"
        },
        {
            "input": "XuBLgLctzbxfUxSIo",
            "output": "4"
        },
        {
            "input": "lownFKqstEfTsAYxKlkcalNTgWluTYVGZ",
            "output": "5"
        },
        {
            "input": "mBllUaHAEZuqxpbvyOSjiSEgS",
            "output": "8"
        },
        {
            "input": "lfwnSdPTVa",
            "output": "1"
        },
        {
            "input": "fvGskfnphEwScRSS",
            "output": "1"
        },
        {
            "input": "TdJLuelfCohHCHebGtUyDIf",
            "output": "6"
        },
        {
            "input": "vyHDgeotkBEJdaMujuedCLDKFyebQpBNJaZUljBs",
            "output": "10"
        },
        {
            "input": "XeirPweoPeTjpABdHcjbwGqfzWxvEjJbf",
            "output": "7"
        },
        {
            "input": "oLwUmmRDXzaVeEx",
            "output": "5"
        },
        {
            "input": "lMEKCfbibXTogaJLBdxdUeVzhwHVL",
            "output": "6"
        },
        {
            "input": "iAUTWWRqMcn",
            "output": "3"
        },
        {
            "input": "bxMdKZhTITiZxQRaIOTvgHepnBcRB",
            "output": "6"
        },
        {
            "input": "qmqdLHYLgGOYnSjusdVpiMjopF",
            "output": "4"
        },
        {
            "input": "oIvXprjGGRSbtoryRwkkTyiTxU",
            "output": "5"
        },
        {
            "input": "IMGwLhHtqKo",
            "output": "2"
        },
        {
            "input": "ICHfhnAaZlzZmkmMEFgxYhmayJ",
            "output": "5"
        },
        {
            "input": "WloEWfDBOclEYxjyt",
            "output": "4"
        },
        {
            "input": "MZSvXbOFXSyyUWgcVepOhamwDAClhVMyyWbUzMwK",
            "output": "7"
        },
        {
            "input": "wNXVhRwwnCaOyTaOmPKKEZWFglCQBpPcMkFqCO",
            "output": "6"
        },
        {
            "input": "xEnnQfMNbCqNDgphsJHIJRlQinJHQZIreADkV",
            "output": "6"
        },
        {
            "input": "zfjEUKnhehimy",
            "output": "4"
        },
        {
            "input": "HTdOaQfOrHyZThFptHMwvkwYDrgWbgRqXazIvlHrSYpIDL",
            "output": "6"
        },
        {
            "input": "OizUDYrfVCBUnPVqbVmCynpqUiqGJwOGwVmFuhhvZF",
            "output": "8"
        },
        {
            "input": "YrRLDlIOpFmouHLWZe",
            "output": "5"
        },
        {
            "input": "bkqQnBLoeoRDOQRHHFCJJDfLBKVjIPGwxnBYtoyVwhWMO",
            "output": "7"
        },
        {
            "input": "cITgMeceFGbEelpHfpPqlCyWRJTajmIsKbZSGqdMIrEAv",
            "output": "10"
        },
        {
            "input": "BufZLhyhziYoMDbVeKSRwYAket",
            "output": "6"
        },
        {
            "input": "XnJzenylPRppVzyFPCWFLpDp",
            "output": "1"
        },
        {
            "input": "BZUZdsKFgespkCAzXotmCirawZpGw",
            "output": "6"
        },
        {
            "input": "BHvcqNWXGkxQPqBerTATdQXeIELsrTKnaNBuZIyU",
            "output": "9"
        },
        {
            "input": "GrHiizmHiaHmjT",
            "output": "4"
        },
        {
            "input": "QPTHDNEcFGzDFlIwIlkU",
            "output": "4"
        },
        {
            "input": "EwjoZuhwqxL",
            "output": "3"
        },
        {
            "input": "NhZAsxvPggPRdGmXxoDofyoA",
            "output": "5"
        },
        {
            "input": "FZbOqKAIyFfEkfATNjWqMFL",
            "output": "5"
        },
        {
            "input": "EXycwIELjJWlmQbFizyfpaspclD",
            "output": "5"
        },
        {
            "input": "BNvePzTKQSQrLetOaTsrAUPOQdZPUWTc",
            "output": "8"
        },
        {
            "input": "KlPLbUlydoaHAxVuIkIVRdAvQFAntMpEaEHKnsA",
            "output": "13"
        },
        {
            "input": "lnmNGSEYcBRPWKCgjDUqkJNTcnat",
            "output": "3"
        },
        {
            "input": "USeZiDHasdATIltGBYzaaJspOHViiDUsxzChbTgppnIuVx",
            "output": "14"
        },
        {
            "input": "etYTDvJNrqmoAcfaABlFKWHYKOrMF",
            "output": "6"
        },
        {
            "input": "uQzXWKPLCOltzceRaVbIqnSZZja",
            "output": "6"
        },
        {
            "input": "HuNRHQoHTrjmnhuEMItUNuraonWTnHzbntzOxmPNMtYPYltWl",
            "output": "10"
        },
        {
            "input": "qWWqfzXjXpPXPcohaOkqbkNvuJNwmxgYIaWfQQrr",
            "output": "6"
        },
        {
            "input": "ZKKprEvlJnJImFHWtDxdWSuPdRXmmQwVEDvXVCVbruO",
            "output": "6"
        },
        {
            "input": "tqrwmvSYYRNfrKfoPtpSQDQ",
            "output": "1"
        },
        {
            "input": "OSsBybyoWLJYKRg",
            "output": "2"
        },
        {
            "input": "vrLGvZIuXPwSynQ",
            "output": "2"
        },
        {
            "input": "GMklrKsZKpYIyUwMQSxlyFvskHzP",
            "output": "2"
        },
        {
            "input": "IPqtRunRBgQCBRvHrpKxfxyILfNch",
            "output": "3"
        },
        {
            "input": "SlCorNCXYkLwTHTVaAnBkVOaNglFemJ",
            "output": "6"
        },
        {
            "input": "DmjIEYSEPQsonocgxAJRGwdinUCwmHmkUTvhQNlQiEyW",
            "output": "11"
        },
        {
            "input": "aMsBZMkEyECZBaGXjlvkQCQxPPaKmGHlYkXbw",
            "output": "5"
        },
        {
            "input": "ZfsXfftNPEjhsgfkDqVu",
            "output": "2"
        },
        {
            "input": "IcoMItvBSDkawjgEwb",
            "output": "5"
        },
        {
            "input": "IchxvhZiZuBkkXeTpvFAnGjbnVTlFPQPOvqRVopxuJ",
            "output": "8"
        },
        {
            "input": "yJmnodSVDEjAhPNBlWxRAhDFbuhmxhvURcca",
            "output": "7"
        },
        {
            "input": "zStvurWGLbfrcEFCodVkCtPcem",
            "output": "4"
        },
        {
            "input": "xCAQcKGJPYdcwtqnAHDNZxtlWHVBbY",
            "output": "2"
        },
        {
            "input": "bzpevVITURuYdekPevXqDsxmWwuWvnlgwv",
            "output": "7"
        },
        {
            "input": "whJlZVWEPYsnHtTwgOLwqyxmRakZlyKOINQkuvLeWGpckVKO",
            "output": "8"
        },
        {
            "input": "ipidXYoYcfDrznveNlTltHWLQKLzYLZWgTDRdeaKerQZIsji",
            "output": "9"
        },
        {
            "input": "GOzXMnVyyL",
            "output": "1"
        },
        {
            "input": "eXtTYWLoBKNxvLxkxKrcQl",
            "output": "2"
        },
        {
            "input": "boQVbroSoVbKmaWkkXqvDVblljotnJHvRTHmlGPQJUSoAvVKxS",
            "output": "8"
        },
        {
            "input": "AnbtwhQRbUfsBdGABzDwbcxJvCLntUeHSDffMUAagkKDzOJnzA",
            "output": "10"
        },
        {
            "input": "gPibQDYIMiSwg",
            "output": "3"
        },
        {
            "input": "MIWsGyKYtwLSLvcsjjzfDIbAOwMjVWjDJToVNNE",
            "output": "6"
        },
        {
            "input": "JUqdAyJIDRAEHIqCrrJfAyeZDo",
            "output": "9"
        },
        {
            "input": "uevmaSwHjnzORA",
            "output": "5"
        },
        {
            "input": "SxzKFwiyCnZyVS",
            "output": "1"
        },
        {
            "input": "JZdmKkgmZBcoNbiEhlFhXiBeEBurgDsqOpLRKdOQyBjDacQ",
            "output": "10"
        },
        {
            "input": "OUXYJfOrWAoJBrfmfJgQtUZTMDRRWCxH",
            "output": "6"
        },
        {
            "input": "zFvkeioauShhcrbLMvzfwWZqKBJGelEiDiANXpHjTmtxPoeyoi",
            "output": "14"
        },
        {
            "input": "ZWbTENEvTIjlRisiwyqjoCGSgt",
            "output": "6"
        },
        {
            "input": "yXpTayZVwNLrsnmGHiuoiDxMNAsMNyUqi",
            "output": "8"
        },
        {
            "input": "vyZbcQMMypNsygamunmydAceMzvmZyeRqfIkrEpoNHpke",
            "output": "9"
        },
        {
            "input": "GPKAEoGTEenhHJpwnXv",
            "output": "5"
        },
        {
            "input": "vsUyPOJoiFHxmC",
            "output": "4"
        },
        {
            "input": "TvGumBZpLEScoIVefSArTlFfXPTtGqXZ",
            "output": "6"
        },
        {
            "input": "yLOfostjBXOpkvtVnkVoljezmUKgCCdAGHzSbrSFtH",
            "output": "7"
        },
        {
            "input": "HyQBOUxnsAkZxYZybWmQMQNZixTstPZjPiQiVVOyJ",
            "output": "7"
        },
        {
            "input": "knLdMmYOZHNQpfH",
            "output": "1"
        },
        {
            "input": "uQTRNIqltIvGkjlsjonhksHeUwQHCISJVFVoysxvHMUlvhi",
            "output": "10"
        },
        {
            "input": "ybnVDmHSWONkfbtuRhAK",
            "output": "3"
        },
        {
            "input": "jhtyVTVByqRnDiQrFaYRlhcMbAAQTXlK",
            "output": "4"
        },
        {
            "input": "kgIDJDBiifDoprRGXtvlvr",
            "output": "4"
        },
        {
            "input": "qCZhxAfynXhFwONekYnqikmXbQXnxhbzhCEOzV",
            "output": "6"
        },
        {
            "input": "RxYpIUEEtDbMfkJJDNDzBpfqrDMjkMEXCTHxJzHpIIjZZTJLb",
            "output": "7"
        },
        {
            "input": "CBllcIGEzldaMyexFCSRTaOjGWUQeulkdyWMudwd",
            "output": "10"
        },
        {
            "input": "vRsYlhrNgWjUE",
            "output": "2"
        },
        {
            "input": "apuPaHuxrPPwmMvEUMsNcOrIoCoeaUWjYehJgV",
            "output": "14"
        },
        {
            "input": "igfkozUwXWIKUJCqpRRydHjLBAtxaRdyshkrUIVLayk",
            "output": "10"
        },
        {
            "input": "OMrDAFYyCBPabahHbtj",
            "output": "4"
        },
        {
            "input": "aTEIytMERGFdgYgJfJcCvQNDIrlEGrexsvrNbFZc",
            "output": "7"
        },
        {
            "input": "imcTRUZqzlEvmVoIAymlDihYQfDPDJADBqqHPXgJ",
            "output": "8"
        },
        {
            "input": "PvJYFCkBfUBDwWCJpDCqpspZEdSdYrPQzrWXtJMSfDbPktUk",
            "output": "3"
        },
        {
            "input": "yJAFSNkMxerFSmUbnIjkBVNZUlZKZxUifkiQw",
            "output": "8"
        },
        {
            "input": "dFLVVhTddVzoofNsXOAObEBdXjdegzuwoAMxbqqDHU",
            "output": "11"
        },
        {
            "input": "cWLnhXANanRQNpsjtWVffqoiPmz",
            "output": "4"
        },
        {
            "input": "ludUqpgqVQMEBMEjJkJ",
            "output": "4"
        },
        {
            "input": "LFqvcVYhJOActXwSedSTZxV",
            "output": "3"
        },
        {
            "input": "YOijhgkuKkPNJuMXwUERLkFEXiOzqbbatXFSDlOg",
            "output": "11"
        },
        {
            "input": "hurTANFOgdCLIYrrkUziZzvdCsEUkFoQl",
            "output": "9"
        },
        {
            "input": "zobHcTSQdhrlSHwydSjtIsiTCnCtzEJjSNjEhxUUBNzNGo",
            "output": "8"
        },
        {
            "input": "AFIdOkwKzaoXwWzyFdxuEKHDpGzTWHykgSzSKgqtpXK",
            "output": "7"
        },
        {
            "input": "SQJQpsdyhH",
            "output": "0"
        },
        {
            "input": "nLLJUwqculOSOgxnHlowhbwZsBPwSiMUmKpKuwBtorHWx",
            "output": "9"
        },
        {
            "input": "AXkfSmoabDvkYFSTlBDVyaPDFgviK",
            "output": "5"
        },
        {
            "input": "GethxnJFUwvLLbVKaOGZCdRqsOmDLhSTzjcF",
            "output": "5"
        },
        {
            "input": "GHUhRAZzZeGL",
            "output": "3"
        },
        {
            "input": "dOzbwmrTJIOCngsrzjonr",
            "output": "4"
        },
        {
            "input": "sWDTgBiDyKCFMKNVBRaHztGngtpIOlMYyRE",
            "output": "5"
        },
        {
            "input": "pqMQzmLqGVCzMqXIwztgo",
            "output": "2"
        },
        {
            "input": "eidTGjCOhdyomLUXRMLpqLcryaNPFPXuSurHMZFkixyplikH",
            "output": "10"
        },
        {
            "input": "IXZNimbsIKXHRVFiA",
            "output": "5"
        },
        {
            "input": "VXBuSRaAsTJZTjYnyWibfodmuslRX",
            "output": "6"
        },
        {
            "input": "IpkwFvNnQbFzoglixI",
            "output": "4"
        },
        {
            "input": "OTqDyTkyEMuuSkbVdSmTdSKA",
            "output": "5"
        },
        {
            "input": "SPZFBRRJJziJgfjplGKeToZNEtFzzI",
            "output": "5"
        },
        {
            "input": "uBklYdsXrRUUUxQhUrsgzLQzRFbxeXdGEcmGqPgnrvnQCYIyEW",
            "output": "9"
        },
        {
            "input": "TkELLihoBUBWLefSmuGjtUYSUVQyZqOfb",
            "output": "9"
        },
        {
            "input": "kWMZyPtNzksGm",
            "output": "0"
        },
        {
            "input": "bXkvSnFBurrVqlopthCaUMMLiXFLQNrnqPkQsxfIya",
            "output": "7"
        },
        {
            "input": "REEXdePojseOIWDRyXYedMm",
            "output": "8"
        },
        {
            "input": "yegUyCmXDwvoBUzgDhIsGSeSZyoEmoaHUCor",
            "output": "12"
        },
        {
            "input": "pfbrgpGLVUBmRjl",
            "output": "1"
        },
        {
            "input": "FqtIjzAbsQlnFfFiJPsgntGPnKfCJkCHdBVFu",
            "output": "4"
        },
        {
            "input": "PyqSGSiURtZLMccTKjQqQ",
            "output": "2"
        },
        {
            "input": "fyXjTjunngacoGqXUVgGRhdFnYINYaOn",
            "output": "7"
        },
        {
            "input": "xYNGDnHyicdxbqiOqOspWsOtZGreEtPEwitg",
            "output": "9"
        },
        {
            "input": "lbsptzUzjU",
            "output": "2"
        },
        {
            "input": "EWpJWuShYaIySAEWDASeAqSwDDZRQdpHYHhiwXUCHEz",
            "output": "12"
        },
        {
            "input": "KnnubMQWUZRL",
            "output": "2"
        },
        {
            "input": "jeSUMtmneoYZkjaisSgzrcbXyQsMJfGjnY",
            "output": "6"
        },
        {
            "input": "tNfxaZcdftFxrHemLHcBKOVVNgNeLivjyGtXPQUbBJS",
            "output": "6"
        },
        {
            "input": "nyMHxMWWXmtYtASyWGLnFHDrTiXFAVQPfTtDSGGYsXeePxRxm",
            "output": "5"
        },
        {
            "input": "OHUVAaKluefDTsyCLyH",
            "output": "6"
        },
        {
            "input": "pSQqPdIlNgmgbvmwxCbOCUPGoqzmSeZpz",
            "output": "5"
        },
        {
            "input": "bDPaudcyTHJyNdaMBBCZIfByQPWAPEPAhCR",
            "output": "7"
        },
        {
            "input": "qVKrtFSXnaNYNCYYWI",
            "output": "2"
        },
        {
            "input": "LwjCaLgkAzQgisZuDxFypchWtJWviFljYiVXdfbPMIDp",
            "output": "7"
        },
        {
            "input": "HCzOwaFurepWLLkOaPgNeY",
            "output": "7"
        },
        {
            "input": "pZFQoQlgVGwUPyD",
            "output": "2"
        },
        {
            "input": "QavfdXKTTIrviQlKbvAbleGwZyWuSUkSDrBMINiTjJo",
            "output": "10"
        },
        {
            "input": "wyaLWGROoSQSb",
            "output": "3"
        },
        {
            "input": "phUYJgwhOEZXcLlH",
            "output": "3"
        },
        {
            "input": "whAClSGHybjsUaeabqkhhskFckoLOukMcWh",
            "output": "8"
        },
        {
            "input": "LQXnkGEZdjqGTGQ",
            "output": "1"
        },
        {
            "input": "xqBlspJogncYaGJQdEnA",
            "output": "4"
        },
        {
            "input": "YNJIaPZWqajlfNUkUkuYGuCJknanDpFwULNChk",
            "output": "9"
        },
        {
            "input": "iyCJKIkjyTFjKH",
            "output": "2"
        },
        {
            "input": "IZNirGItGNTydsXByJVDTUNiiaxVTtu",
            "output": "8"
        },
        {
            "input": "EhoEqqREHxgJCyMOciIrQYgJHKTjycLYVH",
            "output": "7"
        },
        {
            "input": "besmUzLZSKrGiWUFsJzbl",
            "output": "4"
        },
        {
            "input": "vnzIxPmiFnWTAN",
            "output": "3"
        },
        {
            "input": "UxIsBraDeFsQSSSynQNouLsWsQgMWLVGTiPMBy",
            "output": "7"
        },
        {
            "input": "IzcQsTDigjhneutVkcENGZrIRpphviJjlCtCE",
            "output": "8"
        },
        {
            "input": "gSLHRvLgSNGTGxLJokvmOexxzbMDTeEOyGSkeAO",
            "output": "9"
        },
        {
            "input": "FcWVvKqiPtPgPnZgT",
            "output": "1"
        },
        {
            "input": "ucNoEsaftAUpnzRGcCzcNgOln",
            "output": "7"
        },
        {
            "input": "aptHxYmULboEDNNAxsaChmTEyX",
            "output": "7"
        },
        {
            "input": "fCVgihqWGeFFIjRUCKXAbmCFIsZmLlfLPmHxtodYZgPBOeqLS",
            "output": "9"
        },
        {
            "input": "xzJMKmKkudTlhHpuhKEYSaNuFECsOnAylCOgJlaBeCTM",
            "output": "11"
        },
        {
            "input": "blZEBjcIZlbKLurm",
            "output": "3"
        },
        {
            "input": "VAvmjaWuxBmyHQeIo",
            "output": "6"
        },
        {
            "input": "kNMkkyZpgQPgAfszmdoBmhpOfbCmDbWWtXoeAopDdXvLI",
            "output": "8"
        },
        {
            "input": "JNCiGryidcUEDzWUsHaRXdISxWErqZPWTzZcfoDDadFKf",
            "output": "10"
        },
        {
            "input": "oEZrOfgZtxZWQCHRi",
            "output": "4"
        },
        {
            "input": "TpOhavuIYyYAwviDpi",
            "output": "7"
        },
        {
            "input": "pqeqDTAPIDEDvqrcoQZaFLEFUwoESiS",
            "output": "11"
        },
        {
            "input": "MPvpsCOmfCkYQUOpNVkzhRdSUJYRSNSRQoIJvAtDZI",
            "output": "8"
        },
        {
            "input": "SHIoYsPvyXUaOlKSaTwhflJUhbOXNBgkmgcHIZEodvOce",
            "output": "13"
        },
        {
            "input": "jshsoWTNnUMRyRVoXaKBoKhBKjBKfIUykT",
            "output": "7"
        },
        {
            "input": "QnRdIPUxMFmEWFgXVWsorANcBG",
            "output": "5"
        },
        {
            "input": "BPOceHrZcEszFwjADaarEUH",
            "output": "8"
        },
        {
            "input": "rUCksPoGRmktASXzeSzSyYBiPWUgGkTSOwHL",
            "output": "7"
        },
        {
            "input": "pJhnoTxssjqvWAwEfJDJDdTxxcZCcCyZcciJad",
            "output": "5"
        },
        {
            "input": "qPlJgYkhqoLUBumFiNqvUgESjgnecutNCctCJyCUuOt",
            "output": "11"
        },
        {
            "input": "UkWzWeslYTjuppHuJhOjFONfjOruizLb",
            "output": "9"
        },
        {
            "input": "YyoAuvDBEhZaHWVtoIVHCorzjieFnlELjlUUK",
            "output": "13"
        },
        {
            "input": "MGArOySiUZVGeVZzCozLHAuAANMCnmAVzXUkoYCxDSL",
            "output": "13"
        },
        {
            "input": "AGfjnlgYyvHdRlhPlhxsTbMtdmxZjf",
            "output": "1"
        },
        {
            "input": "mnQiiocESslpBQDOvsaOTxwRAklYU",
            "output": "9"
        },
        {
            "input": "QdciBjBKiuZvHSYbHxWDk",
            "output": "3"
        },
        {
            "input": "laXGgHSMhuVivvZda",
            "output": "4"
        },
        {
            "input": "vetcVDApgztNEsVjxKvnjijbRKtltBnoWDhcNwcGzB",
            "output": "5"
        },
        {
            "input": "szxJczSseCJZaOBGTndgfsYbRFxjekRWz",
            "output": "4"
        },
        {
            "input": "zeDPZEvPVAIMYr",
            "output": "4"
        },
        {
            "input": "idiMbOvepkjxHdyNZcvPMuxfxL",
            "output": "5"
        },
        {
            "input": "TqofKwxjxtRxIY",
            "output": "2"
        },
        {
            "input": "iBKsIXkPfUWjDXDrrfmxFxXQYnoaZjlaFnxZ",
            "output": "6"
        },
        {
            "input": "kDEHSMvzZst",
            "output": "1"
        },
        {
            "input": "ziEvMMmIXRENhjzFwqBasjeFiFXHxx",
            "output": "7"
        },
        {
            "input": "nkcDyOZAfqVCgCSRxlUJtcZomgtLsXiqg",
            "output": "5"
        },
        {
            "input": "agHJQgEIiFalNIbazGWoMmJxkyjCo",
            "output": "9"
        },
        {
            "input": "GWpNFaBvkBXgQAPZTIUNaO",
            "output": "6"
        },
        {
            "input": "fiTzvjQqPEhliiemZxsLJNtRI",
            "output": "6"
        },
        {
            "input": "lOcBzMKlxdUxaJABntYE",
            "output": "5"
        },
        {
            "input": "NumHLYXlkYqPkjPYYGrcYbjrEDHCHdKZurjlrnrnlJh",
            "output": "3"
        },
        {
            "input": "TYDIxmKmlnKwOeoUBOEoJXtaDydcXOtvHiEpugPJvLAa",
            "output": "15"
        },
        {
            "input": "OavokXsVpfyMMoDJpqkwwDgmKxNclldS",
            "output": "4"
        },
        {
            "input": "CZhYwRSevASc",
            "output": "2"
        },
        {
            "input": "uKNXcQsWndPmmOcPfXBJpcrwpRSqtlErDw",
            "output": "3"
        },
        {
            "input": "aPFSHiyIyYfGEnazaWfgzXKnqiNGwzdVIgkRG",
            "output": "8"
        },
        {
            "input": "OkedGYnTrbQIsQnpXPnVMPgyoyfkzlNjoIh",
            "output": "6"
        },
        {
            "input": "dGgDKgDccYefbwzqVasNakrdrpVYUiHJiBlr",
            "output": "6"
        },
        {
            "input": "rvutLawcICpclYnBteNmj",
            "output": "4"
        },
        {
            "input": "LhUfgxpUkENaKIsBIoOE",
            "output": "9"
        },
        {
            "input": "jOjpdjRCwEskGoWgwWXavAQuvRzlJUlCNNrEgTaKkqSoQEh",
            "output": "11"
        },
        {
            "input": "vCyxppdwfonAvITrgaILQNpKIKUaIekec",
            "output": "11"
        },
        {
            "input": "VWACRpfjGRQEYLtqICjHTkFjAhkMHgCsxPdiok",
            "output": "6"
        },
        {
            "input": "WAcLisLLWJfCFHNRUa",
            "output": "4"
        },
        {
            "input": "fnCPJmdFtCbDbdBFhXzRtTcEwuaLzzhctUvImoZk",
            "output": "6"
        },
        {
            "input": "jQgjmQGgNfVNpQRbwbKxvcpPGfQlNdUGWBKorcgilRMdABc",
            "output": "4"
        },
        {
            "input": "UMLKmAhHabtxidpkdPwSuhhnJZmIJgLpyIpDkRUQSieNWO",
            "output": "11"
        },
        {
            "input": "eoQmjRSFojSxniKXdvFpLjiBvfbXvVBEoMLmC",
            "output": "7"
        },
        {
            "input": "mYtvGOGGtrUFhhl",
            "output": "2"
        },
        {
            "input": "NFcrvwqoETsWBufmmirRJPVsg",
            "output": "4"
        },
        {
            "input": "qUcKJSvXPrVrfKVRQwKnpawaoRSBIjWpvszaw",
            "output": "6"
        },
        {
            "input": "gVcVfLIGskGDBbqciPRSZBSdektGzGKUQtkhmgVEnARyAokY",
            "output": "8"
        },
        {
            "input": "HuWdiAuzeaDsmihHRGIhxMpyKvZNaLFUqinmtYKHMhvAVK",
            "output": "12"
        },
        {
            "input": "nLZSjMlPaFiTdJPfSaEYgZcfmovIqzjHRURRjHAwWGlFdgvpod",
            "output": "9"
        },
        {
            "input": "DtJyoPpjssuc",
            "output": "2"
        },
        {
            "input": "TffLmkYRVCljDxiDTJkU",
            "output": "2"
        },
        {
            "input": "KLzzndAQLDOWGywgcJGSPLAkDaGSOLFQueYANOZjZvVJRuF",
            "output": "10"
        },
        {
            "input": "ojFsxGcBnKfRtOuxnLXjmbc",
            "output": "3"
        },
        {
            "input": "atgFEGKNUbqxxZSafiCZYCZieETOzrETYoZL",
            "output": "11"
        },
        {
            "input": "PpGPjcrhKrlNEovqVrjzQFbcMEIIzGQtNUQHbVAKMrXYsmN",
            "output": "7"
        },
        {
            "input": "ksUnLDgYzVlpVPzPqsv",
            "output": "1"
        },
        {
            "input": "PHRRWBOfLcPDbYPdEKgVYU",
            "output": "3"
        },
        {
            "input": "XTtbVTiUMpGRqsqMRP",
            "output": "2"
        },
        {
            "input": "cnukDEZMrUYudjkTNkjvWZTEUQLLmVtMxmakief",
            "output": "9"
        },
        {
            "input": "LjCbSCmCQPkuXirmQFxIiquQhwxJUoMpOCSHmyYtdzrE",
            "output": "9"
        },
        {
            "input": "AIVWcOPlIcNCdGMIZqU",
            "output": "6"
        },
        {
            "input": "AZKrrAhjQNbHJjcNzBEqbHbzOuLmuSy",
            "output": "6"
        },
        {
            "input": "kGOdraCcScJmbxoIDVUIISqYwiJtVBckoMdDmQVefuyHCOjU",
            "output": "13"
        },
        {
            "input": "lImuIeUuQJULemKdFCSigQPFVejwuGaYDwS",
            "output": "12"
        },
        {
            "input": "NmUdAuqSwnwLFLRdlhEQriqqWqAZwRQTWdTTnNMm",
            "output": "6"
        },
        {
            "input": "hLrRKvBtECQgCoRkThbsViSSXaYGslyXJxkAJ",
            "output": "5"
        },
        {
            "input": "cinBEjUQZOeOdSUktstzNOXHrpc",
            "output": "8"
        },
        {
            "input": "UbqNfOijtbRmEoAiRfemOaTrFPZrRr",
            "output": "10"
        },
        {
            "input": "iqxhIVghTaEjoOAQtKfcyGBiYgmcvEqCrWxEhXHYsCGCSrj",
            "output": "10"
        },
        {
            "input": "VyBkqMDfRsoYsiDXoSakmFERjgOMjEsrGXoXaOuFvtrfNpu",
            "output": "12"
        },
        {
            "input": "RYwnAsHwSqPU",
            "output": "2"
        },
        {
            "input": "BDsInWmnjZUGzmLdZNTdZPSKDujkYUeFyhWNytIot",
            "output": "7"
        },
        {
            "input": "UGWSbdNmDFrDUuiHHlAzSXzM",
            "output": "5"
        },
        {
            "input": "dGseGCREIjxEvio",
            "output": "6"
        },
        {
            "input": "HHjcADPuiNJqLQRaOutqkUxfyzWorAWwJPqonJWsFXikCju",
            "output": "12"
        },
        {
            "input": "cinxSEbxVRGdkiQiuuRmsFXntxmoPQZqif",
            "output": "8"
        },
        {
            "input": "fPEntiEwyNcEGSOKuYlijlfYqWsmUGRTBsrCoiY",
            "output": "10"
        },
        {
            "input": "sDAqJQTTlqaFAhaFfRzVtVhI",
            "output": "5"
        },
        {
            "input": "XjKtALULhu",
            "output": "3"
        },
        {
            "input": "GIjAjKzNBLKPNJFoqNKNbJgcCYTvEWJxEX",
            "output": "5"
        },
        {
            "input": "nBOgMRoDBIRANkVKhisRcVTCbRE",
            "output": "6"
        },
        {
            "input": "vRBVzdsBiCQjhFgDhbQckQxvojdgHfcKjeyinwRGUZaOcop",
            "output": "8"
        },
        {
            "input": "NIUDbMpWXycLpmvIQQlVOiRXMasejwg",
            "output": "7"
        },
        {
            "input": "CLIAjyewkfaneSebwbSzwvHpVCFvDvRskKUprtEipOl",
            "output": "10"
        },
        {
            "input": "GPUBhLjaNsPjAfEiItqwGNJmmLgRITWCHgwCFtzpOPRuiuKQxT",
            "output": "11"
        },
        {
            "input": "GCAwleqJQKSAshyyYoTDQluOhMMRgIotGSYKXqp",
            "output": "8"
        },
        {
            "input": "ujaCbFsvpi",
            "output": "3"
        },
        {
            "input": "ngaaqaLzVaKrPeQyPKekajarnAO",
            "output": "10"
        },
        {
            "input": "hXQmNchEdmuLodtyYDYIzeatXOcSWF",
            "output": "7"
        },
        {
            "input": "hGDEKDauzXIpNPUNFzKlHNQEPxCDFkpXkyzFQPdyrE",
            "output": "7"
        },
        {
            "input": "maIkvpzNJX",
            "output": "2"
        },
        {
            "input": "IbahvIfjtJRdGenkrzzNTNxzqbVDsBhjMgEU",
            "output": "6"
        },
        {
            "input": "kGTCSeJHvxGRcHm",
            "output": "1"
        },
        {
            "input": "NjzdlulswClqtEz",
            "output": "2"
        },
        {
            "input": "LGDGBjIgOqgMmfWzVVRummFBw",
            "output": "3"
        },
        {
            "input": "RDfJTJGhMgBDLjawbFyRvrps",
            "output": "1"
        },
        {
            "input": "CiLsIMsWuRljC",
            "output": "3"
        },
        {
            "input": "AFfimSzapMBQtFPypxAfVXhVPWEKIRIrgv",
            "output": "7"
        },
        {
            "input": "uXwNEcWBdiaZdKSxDMIXOBflvJVYOkIKFTuCgLgEVSkrIUbylZ",
            "output": "12"
        },
        {
            "input": "UgPIJhdtqBGeWwlGuMCcNqsdeKklduvM",
            "output": "6"
        },
        {
            "input": "zLMSnfkDfaRuezednBVcYyweayflkjhCFawhRDuFGidIyYt",
            "output": "10"
        },
        {
            "input": "AFfpGmpwFyBkgUEIvZQLfLnVxt",
            "output": "4"
        },
        {
            "input": "vKayALoZBwuyOhyWkvBOkgdunQWtPTZAYvwsvGIgCFSsfV",
            "output": "9"
        },
        {
            "input": "eLcKFfnymIntrvtEUzLkRlPo",
            "output": "5"
        },
        {
            "input": "eUSELNcmrTKWXnI",
            "output": "4"
        },
        {
            "input": "QJvhcrjeimVdRlOAuYjlq",
            "output": "5"
        },
        {
            "input": "EkPkCzZWDUFKOMEVgcwNmqIJhDsFkMqHVwfjrOI",
            "output": "7"
        },
        {
            "input": "tgcpsxSOPRdEhDRFtXmGTF",
            "output": "2"
        },
        {
            "input": "DklhoqYxsKtfwuvVYCsXdosTZXOlFvaAbtorLQuwUCH",
            "output": "9"
        },
        {
            "input": "GSpbcLaLGGySZvwjRRbbowSKTIwNhkPmsfafurzBBUIMMxvS",
            "output": "7"
        },
        {
            "input": "hhujIPtCZgbcoEEIyccndvdmNyLMOgVBdsiNohddzt",
            "output": "9"
        },
        {
            "input": "XQhspKdszCRWgDSBmMzdnLcehnrlccD",
            "output": "1"
        },
        {
            "input": "LxpyNgNHwmtPjpcVeH",
            "output": "1"
        },
        {
            "input": "srOacJLzBLFGlzyJnIzJbQpkiFfkEL",
            "output": "5"
        },
        {
            "input": "BEHdLaVvXsKUwaCPMKJiMbMvBld",
            "output": "5"
        },
        {
            "input": "hjrsZGIcPBeXXlkGVRyxDSOATxSKMIjDk",
            "output": "5"
        },
        {
            "input": "xhKppevplOeOwwFpTGnTaWIdGxGPFQiDmaaiLLyEIP",
            "output": "12"
        },
        {
            "input": "vHumjSuwsASbbVguKMRPxYNiolRQel",
            "output": "7"
        },
        {
            "input": "URsnMtdunDenCfPstjVlvyZSJoYiSggsinBjXCrbTeiQzwE",
            "output": "9"
        },
        {
            "input": "risnPtcXzPkDVwNrwQaQmXPlPoutSvqvIofnfyISbqP",
            "output": "7"
        },
        {
            "input": "BQEwHUUVNOIewKysMFDjJXqklfVuWNCMsUcl",
            "output": "8"
        },
        {
            "input": "NkThWeTmZUQaFaTOXjiduysmNdbZLGQdMNRRhRQLCmSGKLiwzi",
            "output": "9"
        },
        {
            "input": "hWHskHDkreFcfuirHYHQZTWdTlHDhtObZEugVtiGX",
            "output": "7"
        },
        {
            "input": "EVBFkskVezd",
            "output": "2"
        },
        {
            "input": "lNaPOWCPRenGKLGZukETAfewrsINKsQmucI",
            "output": "10"
        },
        {
            "input": "urdPzUxUsTLqNYhzMnVJcxgPlVIsnrNLhWscihuwXRYbSzIkZO",
            "output": "8"
        },
        {
            "input": "eAVVzzBNhDhmzUTEK",
            "output": "4"
        },
        {
            "input": "mhbEMhIecqvYnufuKSIfaEIlUbmOpeVpLmVNyxrogFFqOVrtQS",
            "output": "14"
        },
        {
            "input": "fMqfmXEhCgGJYGjdBCvtAoxEq",
            "output": "4"
        },
        {
            "input": "bnrHvctikoFRnZCfasCGDNCYMSiGavdcePjcoomieMrFhLq",
            "output": "10"
        },
        {
            "input": "YMIXGLWnIpUsIxRdDbivrRixFjPppClvkEdxes",
            "output": "8"
        },
        {
            "input": "CFqINXUiKsWDejlDzEydEyzfAKUkBur",
            "output": "9"
        },
        {
            "input": "qsLqmITwprCxDjvawhRYBnaMdNVDBRiqXfihnGAGRvfHDNxLXG",
            "output": "6"
        },
        {
            "input": "SYwUhMfKpSzYtnuXSSuUkeNgBVJgNRiiERECZflxucuLlcDS",
            "output": "11"
        },
        {
            "input": "LIfEKXDBnSDlioXEUfmcDKVsaixcZS",
            "output": "8"
        },
        {
            "input": "xBBQBJDEuTjQTuYUVqAcytFRJIgbeQxHOaWaQqHBMlLh",
            "output": "10"
        },
        {
            "input": "qfgXOcFFQYcMMpPlEBSwi",
            "output": "3"
        },
        {
            "input": "zSoOBevrcegO",
            "output": "5"
        },
        {
            "input": "jnJMQCmsIliVyvEfRCWFyyKtIxbN",
            "output": "4"
        },
        {
            "input": "IfekrvmvFfYvHFRDPcgzMtFajUuO",
            "output": "6"
        },
        {
            "input": "WlcoJqITMiVpoldmIMjIfAYqDNlPKFEBfmqztORWfQkdUAYN",
            "output": "11"
        },
        {
            "input": "AaxmWbjbQZWvgjilzgxoqumrdlxJtvTurkQE",
            "output": "7"
        },
        {
            "input": "VZGQkwNCdFTIRZgcxLbtRJOiRDhNMZhaEGo",
            "output": "6"
        },
        {
            "input": "sFhZGpmQzWtdpavkdPChJ",
            "output": "1"
        },
        {
            "input": "BtqtmmAwmRdVJOmGKWGyWcqHfSnRuXEPjfkdqmhD",
            "output": "4"
        },
        {
            "input": "xAxXGwPByuHZxwFoURxxxGWmwqQSGDJwBSKmTKKXZXPrYKEi",
            "output": "6"
        },
        {
            "input": "nnHCNOzlXtPShqUvuneaRCLGBSKFrPDBrokUfXvEsLjvJ",
            "output": "8"
        },
        {
            "input": "eNCGZYPQjexuYhnyfjjQaMOXGwhsmgHquwiWNCeoRxnPNxMa",
            "output": "10"
        },
        {
            "input": "jJfiziijiouWffNsnBVmkNplqCrKCfaOdwYzrtGnCjYgXdbAm",
            "output": "9"
        },
        {
            "input": "EVnmZLSGpVxPUGl",
            "output": "2"
        },
        {
            "input": "SOVptgvDkLoQOIVWwxBifpUODikOzZcs",
            "output": "9"
        },
        {
            "input": "oYiEqZORJuKJY",
            "output": "5"
        },
        {
            "input": "olOJknBtIzFHizpQwXWTDNbSkARgIp",
            "output": "6"
        },
        {
            "input": "vPdbfPFnrqJvyKFoZlynWbsYIvOiGRPAtIeXRSVkGpXbI",
            "output": "8"
        },
        {
            "input": "zDLiLTBYrveFKTg",
            "output": "2"
        },
        {
            "input": "EXbWTrZAfbkHXnZevV",
            "output": "3"
        },
        {
            "input": "ggqNVEePCAnPOssloLrCkuyLcJzyzkidISTNnsrCvuopcFbE",
            "output": "11"
        },
        {
            "input": "XKxuevoXGZyMgNHSsOiftbThigwgfnK",
            "output": "6"
        },
        {
            "input": "UREbvAQizYApGQKUwDbQ",
            "output": "6"
        },
        {
            "input": "aPokpWgdHEYzAZPHxGcpglGouYgwADnSWZUDfmzcPnjPzTfrL",
            "output": "8"
        },
        {
            "input": "oLGNfFajwBEtJynsrF",
            "output": "3"
        },
        {
            "input": "DwehxHOPsVsPlnIvQIZ",
            "output": "4"
        },
        {
            "input": "JpEKExGFhYCGtVCzxcTSncRPVzcHMEZa",
            "output": "4"
        },
        {
            "input": "unTSJFmjuPugotsmPXUkBZQVHvKgdC",
            "output": "5"
        },
        {
            "input": "ofJuITZNnLBZLHoCxGr",
            "output": "4"
        },
        {
            "input": "LGwuKikukdkic",
            "output": "4"
        },
        {
            "input": "fHCcqgatpgHOKHvYfwq",
            "output": "2"
        },
        {
            "input": "JDPcQuZWtBkNTrjBRJ",
            "output": "1"
        },
        {
            "input": "wzfaMXfKZzrXfDxPrJcM",
            "output": "1"
        },
        {
            "input": "FCWOWXWawqriunvHzDvftHSNWiKEOoOIcWWpOZSHiE",
            "output": "13"
        },
        {
            "input": "voGcGuimfoxoInbcFluoNkvFuPp",
            "output": "9"
        },
        {
            "input": "xfjlqMnqvjgRSiGKpfbmdvssgGBJEjVhcpkTa",
            "output": "3"
        },
        {
            "input": "drCMsJvYlPBm",
            "output": "0"
        },
        {
            "input": "YEJvkRrTNtYkaSfbMijkHKVXOIAmPdHWbgDYvvit",
            "output": "7"
        },
        {
            "input": "nWJETNCedCcyQhCLlwpCGVRRJYvPYfUbASUFoDlUrwj",
            "output": "7"
        },
        {
            "input": "nDCAhswlyEXdqtPdrq",
            "output": "2"
        },
        {
            "input": "stRhksOOfsaTjtONZ",
            "output": "4"
        },
        {
            "input": "MAIygLgXzWUFVeQwptmhKLFXGCRtooknl",
            "output": "6"
        },
        {
            "input": "KmJPsyUFXXBMFUVyr",
            "output": "2"
        },
        {
            "input": "bmImumpOQqoijWLGaVjxqiVbuYnksFNHHZmJGE",
            "output": "9"
        },
        {
            "input": "lYhgqlxAkABtoNVxrYLakpMnEDDcMUBYEpnHrNpjnUMAGBOY",
            "output": "10"
        },
        {
            "input": "rCCzIJpvGPTfIlPYCpbiOCgwzVIPdCrJkWSzfMlRtXnqr",
            "output": "5"
        },
        {
            "input": "YTAfOhCruGmPIfEmyfxwqqOmUNQQTSJkiVbDOz",
            "output": "9"
        },
        {
            "input": "sSSZkcyzyDXkYBeTFanUxsNbKccwpbB",
            "output": "3"
        },
        {
            "input": "NRmLPPFWPRKqFWtPDSDVmFaq",
            "output": "1"
        },
        {
            "input": "noxMIGHwpvfCvukibPjUqKQaINmtLSoXEsNeMoDaVtL",
            "output": "12"
        },
        {
            "input": "hLOgczgOMaBVB",
            "output": "3"
        },
        {
            "input": "chzYOOtflF",
            "output": "2"
        },
        {
            "input": "dcLFATKKvuLGiloiVKwUTyfunujLVRvMcYBsPEEEuKnQP",
            "output": "12"
        },
        {
            "input": "JMqAQCLZLhFUQEKysrJvagYA",
            "output": "5"
        },
        {
            "input": "wEOmLCuiCPBMdj",
            "output": "4"
        },
        {
            "input": "IKwlowbwLQeGJWrqxItJVAOdWYRD",
            "output": "6"
        },
        {
            "input": "YVDCipBQnaGuNnYJvPliGyaQbKgoSrfB",
            "output": "6"
        },
        {
            "input": "aLjOUDzCBLOTgXTuSpxMrY",
            "output": "5"
        },
        {
            "input": "xkTdlqwHqdBtMFBNMQLwuStSOpEFqLMy",
            "output": "3"
        },
        {
            "input": "mZRtXMkvOrciexRXMWeiICrCGMpJ",
            "output": "6"
        },
        {
            "input": "ClvASvtJVnqKgyCzJiqGNVbGvdhNXbKHaCkFsLpn",
            "output": "3"
        },
        {
            "input": "ucyQYdZswHh",
            "output": "1"
        },
        {
            "input": "PkYifwbwxYnXcoAHsCVOCaMaHCcYlzwlUn",
            "output": "7"
        },
        {
            "input": "KRrfYOEqSnAGveNdTmLsvRcmGsZDugCanSJMOmY",
            "output": "7"
        },
        {
            "input": "jMseOCELhrA",
            "output": "4"
        },
        {
            "input": "TTOtbgxfoogwBKmXHTlvckcbgKeMjFpwFwpWuJEEYqnjtWg",
            "output": "7"
        },
        {
            "input": "JUZXDXFPxvmEsloUmAPeCXtZkFtwjSLmHxIaf",
            "output": "8"
        },
        {
            "input": "eJUOtNXYIPGqDNYyPStnk",
            "output": "4"
        },
        {
            "input": "SWWQpHMVufvWpgSbjpAEmfuhvgvqmTGvHRJWeG",
            "output": "5"
        },
        {
            "input": "iztyFVQEwSKeSQUaDkqsQeqKdAEhOJ",
            "output": "9"
        },
        {
            "input": "PCMFParevCZJWOfWSYUZkfjmhSuLhEkFjxnGXhrKsFAnlGyveZ",
            "output": "8"
        },
        {
            "input": "pMibnDcssNHfnbXLwgK",
            "output": "1"
        },
        {
            "input": "rrHOJnKBnTelUuKIfHmzsrtUWkfhTdZ",
            "output": "6"
        },
        {
            "input": "iLzGlzAYMyAAUXhVoSXKIBnBkgFwQUoJIEkuQAJNBY",
            "output": "13"
        },
        {
            "input": "gbieaIixjuwJTnWg",
            "output": "6"
        },
        {
            "input": "bhKhRgTyCMNziBkFoGcZyZhfo",
            "output": "3"
        },
        {
            "input": "rWTVeUriEXYfzDROGSZfTG",
            "output": "5"
        },
        {
            "input": "wpOQXYxhiUPMfJqSfaoIPPiXtHLEpGpjnHnBPNsUutxXTjfjmR",
            "output": "10"
        },
        {
            "input": "fVEgVPhXQVslbxuIYZyQaOdFlsTaUpTBHmCchZtpwzVRSeDxt",
            "output": "8"
        },
        {
            "input": "sJBxRZTmpXfYLDzkFnGMEvbgCls",
            "output": "1"
        },
        {
            "input": "juORkaINbAb",
            "output": "5"
        },
        {
            "input": "xfrQTCxXsArFdNFFGaXPZgmAcFSwzmlQwxfa",
            "output": "4"
        },
        {
            "input": "XAQIIqrgroKPskdgsrhVXVuYXGR",
            "output": "5"
        },
        {
            "input": "TTBGQbITkAkQECRNZyCevqSjCWWfNJx",
            "output": "4"
        },
        {
            "input": "qgWNITmTqXxQDbv",
            "output": "1"
        }
    ]
}