{
    "id": "decimal_to_binary",
    "title": "Decimal to Binary",
    "description": "A decimal number is a base-10 number, while a binary number is a base-2 number consisting only of the digits 0 and 1. In this problem, you are given a non-negative integer `N`. Your task is to convert this decimal number into its binary string representation. For example, the decimal number 5 is represented as '101' in binary.",
    "input_format": "A single integer N.",
    "output_format": "Output a single string representing the binary equivalent of the given decimal integer `N`.",
    "constraints": {
        "N": "0 <= N <= 10^9"
    },
    "judge_mode": "FIRST_FAIL",
    "time_limit": 1,
    "sample_test_cases": [
        {
            "input": "5",
            "output": "101"
        },
        {
            "input": "15",
            "output": "1111"
        }
    ],
    "hidden_test_cases": [
        {
            "input": "2019",
            "output": "11111100011"
        },
        {
            "input": "7976",
            "output": "1111100101000"
        },
        {
            "input": "5393",
            "output": "1010100010001"
        },
        {
            "input": "3786",
            "output": "111011001010"
        },
        {
            "input": "5727",
            "output": "1011001011111"
        },
        {
            "input": "4032",
            "output": "111111000000"
        },
        {
            "input": "4711",
            "output": "1001001100111"
        },
        {
            "input": "4326",
            "output": "1000011100110"
        },
        {
            "input": "5163",
            "output": "1010000101011"
        },
        {
            "input": "7082",
            "output": "1101110101010"
        },
        {
            "input": "49",
            "output": "110001"
        },
        {
            "input": "6991",
            "output": "1101101001111"
        },
        {
            "input": "6875",
            "output": "1101011011011"
        },
        {
            "input": "9433",
            "output": "10010011011001"
        },
        {
            "input": "9032",
            "output": "10001101001000"
        },
        {
            "input": "1293",
            "output": "10100001101"
        },
        {
            "input": "5893",
            "output": "1011100000101"
        },
        {
            "input": "7186",
            "output": "1110000010010"
        },
        {
            "input": "4855",
            "output": "1001011110111"
        },
        {
            "input": "8932",
            "output": "10001011100100"
        },
        {
            "input": "9138",
            "output": "10001110110010"
        },
        {
            "input": "2805",
            "output": "101011110101"
        },
        {
            "input": "2265",
            "output": "100011011001"
        },
        {
            "input": "6731",
            "output": "1101001001011"
        },
        {
            "input": "426",
            "output": "110101010"
        },
        {
            "input": "847",
            "output": "1101001111"
        },
        {
            "input": "8849",
            "output": "10001010010001"
        },
        {
            "input": "9589",
            "output": "10010101110101"
        },
        {
            "input": "4852",
            "output": "1001011110100"
        },
        {
            "input": "5575",
            "output": "1010111000111"
        },
        {
            "input": "1433",
            "output": "10110011001"
        },
        {
            "input": "4416",
            "output": "1000101000000"
        },
        {
            "input": "618",
            "output": "1001101010"
        },
        {
            "input": "1174",
            "output": "10010010110"
        },
        {
            "input": "7306",
            "output": "1110010001010"
        },
        {
            "input": "583",
            "output": "1001000111"
        },
        {
            "input": "873",
            "output": "1101101001"
        },
        {
            "input": "9996",
            "output": "10011100001100"
        },
        {
            "input": "3110",
            "output": "110000100110"
        },
        {
            "input": "5713",
            "output": "1011001010001"
        },
        {
            "input": "4219",
            "output": "1000001111011"
        },
        {
            "input": "4332",
            "output": "1000011101100"
        },
        {
            "input": "6674",
            "output": "1101000010010"
        },
        {
            "input": "614",
            "output": "1001100110"
        },
        {
            "input": "3266",
            "output": "110011000010"
        },
        {
            "input": "3301",
            "output": "110011100101"
        },
        {
            "input": "2494",
            "output": "100110111110"
        },
        {
            "input": "8013",
            "output": "1111101001101"
        },
        {
            "input": "4051",
            "output": "111111010011"
        },
        {
            "input": "2071",
            "output": "100000010111"
        },
        {
            "input": "2492",
            "output": "100110111100"
        },
        {
            "input": "4919",
            "output": "1001100110111"
        },
        {
            "input": "665",
            "output": "1010011001"
        },
        {
            "input": "7229",
            "output": "1110000111101"
        },
        {
            "input": "2032",
            "output": "11111110000"
        },
        {
            "input": "7832",
            "output": "1111010011000"
        },
        {
            "input": "4834",
            "output": "1001011100010"
        },
        {
            "input": "3520",
            "output": "110111000000"
        },
        {
            "input": "3730",
            "output": "111010010010"
        },
        {
            "input": "9531",
            "output": "10010100111011"
        },
        {
            "input": "884",
            "output": "1101110100"
        },
        {
            "input": "5342",
            "output": "1010011011110"
        },
        {
            "input": "8864",
            "output": "10001010100000"
        },
        {
            "input": "9521",
            "output": "10010100110001"
        },
        {
            "input": "3170",
            "output": "110001100010"
        },
        {
            "input": "204",
            "output": "11001100"
        },
        {
            "input": "5986",
            "output": "1011101100010"
        },
        {
            "input": "8766",
            "output": "10001000111110"
        },
        {
            "input": "4075",
            "output": "111111101011"
        },
        {
            "input": "296",
            "output": "100101000"
        },
        {
            "input": "4062",
            "output": "111111011110"
        },
        {
            "input": "6781",
            "output": "1101001111101"
        },
        {
            "input": "9904",
            "output": "10011010110000"
        },
        {
            "input": "3828",
            "output": "111011110100"
        },
        {
            "input": "1424",
            "output": "10110010000"
        },
        {
            "input": "2499",
            "output": "100111000011"
        },
        {
            "input": "9201",
            "output": "10001111110001"
        },
        {
            "input": "6578",
            "output": "1100110110010"
        },
        {
            "input": "6221",
            "output": "1100001001101"
        },
        {
            "input": "7485",
            "output": "1110100111101"
        },
        {
            "input": "9269",
            "output": "10010000110101"
        },
        {
            "input": "591",
            "output": "1001001111"
        },
        {
            "input": "5524",
            "output": "1010110010100"
        },
        {
            "input": "4717",
            "output": "1001001101101"
        },
        {
            "input": "7104",
            "output": "1101111000000"
        },
        {
            "input": "91",
            "output": "1011011"
        },
        {
            "input": "6483",
            "output": "1100101010011"
        },
        {
            "input": "3163",
            "output": "110001011011"
        },
        {
            "input": "5817",
            "output": "1011010111001"
        },
        {
            "input": "6552",
            "output": "1100110011000"
        },
        {
            "input": "9627",
            "output": "10010110011011"
        },
        {
            "input": "3981",
            "output": "111110001101"
        },
        {
            "input": "6076",
            "output": "1011110111100"
        },
        {
            "input": "9455",
            "output": "10010011101111"
        },
        {
            "input": "429",
            "output": "110101101"
        },
        {
            "input": "7385",
            "output": "1110011011001"
        },
        {
            "input": "703",
            "output": "1010111111"
        },
        {
            "input": "7039",
            "output": "1101101111111"
        },
        {
            "input": "4358",
            "output": "1000100000110"
        },
        {
            "input": "1496",
            "output": "10111011000"
        },
        {
            "input": "7196",
            "output": "1110000011100"
        },
        {
            "input": "6115",
            "output": "1011111100011"
        },
        {
            "input": "3212",
            "output": "110010001100"
        },
        {
            "input": "1041",
            "output": "10000010001"
        },
        {
            "input": "6707",
            "output": "1101000110011"
        },
        {
            "input": "7089",
            "output": "1101110110001"
        },
        {
            "input": "9641",
            "output": "10010110101001"
        },
        {
            "input": "3947",
            "output": "111101101011"
        },
        {
            "input": "8835",
            "output": "10001010000011"
        },
        {
            "input": "4650",
            "output": "1001000101010"
        },
        {
            "input": "4527",
            "output": "1000110101111"
        },
        {
            "input": "2558",
            "output": "100111111110"
        },
        {
            "input": "8387",
            "output": "10000011000011"
        },
        {
            "input": "570",
            "output": "1000111010"
        },
        {
            "input": "8175",
            "output": "1111111101111"
        },
        {
            "input": "7883",
            "output": "1111011001011"
        },
        {
            "input": "9003",
            "output": "10001100101011"
        },
        {
            "input": "2746",
            "output": "101010111010"
        },
        {
            "input": "9027",
            "output": "10001101000011"
        },
        {
            "input": "2571",
            "output": "101000001011"
        },
        {
            "input": "8816",
            "output": "10001001110000"
        },
        {
            "input": "2269",
            "output": "100011011101"
        },
        {
            "input": "4124",
            "output": "1000000011100"
        },
        {
            "input": "7733",
            "output": "1111000110101"
        },
        {
            "input": "7405",
            "output": "1110011101101"
        },
        {
            "input": "9493",
            "output": "10010100010101"
        },
        {
            "input": "7320",
            "output": "1110010011000"
        },
        {
            "input": "674",
            "output": "1010100010"
        },
        {
            "input": "1920",
            "output": "11110000000"
        },
        {
            "input": "9262",
            "output": "10010000101110"
        },
        {
            "input": "8057",
            "output": "1111101111001"
        },
        {
            "input": "6122",
            "output": "1011111101010"
        },
        {
            "input": "9888",
            "output": "10011010100000"
        },
        {
            "input": "7092",
            "output": "1101110110100"
        },
        {
            "input": "3959",
            "output": "111101110111"
        },
        {
            "input": "7169",
            "output": "1110000000001"
        },
        {
            "input": "4106",
            "output": "1000000001010"
        },
        {
            "input": "1608",
            "output": "11001001000"
        },
        {
            "input": "1642",
            "output": "11001101010"
        },
        {
            "input": "4082",
            "output": "111111110010"
        },
        {
            "input": "2707",
            "output": "101010010011"
        },
        {
            "input": "4489",
            "output": "1000110001001"
        },
        {
            "input": "2158",
            "output": "100001101110"
        },
        {
            "input": "6294",
            "output": "1100010010110"
        },
        {
            "input": "8347",
            "output": "10000010011011"
        },
        {
            "input": "5638",
            "output": "1011000000110"
        },
        {
            "input": "7568",
            "output": "1110110010000"
        },
        {
            "input": "7219",
            "output": "1110000110011"
        },
        {
            "input": "5322",
            "output": "1010011001010"
        },
        {
            "input": "4969",
            "output": "1001101101001"
        },
        {
            "input": "4843",
            "output": "1001011101011"
        },
        {
            "input": "7479",
            "output": "1110100110111"
        },
        {
            "input": "6829",
            "output": "1101010101101"
        },
        {
            "input": "1725",
            "output": "11010111101"
        },
        {
            "input": "5851",
            "output": "1011011011011"
        },
        {
            "input": "2219",
            "output": "100010101011"
        },
        {
            "input": "477",
            "output": "111011101"
        },
        {
            "input": "2758",
            "output": "101011000110"
        },
        {
            "input": "9047",
            "output": "10001101010111"
        },
        {
            "input": "8785",
            "output": "10001001010001"
        },
        {
            "input": "6472",
            "output": "1100101001000"
        },
        {
            "input": "9947",
            "output": "10011011011011"
        },
        {
            "input": "5400",
            "output": "1010100011000"
        },
        {
            "input": "2950",
            "output": "101110000110"
        },
        {
            "input": "779",
            "output": "1100001011"
        },
        {
            "input": "6593",
            "output": "1100111000001"
        },
        {
            "input": "7920",
            "output": "1111011110000"
        },
        {
            "input": "6156",
            "output": "1100000001100"
        },
        {
            "input": "6281",
            "output": "1100010001001"
        },
        {
            "input": "8688",
            "output": "10000111110000"
        },
        {
            "input": "7445",
            "output": "1110100010101"
        },
        {
            "input": "3207",
            "output": "110010000111"
        },
        {
            "input": "8318",
            "output": "10000001111110"
        },
        {
            "input": "8166",
            "output": "1111111100110"
        },
        {
            "input": "5023",
            "output": "1001110011111"
        },
        {
            "input": "4910",
            "output": "1001100101110"
        },
        {
            "input": "5340",
            "output": "1010011011100"
        },
        {
            "input": "5268",
            "output": "1010010010100"
        },
        {
            "input": "5848",
            "output": "1011011011000"
        },
        {
            "input": "2740",
            "output": "101010110100"
        },
        {
            "input": "3111",
            "output": "110000100111"
        },
        {
            "input": "6236",
            "output": "1100001011100"
        },
        {
            "input": "8775",
            "output": "10001001000111"
        },
        {
            "input": "6501",
            "output": "1100101100101"
        },
        {
            "input": "2724",
            "output": "101010100100"
        },
        {
            "input": "4354",
            "output": "1000100000010"
        },
        {
            "input": "5540",
            "output": "1010110100100"
        },
        {
            "input": "6000",
            "output": "1011101110000"
        },
        {
            "input": "8928",
            "output": "10001011100000"
        },
        {
            "input": "6686",
            "output": "1101000011110"
        },
        {
            "input": "8929",
            "output": "10001011100001"
        },
        {
            "input": "7453",
            "output": "1110100011101"
        },
        {
            "input": "2664",
            "output": "101001101000"
        },
        {
            "input": "4821",
            "output": "1001011010101"
        },
        {
            "input": "8623",
            "output": "10000110101111"
        },
        {
            "input": "5818",
            "output": "1011010111010"
        },
        {
            "input": "5626",
            "output": "1010111111010"
        },
        {
            "input": "9933",
            "output": "10011011001101"
        },
        {
            "input": "1907",
            "output": "11101110011"
        },
        {
            "input": "7744",
            "output": "1111001000000"
        },
        {
            "input": "3808",
            "output": "111011100000"
        },
        {
            "input": "5246",
            "output": "1010001111110"
        },
        {
            "input": "3141",
            "output": "110001000101"
        },
        {
            "input": "4429",
            "output": "1000101001101"
        },
        {
            "input": "693",
            "output": "1010110101"
        },
        {
            "input": "3031",
            "output": "101111010111"
        },
        {
            "input": "3334",
            "output": "110100000110"
        },
        {
            "input": "2485",
            "output": "100110110101"
        },
        {
            "input": "2120",
            "output": "100001001000"
        },
        {
            "input": "3675",
            "output": "111001011011"
        },
        {
            "input": "4742",
            "output": "1001010000110"
        },
        {
            "input": "7942",
            "output": "1111100000110"
        },
        {
            "input": "4237",
            "output": "1000010001101"
        },
        {
            "input": "4213",
            "output": "1000001110101"
        },
        {
            "input": "7299",
            "output": "1110010000011"
        },
        {
            "input": "612",
            "output": "1001100100"
        },
        {
            "input": "131",
            "output": "10000011"
        },
        {
            "input": "741",
            "output": "1011100101"
        },
        {
            "input": "4640",
            "output": "1001000100000"
        },
        {
            "input": "6908",
            "output": "1101011111100"
        },
        {
            "input": "566",
            "output": "1000110110"
        },
        {
            "input": "6820",
            "output": "1101010100100"
        },
        {
            "input": "5068",
            "output": "1001111001100"
        },
        {
            "input": "686",
            "output": "1010101110"
        },
        {
            "input": "1180",
            "output": "10010011100"
        },
        {
            "input": "3891",
            "output": "111100110011"
        },
        {
            "input": "3733",
            "output": "111010010101"
        },
        {
            "input": "8117",
            "output": "1111110110101"
        },
        {
            "input": "6378",
            "output": "1100011101010"
        },
        {
            "input": "5475",
            "output": "1010101100011"
        },
        {
            "input": "2266",
            "output": "100011011010"
        },
        {
            "input": "5886",
            "output": "1011011111110"
        },
        {
            "input": "233",
            "output": "11101001"
        },
        {
            "input": "7597",
            "output": "1110110101101"
        },
        {
            "input": "4398",
            "output": "1000100101110"
        },
        {
            "input": "2880",
            "output": "101101000000"
        },
        {
            "input": "678",
            "output": "1010100110"
        },
        {
            "input": "2200",
            "output": "100010011000"
        },
        {
            "input": "9320",
            "output": "10010001101000"
        },
        {
            "input": "6461",
            "output": "1100100111101"
        },
        {
            "input": "7840",
            "output": "1111010100000"
        },
        {
            "input": "9173",
            "output": "10001111010101"
        },
        {
            "input": "9780",
            "output": "10011000110100"
        },
        {
            "input": "2618",
            "output": "101000111010"
        },
        {
            "input": "2943",
            "output": "101101111111"
        },
        {
            "input": "2105",
            "output": "100000111001"
        },
        {
            "input": "8973",
            "output": "10001100001101"
        },
        {
            "input": "7105",
            "output": "1101111000001"
        },
        {
            "input": "2738",
            "output": "101010110010"
        },
        {
            "input": "9288",
            "output": "10010001001000"
        },
        {
            "input": "7981",
            "output": "1111100101101"
        },
        {
            "input": "6367",
            "output": "1100011011111"
        },
        {
            "input": "687",
            "output": "1010101111"
        },
        {
            "input": "2578",
            "output": "101000010010"
        },
        {
            "input": "4319",
            "output": "1000011011111"
        },
        {
            "input": "4497",
            "output": "1000110010001"
        },
        {
            "input": "7122",
            "output": "1101111010010"
        },
        {
            "input": "9710",
            "output": "10010111101110"
        },
        {
            "input": "2000",
            "output": "11111010000"
        },
        {
            "input": "9252",
            "output": "10010000100100"
        },
        {
            "input": "6581",
            "output": "1100110110101"
        },
        {
            "input": "701",
            "output": "1010111101"
        },
        {
            "input": "1743",
            "output": "11011001111"
        },
        {
            "input": "1900",
            "output": "11101101100"
        },
        {
            "input": "9426",
            "output": "10010011010010"
        },
        {
            "input": "1304",
            "output": "10100011000"
        },
        {
            "input": "4389",
            "output": "1000100100101"
        },
        {
            "input": "9556",
            "output": "10010101010100"
        },
        {
            "input": "3130",
            "output": "110000111010"
        },
        {
            "input": "2127",
            "output": "100001001111"
        },
        {
            "input": "7362",
            "output": "1110011000010"
        },
        {
            "input": "4225",
            "output": "1000010000001"
        },
        {
            "input": "8951",
            "output": "10001011110111"
        },
        {
            "input": "9355",
            "output": "10010010001011"
        },
        {
            "input": "6300",
            "output": "1100010011100"
        },
        {
            "input": "9232",
            "output": "10010000010000"
        },
        {
            "input": "16",
            "output": "10000"
        },
        {
            "input": "5627",
            "output": "1010111111011"
        },
        {
            "input": "6645",
            "output": "1100111110101"
        },
        {
            "input": "7554",
            "output": "1110110000010"
        },
        {
            "input": "7932",
            "output": "1111011111100"
        },
        {
            "input": "5345",
            "output": "1010011100001"
        },
        {
            "input": "3568",
            "output": "110111110000"
        },
        {
            "input": "2875",
            "output": "101100111011"
        },
        {
            "input": "7732",
            "output": "1111000110100"
        },
        {
            "input": "1055",
            "output": "10000011111"
        },
        {
            "input": "4071",
            "output": "111111100111"
        },
        {
            "input": "8770",
            "output": "10001001000010"
        },
        {
            "input": "6139",
            "output": "1011111111011"
        },
        {
            "input": "9423",
            "output": "10010011001111"
        },
        {
            "input": "9742",
            "output": "10011000001110"
        },
        {
            "input": "5797",
            "output": "1011010100101"
        },
        {
            "input": "1711",
            "output": "11010101111"
        },
        {
            "input": "3411",
            "output": "110101010011"
        },
        {
            "input": "419",
            "output": "110100011"
        },
        {
            "input": "7599",
            "output": "1110110101111"
        },
        {
            "input": "8579",
            "output": "10000110000011"
        },
        {
            "input": "6192",
            "output": "1100000110000"
        },
        {
            "input": "1145",
            "output": "10001111001"
        },
        {
            "input": "7649",
            "output": "1110111100001"
        },
        {
            "input": "4467",
            "output": "1000101110011"
        },
        {
            "input": "6630",
            "output": "1100111100110"
        },
        {
            "input": "4399",
            "output": "1000100101111"
        },
        {
            "input": "5252",
            "output": "1010010000100"
        },
        {
            "input": "3554",
            "output": "110111100010"
        },
        {
            "input": "8160",
            "output": "1111111100000"
        },
        {
            "input": "6370",
            "output": "1100011100010"
        },
        {
            "input": "1676",
            "output": "11010001100"
        },
        {
            "input": "4531",
            "output": "1000110110011"
        },
        {
            "input": "5132",
            "output": "1010000001100"
        },
        {
            "input": "3982",
            "output": "111110001110"
        },
        {
            "input": "8918",
            "output": "10001011010110"
        },
        {
            "input": "3580",
            "output": "110111111100"
        },
        {
            "input": "7631",
            "output": "1110111001111"
        },
        {
            "input": "5678",
            "output": "1011000101110"
        },
        {
            "input": "3948",
            "output": "111101101100"
        },
        {
            "input": "8962",
            "output": "10001100000010"
        },
        {
            "input": "8738",
            "output": "10001000100010"
        },
        {
            "input": "2124",
            "output": "100001001100"
        },
        {
            "input": "3033",
            "output": "101111011001"
        },
        {
            "input": "509",
            "output": "111111101"
        },
        {
            "input": "5955",
            "output": "1011101000011"
        },
        {
            "input": "8861",
            "output": "10001010011101"
        },
        {
            "input": "2424",
            "output": "100101111000"
        },
        {
            "input": "3907",
            "output": "111101000011"
        },
        {
            "input": "7513",
            "output": "1110101011001"
        },
        {
            "input": "3465",
            "output": "110110001001"
        },
        {
            "input": "8917",
            "output": "10001011010101"
        },
        {
            "input": "6291",
            "output": "1100010010011"
        },
        {
            "input": "1820",
            "output": "11100011100"
        },
        {
            "input": "3905",
            "output": "111101000001"
        },
        {
            "input": "1112",
            "output": "10001011000"
        },
        {
            "input": "4167",
            "output": "1000001000111"
        },
        {
            "input": "1086",
            "output": "10000111110"
        },
        {
            "input": "9067",
            "output": "10001101101011"
        },
        {
            "input": "8146",
            "output": "1111111010010"
        },
        {
            "input": "6193",
            "output": "1100000110001"
        },
        {
            "input": "9503",
            "output": "10010100011111"
        },
        {
            "input": "4334",
            "output": "1000011101110"
        },
        {
            "input": "8584",
            "output": "10000110001000"
        },
        {
            "input": "2878",
            "output": "101100111110"
        },
        {
            "input": "5127",
            "output": "1010000000111"
        },
        {
            "input": "1391",
            "output": "10101101111"
        },
        {
            "input": "6514",
            "output": "1100101110010"
        },
        {
            "input": "3778",
            "output": "111011000010"
        },
        {
            "input": "3758",
            "output": "111010101110"
        },
        {
            "input": "8268",
            "output": "10000001001100"
        },
        {
            "input": "6604",
            "output": "1100111001100"
        },
        {
            "input": "3457",
            "output": "110110000001"
        },
        {
            "input": "7632",
            "output": "1110111010000"
        },
        {
            "input": "3780",
            "output": "111011000100"
        },
        {
            "input": "9871",
            "output": "10011010001111"
        },
        {
            "input": "824",
            "output": "1100111000"
        },
        {
            "input": "610",
            "output": "1001100010"
        },
        {
            "input": "7374",
            "output": "1110011001110"
        },
        {
            "input": "7323",
            "output": "1110010011011"
        },
        {
            "input": "6019",
            "output": "1011110000011"
        },
        {
            "input": "3126",
            "output": "110000110110"
        },
        {
            "input": "4052",
            "output": "111111010100"
        },
        {
            "input": "3684",
            "output": "111001100100"
        },
        {
            "input": "1602",
            "output": "11001000010"
        },
        {
            "input": "8241",
            "output": "10000000110001"
        },
        {
            "input": "642",
            "output": "1010000010"
        },
        {
            "input": "5898",
            "output": "1011100001010"
        },
        {
            "input": "9892",
            "output": "10011010100100"
        },
        {
            "input": "474",
            "output": "111011010"
        },
        {
            "input": "3232",
            "output": "110010100000"
        },
        {
            "input": "3459",
            "output": "110110000011"
        },
        {
            "input": "7721",
            "output": "1111000101001"
        },
        {
            "input": "9810",
            "output": "10011001010010"
        },
        {
            "input": "4140",
            "output": "1000000101100"
        },
        {
            "input": "9568",
            "output": "10010101100000"
        },
        {
            "input": "2355",
            "output": "100100110011"
        },
        {
            "input": "9068",
            "output": "10001101101100"
        },
        {
            "input": "9771",
            "output": "10011000101011"
        },
        {
            "input": "2237",
            "output": "100010111101"
        },
        {
            "input": "7488",
            "output": "1110101000000"
        },
        {
            "input": "1365",
            "output": "10101010101"
        },
        {
            "input": "8689",
            "output": "10000111110001"
        },
        {
            "input": "3847",
            "output": "111100000111"
        },
        {
            "input": "968",
            "output": "1111001000"
        },
        {
            "input": "3641",
            "output": "111000111001"
        },
        {
            "input": "3771",
            "output": "111010111011"
        },
        {
            "input": "7247",
            "output": "1110001001111"
        },
        {
            "input": "4811",
            "output": "1001011001011"
        },
        {
            "input": "2209",
            "output": "100010100001"
        },
        {
            "input": "1226",
            "output": "10011001010"
        },
        {
            "input": "185",
            "output": "10111001"
        },
        {
            "input": "4309",
            "output": "1000011010101"
        },
        {
            "input": "6696",
            "output": "1101000101000"
        },
        {
            "input": "5221",
            "output": "1010001100101"
        },
        {
            "input": "8874",
            "output": "10001010101010"
        },
        {
            "input": "5037",
            "output": "1001110101101"
        },
        {
            "input": "3638",
            "output": "111000110110"
        },
        {
            "input": "3340",
            "output": "110100001100"
        },
        {
            "input": "127",
            "output": "1111111"
        },
        {
            "input": "9857",
            "output": "10011010000001"
        },
        {
            "input": "4348",
            "output": "1000011111100"
        },
        {
            "input": "6877",
            "output": "1101011011101"
        },
        {
            "input": "8636",
            "output": "10000110111100"
        },
        {
            "input": "6233",
            "output": "1100001011001"
        },
        {
            "input": "379",
            "output": "101111011"
        },
        {
            "input": "7074",
            "output": "1101110100010"
        },
        {
            "input": "8205",
            "output": "10000000001101"
        },
        {
            "input": "684",
            "output": "1010101100"
        },
        {
            "input": "9298",
            "output": "10010001010010"
        },
        {
            "input": "9738",
            "output": "10011000001010"
        },
        {
            "input": "3855",
            "output": "111100001111"
        },
        {
            "input": "2753",
            "output": "101011000001"
        },
        {
            "input": "7924",
            "output": "1111011110100"
        },
        {
            "input": "3840",
            "output": "111100000000"
        },
        {
            "input": "7413",
            "output": "1110011110101"
        },
        {
            "input": "2414",
            "output": "100101101110"
        },
        {
            "input": "8357",
            "output": "10000010100101"
        },
        {
            "input": "4602",
            "output": "1000111111010"
        },
        {
            "input": "796",
            "output": "1100011100"
        },
        {
            "input": "3067",
            "output": "101111111011"
        },
        {
            "input": "7376",
            "output": "1110011010000"
        },
        {
            "input": "6348",
            "output": "1100011001100"
        },
        {
            "input": "7937",
            "output": "1111100000001"
        },
        {
            "input": "5858",
            "output": "1011011100010"
        },
        {
            "input": "8309",
            "output": "10000001110101"
        },
        {
            "input": "8583",
            "output": "10000110000111"
        },
        {
            "input": "7541",
            "output": "1110101110101"
        },
        {
            "input": "8345",
            "output": "10000010011001"
        },
        {
            "input": "8684",
            "output": "10000111101100"
        },
        {
            "input": "813",
            "output": "1100101101"
        },
        {
            "input": "7737",
            "output": "1111000111001"
        },
        {
            "input": "2163",
            "output": "100001110011"
        },
        {
            "input": "1858",
            "output": "11101000010"
        },
        {
            "input": "1688",
            "output": "11010011000"
        },
        {
            "input": "7654",
            "output": "1110111100110"
        },
        {
            "input": "4789",
            "output": "1001010110101"
        },
        {
            "input": "4495",
            "output": "1000110001111"
        },
        {
            "input": "254",
            "output": "11111110"
        },
        {
            "input": "4932",
            "output": "1001101000100"
        },
        {
            "input": "4626",
            "output": "1001000010010"
        },
        {
            "input": "2337",
            "output": "100100100001"
        },
        {
            "input": "7486",
            "output": "1110100111110"
        },
        {
            "input": "8227",
            "output": "10000000100011"
        },
        {
            "input": "4180",
            "output": "1000001010100"
        },
        {
            "input": "2969",
            "output": "101110011001"
        },
        {
            "input": "6168",
            "output": "1100000011000"
        },
        {
            "input": "60",
            "output": "111100"
        },
        {
            "input": "7156",
            "output": "1101111110100"
        },
        {
            "input": "6605",
            "output": "1100111001101"
        },
        {
            "input": "4556",
            "output": "1000111001100"
        },
        {
            "input": "1768",
            "output": "11011101000"
        },
        {
            "input": "2557",
            "output": "100111111101"
        },
        {
            "input": "1533",
            "output": "10111111101"
        },
        {
            "input": "4251",
            "output": "1000010011011"
        },
        {
            "input": "2732",
            "output": "101010101100"
        },
        {
            "input": "7787",
            "output": "1111001101011"
        },
        {
            "input": "5787",
            "output": "1011010011011"
        },
        {
            "input": "578",
            "output": "1001000010"
        },
        {
            "input": "7428",
            "output": "1110100000100"
        },
        {
            "input": "2711",
            "output": "101010010111"
        },
        {
            "input": "2599",
            "output": "101000100111"
        },
        {
            "input": "7210",
            "output": "1110000101010"
        },
        {
            "input": "2302",
            "output": "100011111110"
        },
        {
            "input": "2425",
            "output": "100101111001"
        },
        {
            "input": "8855",
            "output": "10001010010111"
        },
        {
            "input": "4563",
            "output": "1000111010011"
        },
        {
            "input": "2855",
            "output": "101100100111"
        },
        {
            "input": "4139",
            "output": "1000000101011"
        },
        {
            "input": "7846",
            "output": "1111010100110"
        },
        {
            "input": "705",
            "output": "1011000001"
        },
        {
            "input": "181",
            "output": "10110101"
        },
        {
            "input": "454",
            "output": "111000110"
        },
        {
            "input": "9140",
            "output": "10001110110100"
        },
        {
            "input": "4708",
            "output": "1001001100100"
        },
        {
            "input": "5842",
            "output": "1011011010010"
        },
        {
            "input": "9136",
            "output": "10001110110000"
        },
        {
            "input": "6431",
            "output": "1100100011111"
        },
        {
            "input": "2695",
            "output": "101010000111"
        },
        {
            "input": "3294",
            "output": "110011011110"
        },
        {
            "input": "3819",
            "output": "111011101011"
        },
        {
            "input": "3617",
            "output": "111000100001"
        },
        {
            "input": "4384",
            "output": "1000100100000"
        },
        {
            "input": "1339",
            "output": "10100111011"
        },
        {
            "input": "88",
            "output": "1011000"
        },
        {
            "input": "534",
            "output": "1000010110"
        },
        {
            "input": "9126",
            "output": "10001110100110"
        },
        {
            "input": "2133",
            "output": "100001010101"
        },
        {
            "input": "6311",
            "output": "1100010100111"
        },
        {
            "input": "4057",
            "output": "111111011001"
        },
        {
            "input": "7439",
            "output": "1110100001111"
        },
        {
            "input": "5777",
            "output": "1011010010001"
        },
        {
            "input": "9487",
            "output": "10010100001111"
        },
        {
            "input": "2585",
            "output": "101000011001"
        },
        {
            "input": "8713",
            "output": "10001000001001"
        },
        {
            "input": "6909",
            "output": "1101011111101"
        },
        {
            "input": "135",
            "output": "10000111"
        },
        {
            "input": "9363",
            "output": "10010010010011"
        },
        {
            "input": "8305",
            "output": "10000001110001"
        },
        {
            "input": "7848",
            "output": "1111010101000"
        },
        {
            "input": "9410",
            "output": "10010011000010"
        },
        {
            "input": "4103",
            "output": "1000000000111"
        },
        {
            "input": "9919",
            "output": "10011010111111"
        },
        {
            "input": "3884",
            "output": "111100101100"
        }
    ]
}