{
    "id": "even_or_odd",
    "title": "Even or Odd",
    "description": "An even number is an integer that is divisible by 2 with no remainder, while an odd number is an integer that leaves a remainder of 1 when divided by 2. In this problem, you are given an integer `N`. Your task is to determine whether `N` is an even number or an odd number.",
    "input_format": "A single integer N",
    "output_format": "Output a single line with the string 'Even' if the number `N` is even, or 'Odd' if the number `N` is odd. The output should be case-sensitive.",
    "constraints": {
        "N": "1 <= N <= 1000000000"
    },
    "judge_mode": "FIRST_FAIL",
    "time_limit": 1,
    "sample_test_cases": [
        {
            "input": "2",
            "output": "Even"
        },
        {
            "input": "7",
            "output": "Odd"
        }
    ],
    "hidden_test_cases": [
        {
            "input": "83738",
            "output": "Even"
        },
        {
            "input": "26980",
            "output": "Even"
        },
        {
            "input": "98348",
            "output": "Even"
        },
        {
            "input": "53874",
            "output": "Even"
        },
        {
            "input": "96545",
            "output": "Odd"
        },
        {
            "input": "2961",
            "output": "Odd"
        },
        {
            "input": "55490",
            "output": "Even"
        },
        {
            "input": "88174",
            "output": "Even"
        },
        {
            "input": "45448",
            "output": "Even"
        },
        {
            "input": "93201",
            "output": "Odd"
        },
        {
            "input": "21533",
            "output": "Odd"
        },
        {
            "input": "93176",
            "output": "Even"
        },
        {
            "input": "53037",
            "output": "Odd"
        },
        {
            "input": "33209",
            "output": "Odd"
        },
        {
            "input": "11411",
            "output": "Odd"
        },
        {
            "input": "10114",
            "output": "Even"
        },
        {
            "input": "89929",
            "output": "Odd"
        },
        {
            "input": "60095",
            "output": "Odd"
        },
        {
            "input": "41558",
            "output": "Even"
        },
        {
            "input": "12541",
            "output": "Odd"
        },
        {
            "input": "21522",
            "output": "Even"
        },
        {
            "input": "95184",
            "output": "Even"
        },
        {
            "input": "76351",
            "output": "Odd"
        },
        {
            "input": "86541",
            "output": "Odd"
        },
        {
            "input": "82908",
            "output": "Even"
        },
        {
            "input": "83163",
            "output": "Odd"
        },
        {
            "input": "76618",
            "output": "Even"
        },
        {
            "input": "98051",
            "output": "Odd"
        },
        {
            "input": "11922",
            "output": "Even"
        },
        {
            "input": "73118",
            "output": "Even"
        },
        {
            "input": "82872",
            "output": "Even"
        },
        {
            "input": "41484",
            "output": "Even"
        },
        {
            "input": "64081",
            "output": "Odd"
        },
        {
            "input": "15478",
            "output": "Even"
        },
        {
            "input": "6724",
            "output": "Even"
        },
        {
            "input": "18626",
            "output": "Even"
        },
        {
            "input": "52635",
            "output": "Odd"
        },
        {
            "input": "44919",
            "output": "Odd"
        },
        {
            "input": "393",
            "output": "Odd"
        },
        {
            "input": "92726",
            "output": "Even"
        },
        {
            "input": "81525",
            "output": "Odd"
        },
        {
            "input": "94413",
            "output": "Odd"
        },
        {
            "input": "74289",
            "output": "Odd"
        },
        {
            "input": "15529",
            "output": "Odd"
        },
        {
            "input": "62435",
            "output": "Odd"
        },
        {
            "input": "16695",
            "output": "Odd"
        },
        {
            "input": "48358",
            "output": "Even"
        },
        {
            "input": "41887",
            "output": "Odd"
        },
        {
            "input": "75834",
            "output": "Even"
        },
        {
            "input": "7384",
            "output": "Even"
        },
        {
            "input": "40036",
            "output": "Even"
        },
        {
            "input": "78362",
            "output": "Even"
        },
        {
            "input": "46021",
            "output": "Odd"
        },
        {
            "input": "33053",
            "output": "Odd"
        },
        {
            "input": "17945",
            "output": "Odd"
        },
        {
            "input": "59052",
            "output": "Even"
        },
        {
            "input": "25383",
            "output": "Odd"
        },
        {
            "input": "99553",
            "output": "Odd"
        },
        {
            "input": "10339",
            "output": "Odd"
        },
        {
            "input": "2818",
            "output": "Even"
        },
        {
            "input": "70673",
            "output": "Odd"
        },
        {
            "input": "71819",
            "output": "Odd"
        },
        {
            "input": "75152",
            "output": "Even"
        },
        {
            "input": "4854",
            "output": "Even"
        },
        {
            "input": "89060",
            "output": "Even"
        },
        {
            "input": "25787",
            "output": "Odd"
        },
        {
            "input": "40846",
            "output": "Even"
        },
        {
            "input": "48568",
            "output": "Even"
        },
        {
            "input": "16530",
            "output": "Even"
        },
        {
            "input": "78201",
            "output": "Odd"
        },
        {
            "input": "17221",
            "output": "Odd"
        },
        {
            "input": "87662",
            "output": "Even"
        },
        {
            "input": "28185",
            "output": "Odd"
        },
        {
            "input": "25179",
            "output": "Odd"
        },
        {
            "input": "54950",
            "output": "Even"
        },
        {
            "input": "55367",
            "output": "Odd"
        },
        {
            "input": "78204",
            "output": "Even"
        },
        {
            "input": "47497",
            "output": "Odd"
        },
        {
            "input": "78295",
            "output": "Odd"
        },
        {
            "input": "16624",
            "output": "Even"
        },
        {
            "input": "17212",
            "output": "Even"
        },
        {
            "input": "42113",
            "output": "Odd"
        },
        {
            "input": "87881",
            "output": "Odd"
        },
        {
            "input": "92146",
            "output": "Even"
        },
        {
            "input": "60015",
            "output": "Odd"
        },
        {
            "input": "29836",
            "output": "Even"
        },
        {
            "input": "62077",
            "output": "Odd"
        },
        {
            "input": "1607",
            "output": "Odd"
        },
        {
            "input": "27828",
            "output": "Even"
        },
        {
            "input": "77202",
            "output": "Even"
        },
        {
            "input": "19486",
            "output": "Even"
        },
        {
            "input": "14751",
            "output": "Odd"
        },
        {
            "input": "82741",
            "output": "Odd"
        },
        {
            "input": "10268",
            "output": "Even"
        },
        {
            "input": "5379",
            "output": "Odd"
        },
        {
            "input": "75321",
            "output": "Odd"
        },
        {
            "input": "15172",
            "output": "Even"
        },
        {
            "input": "23234",
            "output": "Even"
        },
        {
            "input": "26102",
            "output": "Even"
        },
        {
            "input": "75585",
            "output": "Odd"
        },
        {
            "input": "71119",
            "output": "Odd"
        },
        {
            "input": "73655",
            "output": "Odd"
        },
        {
            "input": "66965",
            "output": "Odd"
        },
        {
            "input": "56890",
            "output": "Even"
        },
        {
            "input": "67749",
            "output": "Odd"
        },
        {
            "input": "91096",
            "output": "Even"
        },
        {
            "input": "85912",
            "output": "Even"
        },
        {
            "input": "30615",
            "output": "Odd"
        },
        {
            "input": "84319",
            "output": "Odd"
        },
        {
            "input": "32198",
            "output": "Even"
        },
        {
            "input": "29635",
            "output": "Odd"
        },
        {
            "input": "84400",
            "output": "Even"
        },
        {
            "input": "37889",
            "output": "Odd"
        },
        {
            "input": "26786",
            "output": "Even"
        },
        {
            "input": "58597",
            "output": "Odd"
        },
        {
            "input": "60326",
            "output": "Even"
        },
        {
            "input": "24365",
            "output": "Odd"
        },
        {
            "input": "42208",
            "output": "Even"
        },
        {
            "input": "20601",
            "output": "Odd"
        },
        {
            "input": "80731",
            "output": "Odd"
        },
        {
            "input": "56417",
            "output": "Odd"
        },
        {
            "input": "33531",
            "output": "Odd"
        },
        {
            "input": "98031",
            "output": "Odd"
        },
        {
            "input": "96374",
            "output": "Even"
        },
        {
            "input": "76410",
            "output": "Even"
        },
        {
            "input": "21929",
            "output": "Odd"
        },
        {
            "input": "25962",
            "output": "Even"
        },
        {
            "input": "1283",
            "output": "Odd"
        },
        {
            "input": "43661",
            "output": "Odd"
        },
        {
            "input": "76104",
            "output": "Even"
        },
        {
            "input": "72092",
            "output": "Even"
        },
        {
            "input": "50383",
            "output": "Odd"
        },
        {
            "input": "52223",
            "output": "Odd"
        },
        {
            "input": "17887",
            "output": "Odd"
        },
        {
            "input": "40129",
            "output": "Odd"
        },
        {
            "input": "3136",
            "output": "Even"
        },
        {
            "input": "69488",
            "output": "Even"
        },
        {
            "input": "258",
            "output": "Even"
        },
        {
            "input": "45300",
            "output": "Even"
        },
        {
            "input": "45056",
            "output": "Even"
        },
        {
            "input": "30968",
            "output": "Even"
        },
        {
            "input": "7397",
            "output": "Odd"
        },
        {
            "input": "66550",
            "output": "Even"
        },
        {
            "input": "16463",
            "output": "Odd"
        },
        {
            "input": "77425",
            "output": "Odd"
        },
        {
            "input": "98926",
            "output": "Even"
        },
        {
            "input": "97470",
            "output": "Even"
        },
        {
            "input": "72240",
            "output": "Even"
        },
        {
            "input": "53231",
            "output": "Odd"
        },
        {
            "input": "39573",
            "output": "Odd"
        },
        {
            "input": "69543",
            "output": "Odd"
        },
        {
            "input": "77056",
            "output": "Even"
        },
        {
            "input": "307",
            "output": "Odd"
        },
        {
            "input": "50557",
            "output": "Odd"
        },
        {
            "input": "23185",
            "output": "Odd"
        },
        {
            "input": "15266",
            "output": "Even"
        },
        {
            "input": "52767",
            "output": "Odd"
        },
        {
            "input": "80718",
            "output": "Even"
        },
        {
            "input": "89862",
            "output": "Even"
        },
        {
            "input": "77924",
            "output": "Even"
        },
        {
            "input": "29443",
            "output": "Odd"
        },
        {
            "input": "96649",
            "output": "Odd"
        },
        {
            "input": "41159",
            "output": "Odd"
        },
        {
            "input": "56929",
            "output": "Odd"
        },
        {
            "input": "16294",
            "output": "Even"
        },
        {
            "input": "50218",
            "output": "Even"
        },
        {
            "input": "66990",
            "output": "Even"
        },
        {
            "input": "87803",
            "output": "Odd"
        },
        {
            "input": "89707",
            "output": "Odd"
        },
        {
            "input": "49178",
            "output": "Even"
        },
        {
            "input": "76682",
            "output": "Even"
        },
        {
            "input": "11415",
            "output": "Odd"
        },
        {
            "input": "34764",
            "output": "Even"
        },
        {
            "input": "33143",
            "output": "Odd"
        },
        {
            "input": "81390",
            "output": "Even"
        },
        {
            "input": "42517",
            "output": "Odd"
        },
        {
            "input": "17840",
            "output": "Even"
        },
        {
            "input": "20378",
            "output": "Even"
        },
        {
            "input": "85205",
            "output": "Odd"
        },
        {
            "input": "75853",
            "output": "Odd"
        },
        {
            "input": "7959",
            "output": "Odd"
        },
        {
            "input": "87822",
            "output": "Even"
        },
        {
            "input": "34304",
            "output": "Even"
        },
        {
            "input": "30627",
            "output": "Odd"
        },
        {
            "input": "37101",
            "output": "Odd"
        },
        {
            "input": "27706",
            "output": "Even"
        },
        {
            "input": "23104",
            "output": "Even"
        },
        {
            "input": "78024",
            "output": "Even"
        },
        {
            "input": "23285",
            "output": "Odd"
        },
        {
            "input": "61586",
            "output": "Even"
        },
        {
            "input": "97760",
            "output": "Even"
        },
        {
            "input": "43597",
            "output": "Odd"
        },
        {
            "input": "69114",
            "output": "Even"
        },
        {
            "input": "50782",
            "output": "Even"
        },
        {
            "input": "85602",
            "output": "Even"
        },
        {
            "input": "2453",
            "output": "Odd"
        },
        {
            "input": "34993",
            "output": "Odd"
        },
        {
            "input": "96665",
            "output": "Odd"
        },
        {
            "input": "74052",
            "output": "Even"
        },
        {
            "input": "29802",
            "output": "Even"
        },
        {
            "input": "40169",
            "output": "Odd"
        },
        {
            "input": "12898",
            "output": "Even"
        },
        {
            "input": "26419",
            "output": "Odd"
        },
        {
            "input": "44110",
            "output": "Even"
        },
        {
            "input": "76637",
            "output": "Odd"
        },
        {
            "input": "5728",
            "output": "Even"
        },
        {
            "input": "4967",
            "output": "Odd"
        },
        {
            "input": "45316",
            "output": "Even"
        },
        {
            "input": "82432",
            "output": "Even"
        },
        {
            "input": "78700",
            "output": "Even"
        },
        {
            "input": "61116",
            "output": "Even"
        },
        {
            "input": "11658",
            "output": "Even"
        },
        {
            "input": "87626",
            "output": "Even"
        },
        {
            "input": "59465",
            "output": "Odd"
        },
        {
            "input": "77602",
            "output": "Even"
        },
        {
            "input": "91789",
            "output": "Odd"
        },
        {
            "input": "99845",
            "output": "Odd"
        },
        {
            "input": "70107",
            "output": "Odd"
        },
        {
            "input": "40553",
            "output": "Odd"
        },
        {
            "input": "8885",
            "output": "Odd"
        },
        {
            "input": "2130",
            "output": "Even"
        },
        {
            "input": "14257",
            "output": "Odd"
        },
        {
            "input": "32868",
            "output": "Even"
        },
        {
            "input": "18860",
            "output": "Even"
        },
        {
            "input": "66088",
            "output": "Even"
        },
        {
            "input": "43178",
            "output": "Even"
        },
        {
            "input": "80661",
            "output": "Odd"
        },
        {
            "input": "3597",
            "output": "Odd"
        },
        {
            "input": "60941",
            "output": "Odd"
        },
        {
            "input": "76003",
            "output": "Odd"
        },
        {
            "input": "43459",
            "output": "Odd"
        },
        {
            "input": "81715",
            "output": "Odd"
        },
        {
            "input": "73842",
            "output": "Even"
        },
        {
            "input": "66403",
            "output": "Odd"
        },
        {
            "input": "4821",
            "output": "Odd"
        },
        {
            "input": "30408",
            "output": "Even"
        },
        {
            "input": "7910",
            "output": "Even"
        },
        {
            "input": "84149",
            "output": "Odd"
        },
        {
            "input": "56871",
            "output": "Odd"
        },
        {
            "input": "69929",
            "output": "Odd"
        },
        {
            "input": "82373",
            "output": "Odd"
        },
        {
            "input": "99581",
            "output": "Odd"
        },
        {
            "input": "22897",
            "output": "Odd"
        },
        {
            "input": "7948",
            "output": "Even"
        },
        {
            "input": "81995",
            "output": "Odd"
        },
        {
            "input": "46230",
            "output": "Even"
        },
        {
            "input": "65074",
            "output": "Even"
        },
        {
            "input": "50685",
            "output": "Odd"
        },
        {
            "input": "21254",
            "output": "Even"
        },
        {
            "input": "17376",
            "output": "Even"
        },
        {
            "input": "63879",
            "output": "Odd"
        },
        {
            "input": "8177",
            "output": "Odd"
        },
        {
            "input": "68276",
            "output": "Even"
        },
        {
            "input": "69898",
            "output": "Even"
        },
        {
            "input": "78887",
            "output": "Odd"
        },
        {
            "input": "81024",
            "output": "Even"
        },
        {
            "input": "7478",
            "output": "Even"
        },
        {
            "input": "17220",
            "output": "Even"
        },
        {
            "input": "643",
            "output": "Odd"
        },
        {
            "input": "89847",
            "output": "Odd"
        },
        {
            "input": "98189",
            "output": "Odd"
        },
        {
            "input": "445",
            "output": "Odd"
        },
        {
            "input": "70701",
            "output": "Odd"
        },
        {
            "input": "3290",
            "output": "Even"
        },
        {
            "input": "81684",
            "output": "Even"
        },
        {
            "input": "66042",
            "output": "Even"
        },
        {
            "input": "17261",
            "output": "Odd"
        },
        {
            "input": "70896",
            "output": "Even"
        },
        {
            "input": "42856",
            "output": "Even"
        },
        {
            "input": "95721",
            "output": "Odd"
        },
        {
            "input": "97358",
            "output": "Even"
        },
        {
            "input": "36618",
            "output": "Even"
        },
        {
            "input": "19098",
            "output": "Even"
        },
        {
            "input": "42134",
            "output": "Even"
        },
        {
            "input": "54686",
            "output": "Even"
        },
        {
            "input": "16843",
            "output": "Odd"
        },
        {
            "input": "35807",
            "output": "Odd"
        },
        {
            "input": "38932",
            "output": "Even"
        },
        {
            "input": "59797",
            "output": "Odd"
        },
        {
            "input": "22637",
            "output": "Odd"
        },
        {
            "input": "53737",
            "output": "Odd"
        },
        {
            "input": "48983",
            "output": "Odd"
        },
        {
            "input": "29262",
            "output": "Even"
        },
        {
            "input": "2597",
            "output": "Odd"
        },
        {
            "input": "22846",
            "output": "Even"
        },
        {
            "input": "14109",
            "output": "Odd"
        },
        {
            "input": "84051",
            "output": "Odd"
        },
        {
            "input": "73051",
            "output": "Odd"
        },
        {
            "input": "95800",
            "output": "Even"
        },
        {
            "input": "18350",
            "output": "Even"
        },
        {
            "input": "31427",
            "output": "Odd"
        },
        {
            "input": "35234",
            "output": "Even"
        },
        {
            "input": "19658",
            "output": "Even"
        },
        {
            "input": "36388",
            "output": "Even"
        },
        {
            "input": "35894",
            "output": "Even"
        },
        {
            "input": "56022",
            "output": "Even"
        },
        {
            "input": "95202",
            "output": "Even"
        },
        {
            "input": "36458",
            "output": "Even"
        },
        {
            "input": "13904",
            "output": "Even"
        },
        {
            "input": "43471",
            "output": "Odd"
        },
        {
            "input": "5273",
            "output": "Odd"
        },
        {
            "input": "95763",
            "output": "Odd"
        },
        {
            "input": "41551",
            "output": "Odd"
        },
        {
            "input": "7974",
            "output": "Even"
        },
        {
            "input": "97356",
            "output": "Even"
        },
        {
            "input": "63615",
            "output": "Odd"
        },
        {
            "input": "83716",
            "output": "Even"
        },
        {
            "input": "1106",
            "output": "Even"
        },
        {
            "input": "62668",
            "output": "Even"
        },
        {
            "input": "82346",
            "output": "Even"
        },
        {
            "input": "50998",
            "output": "Even"
        },
        {
            "input": "78847",
            "output": "Odd"
        },
        {
            "input": "24177",
            "output": "Odd"
        },
        {
            "input": "53559",
            "output": "Odd"
        },
        {
            "input": "20271",
            "output": "Odd"
        },
        {
            "input": "6140",
            "output": "Even"
        },
        {
            "input": "19349",
            "output": "Odd"
        },
        {
            "input": "48027",
            "output": "Odd"
        },
        {
            "input": "78699",
            "output": "Odd"
        },
        {
            "input": "21747",
            "output": "Odd"
        },
        {
            "input": "18796",
            "output": "Even"
        },
        {
            "input": "52212",
            "output": "Even"
        },
        {
            "input": "58961",
            "output": "Odd"
        },
        {
            "input": "56108",
            "output": "Even"
        },
        {
            "input": "68934",
            "output": "Even"
        },
        {
            "input": "53663",
            "output": "Odd"
        },
        {
            "input": "48526",
            "output": "Even"
        },
        {
            "input": "95135",
            "output": "Odd"
        },
        {
            "input": "90663",
            "output": "Odd"
        },
        {
            "input": "59866",
            "output": "Even"
        },
        {
            "input": "73174",
            "output": "Even"
        },
        {
            "input": "75046",
            "output": "Even"
        },
        {
            "input": "30308",
            "output": "Even"
        },
        {
            "input": "77018",
            "output": "Even"
        },
        {
            "input": "246",
            "output": "Even"
        },
        {
            "input": "10519",
            "output": "Odd"
        },
        {
            "input": "10855",
            "output": "Odd"
        },
        {
            "input": "30881",
            "output": "Odd"
        },
        {
            "input": "25316",
            "output": "Even"
        },
        {
            "input": "96451",
            "output": "Odd"
        },
        {
            "input": "44245",
            "output": "Odd"
        },
        {
            "input": "61724",
            "output": "Even"
        },
        {
            "input": "7833",
            "output": "Odd"
        },
        {
            "input": "84915",
            "output": "Odd"
        },
        {
            "input": "57605",
            "output": "Odd"
        },
        {
            "input": "3208",
            "output": "Even"
        },
        {
            "input": "73015",
            "output": "Odd"
        },
        {
            "input": "61203",
            "output": "Odd"
        },
        {
            "input": "52796",
            "output": "Even"
        },
        {
            "input": "45573",
            "output": "Odd"
        },
        {
            "input": "9504",
            "output": "Even"
        },
        {
            "input": "55743",
            "output": "Odd"
        },
        {
            "input": "94525",
            "output": "Odd"
        },
        {
            "input": "76273",
            "output": "Odd"
        },
        {
            "input": "49878",
            "output": "Even"
        },
        {
            "input": "64180",
            "output": "Even"
        },
        {
            "input": "37993",
            "output": "Odd"
        },
        {
            "input": "51912",
            "output": "Even"
        },
        {
            "input": "66166",
            "output": "Even"
        },
        {
            "input": "33013",
            "output": "Odd"
        },
        {
            "input": "49496",
            "output": "Even"
        },
        {
            "input": "36422",
            "output": "Even"
        },
        {
            "input": "3159",
            "output": "Odd"
        },
        {
            "input": "44342",
            "output": "Even"
        },
        {
            "input": "56268",
            "output": "Even"
        },
        {
            "input": "95172",
            "output": "Even"
        },
        {
            "input": "34661",
            "output": "Odd"
        },
        {
            "input": "1292",
            "output": "Even"
        },
        {
            "input": "57514",
            "output": "Even"
        },
        {
            "input": "72139",
            "output": "Odd"
        },
        {
            "input": "7236",
            "output": "Even"
        },
        {
            "input": "84355",
            "output": "Odd"
        },
        {
            "input": "55872",
            "output": "Even"
        },
        {
            "input": "10284",
            "output": "Even"
        },
        {
            "input": "44480",
            "output": "Even"
        },
        {
            "input": "15663",
            "output": "Odd"
        },
        {
            "input": "37199",
            "output": "Odd"
        },
        {
            "input": "52399",
            "output": "Odd"
        },
        {
            "input": "94112",
            "output": "Even"
        },
        {
            "input": "36531",
            "output": "Odd"
        },
        {
            "input": "15757",
            "output": "Odd"
        },
        {
            "input": "71647",
            "output": "Odd"
        },
        {
            "input": "44284",
            "output": "Even"
        },
        {
            "input": "83991",
            "output": "Odd"
        },
        {
            "input": "42038",
            "output": "Even"
        },
        {
            "input": "52356",
            "output": "Even"
        },
        {
            "input": "5011",
            "output": "Odd"
        },
        {
            "input": "94162",
            "output": "Even"
        },
        {
            "input": "55636",
            "output": "Even"
        },
        {
            "input": "38477",
            "output": "Odd"
        },
        {
            "input": "30456",
            "output": "Even"
        },
        {
            "input": "6085",
            "output": "Odd"
        },
        {
            "input": "63710",
            "output": "Even"
        },
        {
            "input": "68113",
            "output": "Odd"
        },
        {
            "input": "42567",
            "output": "Odd"
        },
        {
            "input": "83810",
            "output": "Even"
        },
        {
            "input": "30521",
            "output": "Odd"
        },
        {
            "input": "54293",
            "output": "Odd"
        },
        {
            "input": "15218",
            "output": "Even"
        },
        {
            "input": "38331",
            "output": "Odd"
        },
        {
            "input": "27969",
            "output": "Odd"
        },
        {
            "input": "70720",
            "output": "Even"
        },
        {
            "input": "17805",
            "output": "Odd"
        },
        {
            "input": "51094",
            "output": "Even"
        },
        {
            "input": "42693",
            "output": "Odd"
        },
        {
            "input": "27470",
            "output": "Even"
        },
        {
            "input": "74346",
            "output": "Even"
        },
        {
            "input": "13341",
            "output": "Odd"
        },
        {
            "input": "3379",
            "output": "Odd"
        },
        {
            "input": "54445",
            "output": "Odd"
        },
        {
            "input": "36201",
            "output": "Odd"
        },
        {
            "input": "21867",
            "output": "Odd"
        },
        {
            "input": "29537",
            "output": "Odd"
        },
        {
            "input": "17938",
            "output": "Even"
        },
        {
            "input": "37276",
            "output": "Even"
        },
        {
            "input": "89307",
            "output": "Odd"
        },
        {
            "input": "72723",
            "output": "Odd"
        },
        {
            "input": "70975",
            "output": "Odd"
        },
        {
            "input": "74619",
            "output": "Odd"
        },
        {
            "input": "88738",
            "output": "Even"
        },
        {
            "input": "50500",
            "output": "Even"
        },
        {
            "input": "26054",
            "output": "Even"
        },
        {
            "input": "11490",
            "output": "Even"
        },
        {
            "input": "11710",
            "output": "Even"
        },
        {
            "input": "24556",
            "output": "Even"
        },
        {
            "input": "61036",
            "output": "Even"
        },
        {
            "input": "25228",
            "output": "Even"
        },
        {
            "input": "49225",
            "output": "Odd"
        },
        {
            "input": "4003",
            "output": "Odd"
        },
        {
            "input": "84480",
            "output": "Even"
        },
        {
            "input": "61933",
            "output": "Odd"
        },
        {
            "input": "54046",
            "output": "Even"
        },
        {
            "input": "61229",
            "output": "Odd"
        },
        {
            "input": "4114",
            "output": "Even"
        },
        {
            "input": "49987",
            "output": "Odd"
        },
        {
            "input": "47657",
            "output": "Odd"
        },
        {
            "input": "97987",
            "output": "Odd"
        },
        {
            "input": "54391",
            "output": "Odd"
        },
        {
            "input": "97133",
            "output": "Odd"
        },
        {
            "input": "97357",
            "output": "Odd"
        },
        {
            "input": "39427",
            "output": "Odd"
        },
        {
            "input": "67171",
            "output": "Odd"
        },
        {
            "input": "67684",
            "output": "Even"
        },
        {
            "input": "67846",
            "output": "Even"
        },
        {
            "input": "51974",
            "output": "Even"
        },
        {
            "input": "96390",
            "output": "Even"
        },
        {
            "input": "78843",
            "output": "Odd"
        },
        {
            "input": "59356",
            "output": "Even"
        },
        {
            "input": "48923",
            "output": "Odd"
        },
        {
            "input": "46978",
            "output": "Even"
        },
        {
            "input": "55144",
            "output": "Even"
        },
        {
            "input": "27477",
            "output": "Odd"
        },
        {
            "input": "78519",
            "output": "Odd"
        },
        {
            "input": "75066",
            "output": "Even"
        },
        {
            "input": "31901",
            "output": "Odd"
        },
        {
            "input": "71360",
            "output": "Even"
        },
        {
            "input": "26503",
            "output": "Odd"
        },
        {
            "input": "29188",
            "output": "Even"
        },
        {
            "input": "70279",
            "output": "Odd"
        },
        {
            "input": "18674",
            "output": "Even"
        },
        {
            "input": "57411",
            "output": "Odd"
        },
        {
            "input": "83885",
            "output": "Odd"
        },
        {
            "input": "51779",
            "output": "Odd"
        },
        {
            "input": "11616",
            "output": "Even"
        },
        {
            "input": "96860",
            "output": "Even"
        },
        {
            "input": "29735",
            "output": "Odd"
        },
        {
            "input": "29741",
            "output": "Odd"
        },
        {
            "input": "61644",
            "output": "Even"
        },
        {
            "input": "56040",
            "output": "Even"
        },
        {
            "input": "91853",
            "output": "Odd"
        },
        {
            "input": "14974",
            "output": "Even"
        },
        {
            "input": "94628",
            "output": "Even"
        },
        {
            "input": "72728",
            "output": "Even"
        },
        {
            "input": "62372",
            "output": "Even"
        },
        {
            "input": "34673",
            "output": "Odd"
        },
        {
            "input": "23178",
            "output": "Even"
        },
        {
            "input": "95133",
            "output": "Odd"
        },
        {
            "input": "20916",
            "output": "Even"
        },
        {
            "input": "86572",
            "output": "Even"
        },
        {
            "input": "15130",
            "output": "Even"
        },
        {
            "input": "17297",
            "output": "Odd"
        },
        {
            "input": "56924",
            "output": "Even"
        },
        {
            "input": "35000",
            "output": "Even"
        },
        {
            "input": "69588",
            "output": "Even"
        },
        {
            "input": "41247",
            "output": "Odd"
        },
        {
            "input": "39397",
            "output": "Odd"
        },
        {
            "input": "4422",
            "output": "Even"
        },
        {
            "input": "11101",
            "output": "Odd"
        },
        {
            "input": "6100",
            "output": "Even"
        },
        {
            "input": "69981",
            "output": "Odd"
        },
        {
            "input": "63408",
            "output": "Even"
        },
        {
            "input": "41266",
            "output": "Even"
        },
        {
            "input": "72195",
            "output": "Odd"
        },
        {
            "input": "59764",
            "output": "Even"
        },
        {
            "input": "95106",
            "output": "Even"
        },
        {
            "input": "78050",
            "output": "Even"
        },
        {
            "input": "64038",
            "output": "Even"
        },
        {
            "input": "85909",
            "output": "Odd"
        },
        {
            "input": "85582",
            "output": "Even"
        },
        {
            "input": "84060",
            "output": "Even"
        }
    ]
}