{
    "id": "factorial_of_a_number",
    "title": "Factorial of a Number",
    "description": "The factorial of a non-negative integer `N`, denoted by `N!`, is the product of all positive integers less than or equal to `N`. By definition, the factorial of 0 is 1. In this problem, you are given a non-negative integer `N`. Your task is to calculate its factorial.",
    "input_format": "A single non-negative integer N.",
    "output_format": "Output a single integer representing the factorial of `N`.",
    "constraints": {
        "N": "0 <= N <= 12"
    },
    "judge_mode": "FIRST_FAIL",
    "time_limit": 1,
    "sample_test_cases": [
        {
            "input": "5",
            "output": "120"
        },
        {
            "input": "0",
            "output": "1"
        }
    ],
    "hidden_test_cases": [
        {
            "input": "9",
            "output": "362880"
        },
        {
            "input": "10",
            "output": "3628800"
        },
        {
            "input": "1",
            "output": "1"
        },
        {
            "input": "2",
            "output": "2"
        },
        {
            "input": "4",
            "output": "24"
        },
        {
            "input": "14",
            "output": "87178291200"
        },
        {
            "input": "3",
            "output": "6"
        },
        {
            "input": "8",
            "output": "40320"
        },
        {
            "input": "12",
            "output": "479001600"
        },
        {
            "input": "7",
            "output": "5040"
        },
        {
            "input": "0",
            "output": "1"
        },
        {
            "input": "15",
            "output": "1307674368000"
        },
        {
            "input": "11",
            "output": "39916800"
        },
        {
            "input": "6",
            "output": "720"
        },
        {
            "input": "5",
            "output": "120"
        },
        {
            "input": "13",
            "output": "6227020800"
        }
    ]
}