{
    "id": "find_the_maximum",
    "title": "Find the Maximum",
    "description": "Finding the maximum element in a collection is a fundamental operation. In this problem, you are provided with a list of integers separated by spaces. Your task is to traverse this list and identify the largest integer present among them.",
    "input_format": "A single line containing space-separated integers.",
    "output_format": "Output a single integer which is the maximum value found in the input list.",
    "constraints": {
        "Array Elements": "-1000 <= element <= 1000",
        "Array Length": "1 <= length <= 1000"
    },
    "judge_mode": "FIRST_FAIL",
    "time_limit": 1,
    "sample_test_cases": [
        {
            "input": "1 5 2 9 3",
            "output": "9"
        },
        {
            "input": "-1 -5 -2",
            "output": "-1"
        }
    ],
    "hidden_test_cases": [
        {
            "input": "361 -610 -889 272 661 432 164 77 902 217 -996 264 572 -698 -270",
            "output": "902"
        },
        {
            "input": "-134 -471 -527 276 919 480 468",
            "output": "919"
        },
        {
            "input": "794 102 -172 961 -151 -657 154 997 593 319 945",
            "output": "997"
        },
        {
            "input": "-993 -386 836 -752 980 118 590 767 708 979 -200 152 -638 -475 -382 -655",
            "output": "980"
        },
        {
            "input": "363 550 -530 842 473 -685 596 176 855 -90 329 -197 803 866 -169 -130 -809 -379",
            "output": "866"
        },
        {
            "input": "-235 -217 688 -990 356 19 -448 -6 665 969 -641 444 489 262 -108",
            "output": "969"
        },
        {
            "input": "144 945 -759 492 191 488",
            "output": "945"
        },
        {
            "input": "-716 -915 -9",
            "output": "-9"
        },
        {
            "input": "337 78 816 743 -144 -824 -385 985 -165 533 -911 73 -414 -461 -118 337 331 654",
            "output": "985"
        },
        {
            "input": "923 -923 -664 -806 520 -942 413 -440 203 285 858 472 447 -614 637 120 548 692 -484",
            "output": "923"
        },
        {
            "input": "517 565 787 871 162 670 442 -973 196 -994 954 954 -256 -723 569 -269 -75 -134 384 -813",
            "output": "954"
        },
        {
            "input": "-669 243 -971 -214 -21 605 -843 -5 -748",
            "output": "605"
        },
        {
            "input": "-666 829 -434",
            "output": "829"
        },
        {
            "input": "-408 -896",
            "output": "-408"
        },
        {
            "input": "-952 -465 -496 -323 597 941 768 234 250 899 346 -826",
            "output": "941"
        },
        {
            "input": "-380 582 282 -985 968 730 -946 -457 296 -448 -674 646 567 833 -113",
            "output": "968"
        },
        {
            "input": "867 297 -600 208",
            "output": "867"
        },
        {
            "input": "-214 -200 164 -216 153",
            "output": "164"
        },
        {
            "input": "433",
            "output": "433"
        },
        {
            "input": "-602 9 -290 -603 -274 -628 862 -852",
            "output": "862"
        },
        {
            "input": "370 -10 65 113 -705 -352 107",
            "output": "370"
        },
        {
            "input": "-148 -594 -270 839 -220 930 -636 -114 -881 -760 252 637 735 -651 962 -911 -722 -680",
            "output": "962"
        },
        {
            "input": "918 291 -765 -247 -113 -706 -674 877 824 339 -970",
            "output": "918"
        },
        {
            "input": "-981 470 -123 -609 -93 -443 707 358 732 -555",
            "output": "732"
        },
        {
            "input": "367 -978 899 373 219 694",
            "output": "899"
        },
        {
            "input": "820 -209 -338 316 -184 814 -748 513",
            "output": "820"
        },
        {
            "input": "-701 -237 -872 -241 962 -376 893 497 534 170 -941 -447 -476 714 513 814",
            "output": "962"
        },
        {
            "input": "823 311",
            "output": "823"
        },
        {
            "input": "-773 -502 -772 -419",
            "output": "-419"
        },
        {
            "input": "774 -225 964 -386 855 -189",
            "output": "964"
        },
        {
            "input": "872 952 219",
            "output": "952"
        },
        {
            "input": "-860 -626 -692 145 408 677 447 298 654 263 531 511 -404",
            "output": "677"
        },
        {
            "input": "-296 -984 253 72 820 102 -170 -58 -503 -78 -168 -228 371 656 912 557 -6 -474 -691 -466",
            "output": "912"
        },
        {
            "input": "-872 439 566 298 7 374 -885 -760 -218 689 978 782 -32 290 -46",
            "output": "978"
        },
        {
            "input": "-370 517 826 214 188 -887 -84 -312 -417 -822 -742 34 -488",
            "output": "826"
        },
        {
            "input": "-416 -406 -141 -707 -288 828 971",
            "output": "971"
        },
        {
            "input": "869",
            "output": "869"
        },
        {
            "input": "-261 -746 -886 -912 -469 255 671 -671 -12 -628 -878 178 -546 93 794 256",
            "output": "794"
        },
        {
            "input": "-538 -99 -315 -21 537 -188 984 349 325 -929 -533 822 -494 -411 -570 808",
            "output": "984"
        },
        {
            "input": "729 228 740",
            "output": "740"
        },
        {
            "input": "-735 -973",
            "output": "-735"
        },
        {
            "input": "236 891 988 -548 189 463 663 473",
            "output": "988"
        },
        {
            "input": "-675 -283 -328 651 -729 -323",
            "output": "651"
        },
        {
            "input": "928 477 -659 147 -762 806 -881 -400",
            "output": "928"
        },
        {
            "input": "-328 -270 -10 728 -141 -366 628 61 137 193 -531 -575 391 -373 -932",
            "output": "728"
        },
        {
            "input": "-213 -616 -298 96 -197",
            "output": "96"
        },
        {
            "input": "-924 116 -774 -222 -50 -882 -484 -742 -98 -545 218 631 -313 -187 -708",
            "output": "631"
        },
        {
            "input": "494 488 722 121 -666 275",
            "output": "722"
        },
        {
            "input": "-138 -630 88 100 -452 -315 562 -545 267",
            "output": "562"
        },
        {
            "input": "-201 -25 713 396 299 -493 110 82 -403 -586 -50 -451 283 275 710 439 384 -343 -65",
            "output": "713"
        },
        {
            "input": "-299 297 -172 413 537 -580 18 363 -922 -581 -230 916 223 740 -122",
            "output": "916"
        },
        {
            "input": "614 985 501 249",
            "output": "985"
        },
        {
            "input": "747 -30 -401 221 569 -204 -393",
            "output": "747"
        },
        {
            "input": "870 353 -202 240 34 319 -360 419 6 761 71 -4 -326 36 392 240 -60 -508 14",
            "output": "870"
        },
        {
            "input": "-431 -200 791 -838 -970 243 513 259",
            "output": "791"
        },
        {
            "input": "275 -337 701 -826 182 650",
            "output": "701"
        },
        {
            "input": "835 -425 -119 20 893 -573 304 -885 557 677",
            "output": "893"
        },
        {
            "input": "-854 -780 -831 561",
            "output": "561"
        },
        {
            "input": "423 294 943 648 179 -543",
            "output": "943"
        },
        {
            "input": "20 870 73 290 428 -195 193 -123 53 281",
            "output": "870"
        },
        {
            "input": "-606 823 596 -489 139 991 833 -317 195 509",
            "output": "991"
        },
        {
            "input": "40 386 -681 -176 605 -548 -290 866 -459",
            "output": "866"
        },
        {
            "input": "690 -106 -370 -204 621 432 376 -904 475 -72 -833 910 -129 355 -123 235 -709",
            "output": "910"
        },
        {
            "input": "-153 987 -835 559 307 -13 -907 133 -439 -937 -710 954 310 -53 -958",
            "output": "987"
        },
        {
            "input": "-827 593 -866 143 706 -593 292 504 -835 -826 781 977 16",
            "output": "977"
        },
        {
            "input": "-41 -716 546 -976",
            "output": "546"
        },
        {
            "input": "-524 684 -786 -869 729 -750",
            "output": "729"
        },
        {
            "input": "-246 -705",
            "output": "-246"
        },
        {
            "input": "57",
            "output": "57"
        },
        {
            "input": "196 456 456 804 408 -438 10 874 -330 -159 626 -802 -146",
            "output": "874"
        },
        {
            "input": "-19 -553 -186 -786 -907 315 -704 -596 293 -370 -48 689",
            "output": "689"
        },
        {
            "input": "-198 659 -174 -167 -246 -178 -788 -207 -163 613 -594 511",
            "output": "659"
        },
        {
            "input": "901 -342",
            "output": "901"
        },
        {
            "input": "-98 -767 -65 -790 823 -311 -972 -98 -92 -111 -407 739",
            "output": "823"
        },
        {
            "input": "602",
            "output": "602"
        },
        {
            "input": "558 -967 -842 -130 944 888 -58 -667 -646 990 42 892 -196 -262",
            "output": "990"
        },
        {
            "input": "356 -169 992",
            "output": "992"
        },
        {
            "input": "324 282 360 -9 816 -548 -236 53 610",
            "output": "816"
        },
        {
            "input": "32 559 -33 -829 16 -306 696 940 -924 -147 737 -272 174 338",
            "output": "940"
        },
        {
            "input": "-915",
            "output": "-915"
        },
        {
            "input": "190 643 287 532 -287 357",
            "output": "643"
        },
        {
            "input": "26 490 -872 8 -199 -804 -980 -899 999 -366",
            "output": "999"
        },
        {
            "input": "-696 -916 457 -109 519 705 487 414 -364 82 995 -831 405 -417 -567 -499 -938",
            "output": "995"
        },
        {
            "input": "-948 742 -481 240 -667 469 -608 189 -804 123 322 -198 -203 312 102 -327 -561 457",
            "output": "742"
        },
        {
            "input": "-129 -421 -219",
            "output": "-129"
        },
        {
            "input": "-610 377 158 910",
            "output": "910"
        },
        {
            "input": "-830 -562 34 431 622 346 997 -389 -730 576 -883 -743 947 -275 638 644 -571",
            "output": "997"
        },
        {
            "input": "619",
            "output": "619"
        },
        {
            "input": "779 -562 -890 -407 112 -139 -885 -640 849 99 64 -118 20 870 -194 780 984 865 30 297",
            "output": "984"
        },
        {
            "input": "807",
            "output": "807"
        },
        {
            "input": "392 -367 -856 159 -640 332 -589 -323 -388 299 -166 729 -962 829 -418 326 -251",
            "output": "829"
        },
        {
            "input": "-825 -369 154 -991 430 543 -893 450 870 -997 -659 218 7 -647 -701",
            "output": "870"
        },
        {
            "input": "-296 -460 849 -896",
            "output": "849"
        },
        {
            "input": "-510 361 248",
            "output": "361"
        },
        {
            "input": "-783 -942 -209 464 974 -962 -612 -230 -264 563 193 544",
            "output": "974"
        },
        {
            "input": "266 -941 265 -439 709 -128 -104 263 -528 -336 -547",
            "output": "709"
        },
        {
            "input": "-674 429 851 137 311 -342 393",
            "output": "851"
        },
        {
            "input": "-761 599 692 726 -307 144 -206 258 -553 -111 -713",
            "output": "726"
        },
        {
            "input": "222 -34",
            "output": "222"
        },
        {
            "input": "-119 -816 459 113 -260 -747 934 60 757 -639 61 564 964 -423 845 985 778",
            "output": "985"
        },
        {
            "input": "-244 -221 249 -921 -349 830 -682 -381",
            "output": "830"
        },
        {
            "input": "-409 697",
            "output": "697"
        },
        {
            "input": "702 -183 735 111 700 838 606 -775 -223 -856 400 -941",
            "output": "838"
        },
        {
            "input": "-168 592 -361 819",
            "output": "819"
        },
        {
            "input": "146 -190 431 928 795 -921 -831 -695 -53 757 880 -308 134 -907 -350 791 45",
            "output": "928"
        },
        {
            "input": "549 593 871 21",
            "output": "871"
        },
        {
            "input": "454 -347 43 -183 97 899 758 46 153 -917 -483 -53 811 -348 -557 -787 536 136 990 -660",
            "output": "990"
        },
        {
            "input": "409 -132 388 -916 844 400 655 -624 670 -504 557 92 -20 -198 277 844 926 152",
            "output": "926"
        },
        {
            "input": "740 -40 -388 -524 311 842 -889 -247 856 -596",
            "output": "856"
        },
        {
            "input": "-365 950 647 -722 948 -460 -531 429 432",
            "output": "950"
        },
        {
            "input": "779 942 104 321 371",
            "output": "942"
        },
        {
            "input": "891 -451 686 508 -852 -238 -594 210 -223",
            "output": "891"
        },
        {
            "input": "860 -778 761 -586 765 -676 364 311 69 -229 -580 738 -92 -891",
            "output": "860"
        },
        {
            "input": "967 953 652 -285 -709 -707 -511 -5 638",
            "output": "967"
        },
        {
            "input": "796 -805 297 -222 173 478 357 -840 -148 -782 84 -624",
            "output": "796"
        },
        {
            "input": "-391 881 364",
            "output": "881"
        },
        {
            "input": "910 904 22 -975 -608 -15 -892 -557 -806 777 -140 117",
            "output": "910"
        },
        {
            "input": "-284 -791 587 -1000 498 -392 526 767 -135 -638 -763 -281 948 882 -921 -324",
            "output": "948"
        },
        {
            "input": "-763 366",
            "output": "366"
        },
        {
            "input": "-226 575 886 -721 22 406 673 -649 -121",
            "output": "886"
        },
        {
            "input": "-573 268 918 -603 395 -63 577 -217 513 989 75 640 -473 -902 157 475 199",
            "output": "989"
        },
        {
            "input": "239 -419 -309",
            "output": "239"
        },
        {
            "input": "-318 -898 -654 937 418 -37 -384 -499",
            "output": "937"
        },
        {
            "input": "13 69 34 963 -70 137 705 702 635 284 -975 -250 -292 384 860 496 763 -15",
            "output": "963"
        },
        {
            "input": "431 514 831 -391 -549 -152 455 -825 568 342 968",
            "output": "968"
        },
        {
            "input": "-473 507 -855 -203 843 471 -603 -165 618 -828 -930 -399",
            "output": "843"
        },
        {
            "input": "-118",
            "output": "-118"
        },
        {
            "input": "-841 -985 -312 -48 583 744 -369 616 -343 -973 39 -746 -7 -428 567 -637 -721 127 -978 -240",
            "output": "744"
        },
        {
            "input": "558 188 -818 863 149 -513 -729 524 422 645",
            "output": "863"
        },
        {
            "input": "-717 -629 -211 996 -662 583 269 -508",
            "output": "996"
        },
        {
            "input": "-20 -177 -647 825 -496 -583 -99 382 491 -560 -87 896 -182 -496 -546 952 -867",
            "output": "952"
        },
        {
            "input": "808 302 1000 137 -421",
            "output": "1000"
        },
        {
            "input": "637",
            "output": "637"
        },
        {
            "input": "503 -35 568 928 334 -894 118 103 -417 -833 -419 -383 839 -234 895 -687 -327",
            "output": "928"
        },
        {
            "input": "570 366 884 -275 998 -697 -977",
            "output": "998"
        },
        {
            "input": "73 -908 8 309 399 701 67 -59 731",
            "output": "731"
        },
        {
            "input": "84 117 -689 -421 733 446 -437 -819 748 -933 238 -647 363 -368 -448 178 75 -93 96",
            "output": "748"
        },
        {
            "input": "-841 239 347 837 -870 207 -862 -192 -916 -49",
            "output": "837"
        },
        {
            "input": "-823 524 30 -309 -320 685 -112 420 41 139 -414 -438 868 -3 -283 953 495 773",
            "output": "953"
        },
        {
            "input": "-342 16 -380 106 -287",
            "output": "106"
        },
        {
            "input": "-143 -880 688",
            "output": "688"
        },
        {
            "input": "8 471 984 279 427 172 211 656 972 224 773 464 506 -351 -452 -94",
            "output": "984"
        },
        {
            "input": "618 152 -277 -441 317 356 -841 -139 660 -15 -376 931 -890 925",
            "output": "931"
        },
        {
            "input": "156 -819 745 -872 536 -259",
            "output": "745"
        },
        {
            "input": "291 888 697 -400 420 24 693 -73 -279 -735 813 -257 -998 366 -250 -434 178 151 -902",
            "output": "888"
        },
        {
            "input": "729 -288 -650 -394 -666 755 628 -109 -745 -947 909 381 390 -34 472 270 635 159 -770",
            "output": "909"
        },
        {
            "input": "977 -413 210 -693 123",
            "output": "977"
        },
        {
            "input": "545 -571 -227 686 -224 -473 30 178 -376 812 -849 -197 -376 868 -898 998 -694 253 -385",
            "output": "998"
        },
        {
            "input": "163 169 -840 461",
            "output": "461"
        },
        {
            "input": "-174 710 655 -402 358 206 837 234 800 -105 335 564 -732 461 -618 -26 896 618 623 988",
            "output": "988"
        },
        {
            "input": "-526 459 671 264 -142 -740 -230 470 -290 919 114 -300 305 453 171",
            "output": "919"
        },
        {
            "input": "821 271 379 490 558 843 201 31 997 -19 166 230 868 -215 -774 -506 -124 -968 -444",
            "output": "997"
        },
        {
            "input": "950 -864 -842 747 859 -620 340 574",
            "output": "950"
        },
        {
            "input": "527 -901 -101 -686 -442 270 884 -646 -374",
            "output": "884"
        },
        {
            "input": "-889 870 -59 -117 452 -132 -771 420 26 -959 -20 813 -385 159 95 -593 -770 -408",
            "output": "870"
        },
        {
            "input": "-618 555 378 -947 -388 597 59 492 -173 -510 -840 -973 -446 976 947 -357 -186 727",
            "output": "976"
        },
        {
            "input": "-697 -209 -935 413 43 187 796 -572 48 -857 -110 266 -331 531 20",
            "output": "796"
        },
        {
            "input": "157 670 102 541 464 786 -595 -330 -994 -306 -379",
            "output": "786"
        },
        {
            "input": "-779 -353 -654 -695 146 859 429 74 426 -592 -498 436 651 -23 -704 345 662 133",
            "output": "859"
        },
        {
            "input": "-827 748 -367 182 629 -864 -363 512 -111 240",
            "output": "748"
        },
        {
            "input": "951 -991 -194 -464 -336 -391 -820 -765 -970 -147 777 -813 -598 312 -162 184 952 -915",
            "output": "952"
        },
        {
            "input": "-462 -770 247 787 -60 635 -436 772 884 -380 -632 -208 -561",
            "output": "884"
        },
        {
            "input": "-258 192 714 -658 -942 -553 -187",
            "output": "714"
        },
        {
            "input": "-308 -2 -941 523 -252 436 -590 -371 -973 28",
            "output": "523"
        },
        {
            "input": "770 -612 -84 2 -444 364 880 -255 -102 -476 -107 -896 -507 -345 981",
            "output": "981"
        },
        {
            "input": "471 -303 -959 -559 -853 -792 -882 -520 -961 842 -875 174 -916 278 -203 824 -107 -375 -693 90",
            "output": "842"
        },
        {
            "input": "616 705 164 -596 -937 -509 597 -831 659 -58 780 -638 -637 310 -324",
            "output": "780"
        },
        {
            "input": "-334 -321 178",
            "output": "178"
        },
        {
            "input": "688 -325 -201 738 -907 310 684 897 53 -64 -634 968 -630 783",
            "output": "968"
        },
        {
            "input": "-323 -120 -967 -438 -596 -96 -759 622 -555 -772 -608 929 -931 -83 383 633 525 91 775",
            "output": "929"
        },
        {
            "input": "-910 944 299 823 351 -472 680 844 603 -656 202 15 -43 418 104",
            "output": "944"
        },
        {
            "input": "948 169 746 -434 -562 -471 298 -69 -889 -684 -33 185 -519 -741",
            "output": "948"
        },
        {
            "input": "-66 906 992 0 -432 -991 -788 -860 -847 -242 -479 914 -374 -791",
            "output": "992"
        },
        {
            "input": "-724 399 -6 -53 -440 617 -837 -229 -769 -317 -612 -106 -769 -965 758 312 -305 -304 -894 554",
            "output": "758"
        },
        {
            "input": "429 -58 85",
            "output": "429"
        },
        {
            "input": "673 399",
            "output": "673"
        },
        {
            "input": "-562 -972 349 565 847 76 901 -696 522 -505 -671 -953 660",
            "output": "901"
        },
        {
            "input": "-822 -751 -81 393 -504 -251 545 -148 -137 -721 57 69 642 -783 -189 -788 -894 -44 853",
            "output": "853"
        },
        {
            "input": "-701 819",
            "output": "819"
        },
        {
            "input": "-500 -16 -654 -650 486 -817 -739 598 892",
            "output": "892"
        },
        {
            "input": "277 -527 546 -287 263 615 209 -16 192 -965 880 -266 434",
            "output": "880"
        },
        {
            "input": "362 -13 -813 -462 495 -38 273 457 818 660 252",
            "output": "818"
        },
        {
            "input": "274 -887 82 770",
            "output": "770"
        },
        {
            "input": "-55 789 206 372",
            "output": "789"
        },
        {
            "input": "-546 80 -301 567 -586",
            "output": "567"
        },
        {
            "input": "893 458 545 11 808 -190 -429 -420 164 -405 474 -725 615 192 179",
            "output": "893"
        },
        {
            "input": "151 -254 -914 -710",
            "output": "151"
        },
        {
            "input": "-726 525 -90 721 276 -547 432 -808 -196 -101 -453 -280 842",
            "output": "842"
        },
        {
            "input": "708 778 -941 376 -542 237 -30 81 48 946 -808 398 -68 -72 599 196 469",
            "output": "946"
        },
        {
            "input": "-224 -940 -348 529 580 368 324 -839 35 -989 158",
            "output": "580"
        },
        {
            "input": "627 -349 -968 -170 253 -562 347 218 966 424 -273 -54 -458 602 178 -760 -58 845 878",
            "output": "966"
        },
        {
            "input": "-102 247 279 826 -131 50 114 325 -52 -50 -174 -439 -950 -285 517",
            "output": "826"
        },
        {
            "input": "-90 997 -556 345 16 -273 -516 -925 826 829 -872 -99 382 -584 -205",
            "output": "997"
        },
        {
            "input": "320 -111 801 -699 622 620 -767 -381 986 -50 -425 -639 117 -386 -718",
            "output": "986"
        },
        {
            "input": "-998",
            "output": "-998"
        },
        {
            "input": "-538 379 693 14 -384 -879",
            "output": "693"
        },
        {
            "input": "-914 -772 378 -164 71 89 -940 -297 860 868 -384 225 -891 419",
            "output": "868"
        },
        {
            "input": "597 -960 637 95 -915 -512 695 152 778 756 -209 243 998 240 710 935",
            "output": "998"
        },
        {
            "input": "-370 -109 -900 -456 641 -420 -53 160 -785 753 580 629 -923",
            "output": "753"
        },
        {
            "input": "-708 -795 196 358 313 64 108 177 729 -370 -749 313",
            "output": "729"
        },
        {
            "input": "118 -743 832 551 -229",
            "output": "832"
        },
        {
            "input": "178 230 984 -370",
            "output": "984"
        },
        {
            "input": "716 631 765 293 714 155 341 576 925 -369 -155 523 -986 373 -250 888",
            "output": "925"
        },
        {
            "input": "321 -988 741 298 777 759 -724 -74 -739 -379 -994 -10 -149 21 -580",
            "output": "777"
        },
        {
            "input": "530 944 636 386 -720 731",
            "output": "944"
        },
        {
            "input": "469 273 305 392 -520 124 203 -560 364 -687 987 -443 -495 -78 -981 -456 368 -65 589",
            "output": "987"
        },
        {
            "input": "622 -735 -597 725 995 -971 568",
            "output": "995"
        },
        {
            "input": "837 -261 -15 656 726 905 -778 -611 -573 667 983 -929 -444 644 -854 462 548 -977 -558",
            "output": "983"
        },
        {
            "input": "-803 -946 -560 -434 -455 -594 435 -497 -165 46 -526 -73 392 207",
            "output": "435"
        },
        {
            "input": "-175 -397 -663 -868",
            "output": "-175"
        },
        {
            "input": "-180 -96 405 894 171 265 -667 -176 797 -959 598 -523",
            "output": "894"
        },
        {
            "input": "-932 567 444 -379",
            "output": "567"
        },
        {
            "input": "-684 -311 89 706 695 -585 -957 -772 357 511 61 -978 730 336",
            "output": "730"
        },
        {
            "input": "714 655 93 -426 -858 -330 -291 446",
            "output": "714"
        },
        {
            "input": "-16 -437 -914 -24",
            "output": "-16"
        },
        {
            "input": "114 -644 -779 -281 -936 -706 -990 552 -877 929 213 77 505 -9 -271 558 509 681",
            "output": "929"
        },
        {
            "input": "627 -794 -894 -926",
            "output": "627"
        },
        {
            "input": "-609 -321 -426 398 -746 141 -910 -430 643 171 -619 117 468 925 53 738 -274 741",
            "output": "925"
        },
        {
            "input": "-921 -775 -244 -931 949 427",
            "output": "949"
        },
        {
            "input": "-275 390 453 2 -115 357 -732 -273 -953 187 636 -911 -250 -159 62 -682 -621 867 98 842",
            "output": "867"
        },
        {
            "input": "-899 -508 -418 -157 -971 -240 259 -828 471 298",
            "output": "471"
        },
        {
            "input": "-770 679 339 -982 -443 473 -166 832 115",
            "output": "832"
        },
        {
            "input": "156 703 199 707 -428 -979 -528 -317 784 841 20 495 -858 -239 238 570 -87",
            "output": "841"
        },
        {
            "input": "11 299 266 51 -581 217 328 991",
            "output": "991"
        },
        {
            "input": "-795 -264 -444 922",
            "output": "922"
        },
        {
            "input": "671 525 -88 -282 525 -330 513 248 900 588 362 361 -179 119",
            "output": "900"
        },
        {
            "input": "580 241 -515 865 395 729 -776 281 -61",
            "output": "865"
        },
        {
            "input": "-320 -109 9 641 173 152 -27 -836 636 -701 -463 -509 486",
            "output": "641"
        },
        {
            "input": "-928",
            "output": "-928"
        },
        {
            "input": "890 543 -635 29",
            "output": "890"
        },
        {
            "input": "-340 -46 -417 -976 82",
            "output": "82"
        },
        {
            "input": "806 325 669 -865 584 487 912 996 -545 891 -368 759 -362",
            "output": "996"
        },
        {
            "input": "-336 -216 9 843 690 -510 -8 -295 545 -164 532 248 916 -515 937",
            "output": "937"
        },
        {
            "input": "18 -232 921 -882 963 -191 180 187 -189 -562 289 735 -376 177 -886 811",
            "output": "963"
        },
        {
            "input": "-851 -486 -595 933 700 -402 -156 957 -715 -56 508 822 -224 -662 -527 -980 770 -353 -729 -466",
            "output": "957"
        },
        {
            "input": "-905 647 -430 205 -61 227 -357 -284 -19 -584 -312 105 -363",
            "output": "647"
        },
        {
            "input": "606 -728 97 -546 -77 -455 122 930 503",
            "output": "930"
        },
        {
            "input": "122 -410",
            "output": "122"
        },
        {
            "input": "-355 848",
            "output": "848"
        },
        {
            "input": "599 271 -528 242 -360 159 -223 -398 294 769 -398 970 959 -421",
            "output": "970"
        },
        {
            "input": "-97 -728 -269 -305 233 759 336 -953 400 65 556 161 768 -91 996",
            "output": "996"
        },
        {
            "input": "378 -673 -841 -727 -829 -916 -465",
            "output": "378"
        },
        {
            "input": "-744 -491 989 -64 735 -924 -880 234 -601 869 271 -677 -498",
            "output": "989"
        },
        {
            "input": "522 714 -903",
            "output": "714"
        },
        {
            "input": "-515 -215 208 280",
            "output": "280"
        },
        {
            "input": "363 383 292 -337 -981 372 209 864 410 103 615 -98 -801",
            "output": "864"
        },
        {
            "input": "-747 -348 354 -964 -818 311 -396 291 744 -637 -201 -999 -549 -450 -199",
            "output": "744"
        },
        {
            "input": "-233 159 612 -938",
            "output": "612"
        },
        {
            "input": "-476 -802 110 663 638",
            "output": "663"
        },
        {
            "input": "558 485 -542 -639 725 -273 -464 322 289 -633 600",
            "output": "725"
        },
        {
            "input": "552 -308 783 832 -928 404 962 901 654 -977 -999 -175 196 -345 -591 -674",
            "output": "962"
        },
        {
            "input": "-852 -329 -234 294 -777 -531 -183 -814 -501 -183 430 633",
            "output": "633"
        },
        {
            "input": "-28 -417 -633 -214 627 -729 -853 306 112 -404 -566 -748 -905",
            "output": "627"
        },
        {
            "input": "-4 866 277 -807 -629 -379 -781 677 336 260 -956 -371 244 -147 20",
            "output": "866"
        },
        {
            "input": "-60 -614 -40 -862",
            "output": "-40"
        },
        {
            "input": "926 319 -135",
            "output": "926"
        },
        {
            "input": "-929 953 857 -616 730 -15 -813 -321 85 855 -921",
            "output": "953"
        },
        {
            "input": "-271 -495 -657 -127 977 -537 459 641 -256 367 313 -380 -135 172 869 869 -904 -665",
            "output": "977"
        },
        {
            "input": "-193 -984 -870 -813",
            "output": "-193"
        },
        {
            "input": "229",
            "output": "229"
        },
        {
            "input": "-785 -190 -545 -601 444 -301",
            "output": "444"
        },
        {
            "input": "-511 968",
            "output": "968"
        },
        {
            "input": "362 607 -624 -642 749 855 443 888 -94 923 993 -112 -137 386 -905 88",
            "output": "993"
        },
        {
            "input": "883 -24 -243 -748 -733 -22 -785 -718 -589 854 753 106 184 478 -669",
            "output": "883"
        },
        {
            "input": "386 822 -953 -980 -267 -220 54 -798 -991 448 285 751 -65 736 58 219",
            "output": "822"
        },
        {
            "input": "232 177 952 -281 -892",
            "output": "952"
        },
        {
            "input": "898 -963 999 -38 588 465 -30 231 -474",
            "output": "999"
        },
        {
            "input": "-777 90 -84 523",
            "output": "523"
        },
        {
            "input": "481 -154 -414 95 799 -314 762 -990 128 194 -772 715",
            "output": "799"
        },
        {
            "input": "33 -314 197 -509",
            "output": "197"
        },
        {
            "input": "929 -886 -184 689 408 -902 -571 -806 -462 -535 -682 413 -559 -40",
            "output": "929"
        },
        {
            "input": "-237 383 368 -771 698 -649 -625 992 -544",
            "output": "992"
        },
        {
            "input": "313 -442 1 872",
            "output": "872"
        },
        {
            "input": "40 195 189 360 51",
            "output": "360"
        },
        {
            "input": "47 435 -500 16 428 895",
            "output": "895"
        },
        {
            "input": "905 428",
            "output": "905"
        },
        {
            "input": "-368 258 -39 241 -589 936 -98 431 -244 753 -914 -160 901 164 -65 -691 735 915 -912 -455",
            "output": "936"
        },
        {
            "input": "-658 442 233 -929 824 -627 -241 783",
            "output": "824"
        },
        {
            "input": "-55 -757",
            "output": "-55"
        },
        {
            "input": "-710 585 -993 572 -872 91 -226 550 529 817 -215 496",
            "output": "817"
        },
        {
            "input": "-562 -619 115 719 702 843 -21 121 -74 960 -207 242",
            "output": "960"
        },
        {
            "input": "562 456 -973 -324 -346 37 618 -952 601 -615 -129 795 -543 120 -35 109 -242 -402 979",
            "output": "979"
        },
        {
            "input": "781",
            "output": "781"
        },
        {
            "input": "767 -10 -17 469 786 -863 -687 639 478",
            "output": "786"
        },
        {
            "input": "419 -978 -327",
            "output": "419"
        },
        {
            "input": "945 521 -534 357 331 798 401 653 -373 545 750 467 -162 -130 561 -500 951",
            "output": "951"
        },
        {
            "input": "-829 -791 -28 912",
            "output": "912"
        },
        {
            "input": "-356 -435 314 310 -888 704 902 -443 -891 -5 -516 -98 -235 -507 56 -618 872 -240",
            "output": "902"
        },
        {
            "input": "173 102 509 -955 -426 285 -594 -255 -721 -243 193 248 112 -395 274",
            "output": "509"
        },
        {
            "input": "-206 451 -201 597 -129 199 -97 71 -884 -667 336",
            "output": "597"
        },
        {
            "input": "540 -366",
            "output": "540"
        },
        {
            "input": "-358",
            "output": "-358"
        },
        {
            "input": "264 -457 439 -667 189 466 508 -936 723 -803 -692 440",
            "output": "723"
        },
        {
            "input": "-59 667 -788 999 657 -192 281 -978 -468",
            "output": "999"
        },
        {
            "input": "-976 -638 970 317 -233 224",
            "output": "970"
        },
        {
            "input": "-540 -663 -368 -514 37 390 129 -896 923 428 -439 -350 -616 -299",
            "output": "923"
        },
        {
            "input": "-216 306",
            "output": "306"
        },
        {
            "input": "298 404 305",
            "output": "404"
        },
        {
            "input": "-404 360",
            "output": "360"
        },
        {
            "input": "193 -956 -9 -143 126 -663 682 -79 -547 385 405 -602 -270 -463",
            "output": "682"
        },
        {
            "input": "-451 -179 -820 743 76 286",
            "output": "743"
        },
        {
            "input": "1 -358 -771 -7 -848 965 -11 755 183 -505 266 655 -746",
            "output": "965"
        },
        {
            "input": "70 80 861",
            "output": "861"
        },
        {
            "input": "960 -1000 257 877 440 -171 231 -551 655 738 883 757 -134 -675 943 -341 -695",
            "output": "960"
        },
        {
            "input": "193 -767 -289 -384 -762 -433 -429 243 -107 681 -598 -219 826 244 -431 139 -885 688 -657",
            "output": "826"
        },
        {
            "input": "516 491 578 566 517",
            "output": "578"
        },
        {
            "input": "-945 730 -986 -896 474 839 91 218 -942 55",
            "output": "839"
        },
        {
            "input": "-828 852 135 923",
            "output": "923"
        },
        {
            "input": "401 -310 -154 -230 -47 434 625 952 335 -247 -388 724 281 301 867 -157",
            "output": "952"
        },
        {
            "input": "221 -627 602 -914 -747 670 -111 -456 181 559 509 -574 32 -446",
            "output": "670"
        },
        {
            "input": "126 -776 -172",
            "output": "126"
        },
        {
            "input": "-274 -396 745 -513 671 -295 -996 -359 364 -103 -154 420 -228 36 -223 -322 -537 908 -721",
            "output": "908"
        },
        {
            "input": "824 -207 311 -989 -751 554",
            "output": "824"
        },
        {
            "input": "-447 -735 -907 -975 -773 -592",
            "output": "-447"
        },
        {
            "input": "-488 -866 315 -42 -767 818 -682 -286 -120",
            "output": "818"
        },
        {
            "input": "542 856 550 377 -328",
            "output": "856"
        },
        {
            "input": "624 53 579 -81 537 978 223 -919 406 -19",
            "output": "978"
        },
        {
            "input": "-277 -672 505 271 -862 -388 194 -347 805 225 -43 235 -878 720 206 -545 27 -28 464 -682",
            "output": "805"
        },
        {
            "input": "90 496 738 286 -716 678 759 667",
            "output": "759"
        },
        {
            "input": "406 718 545 -655 -260 267 452 -426 -789 -564 30 -647 865 -669 286 288 -735 806",
            "output": "865"
        },
        {
            "input": "-858 -852",
            "output": "-852"
        },
        {
            "input": "-915 918 -222 -553 -742",
            "output": "918"
        },
        {
            "input": "814 706 728 869 -13 729 470",
            "output": "869"
        },
        {
            "input": "303 -506 -717 461 -672 960 -773 575 -948 94 231 761 -431",
            "output": "960"
        },
        {
            "input": "-593 257 -92 -735 912 121 -457 692 595 442 34 -587 -1 -500 -850 201 715 -534 363 754",
            "output": "912"
        },
        {
            "input": "-674 138 530 -843 -521 -342 576 940 -836 91 374 -311 -728 65 -31",
            "output": "940"
        },
        {
            "input": "-602",
            "output": "-602"
        },
        {
            "input": "976 -796 572",
            "output": "976"
        },
        {
            "input": "190 76 -873 529 747 218 -227",
            "output": "747"
        },
        {
            "input": "-899 -265 86 891 682 815 476 -486 -387 318 725 888 -33 347 -391",
            "output": "891"
        },
        {
            "input": "-939 648 48 -405 -567 -905 -232 280 76 -652 207 815 224 689 302 -127 996 -331 -168 -405",
            "output": "996"
        },
        {
            "input": "-56 -90 -725 405 -678 371 741 -91 -586 -323 617 -209 -363 -41 -762 -812 -483 -165 -993 926",
            "output": "926"
        },
        {
            "input": "206",
            "output": "206"
        },
        {
            "input": "859 610 -527 -769 -942 613 -869 372 831 684 -515 126 678 958",
            "output": "958"
        },
        {
            "input": "-315 -56 -499 -96 896 -536 971 -100",
            "output": "971"
        },
        {
            "input": "866 810 412 -667 8 468 -496 -332 829 550",
            "output": "866"
        },
        {
            "input": "-775 761 27 226 35 -352 886 503 -822 -607 274 366 864 -119 475 -209 -218 170 376 700",
            "output": "886"
        },
        {
            "input": "-514 646 935 761 876 118 -562 -142 492 -901 384",
            "output": "935"
        },
        {
            "input": "608 -968 298 58 716 510 -354 750 208 894 -717 607 -664",
            "output": "894"
        },
        {
            "input": "-946 -229 174 953 -415 518 554",
            "output": "953"
        },
        {
            "input": "-818",
            "output": "-818"
        },
        {
            "input": "-723 -242 -950 -171 -74 -535 -704 -107 112 775 -793 -959 145 -381 365",
            "output": "775"
        },
        {
            "input": "968 336 53 -912 -745 -308 -136 -2 -30 961 -835 -342 779 130 -184",
            "output": "968"
        },
        {
            "input": "303 -271 181 563 -786 -326 -839 -455 -271 687 -349 -626 -899",
            "output": "687"
        },
        {
            "input": "-152 447 -287 -759 137 -548 -508 -969 156 -914",
            "output": "447"
        },
        {
            "input": "-574 110 387 949 -275",
            "output": "949"
        },
        {
            "input": "-236 -600 -165 733 -137 -357 59 186 -661 299 290 41 -216 593 -319 -607 706 784",
            "output": "784"
        },
        {
            "input": "-286",
            "output": "-286"
        },
        {
            "input": "-674 147",
            "output": "147"
        },
        {
            "input": "132",
            "output": "132"
        },
        {
            "input": "790 985",
            "output": "985"
        },
        {
            "input": "326 -392 363 -793 -20 -457 366 537 469 991",
            "output": "991"
        },
        {
            "input": "816 -357 985 343",
            "output": "985"
        },
        {
            "input": "499 -517 -819 -953 812 728 -208 -768 -169 -762 -489 -528 448 603",
            "output": "812"
        },
        {
            "input": "-43 137 -594 104 621 -562 -280 998 -42 -863 903 -797 -343 -462 -307 -101 -178",
            "output": "998"
        },
        {
            "input": "-86 260 381 105 319 314 164",
            "output": "381"
        },
        {
            "input": "90 -113 777 891 596 524 584 -89 363 -523 -510 142 -603 136 346 -865",
            "output": "891"
        },
        {
            "input": "-114 520 870 -729 -255 543 90 -625",
            "output": "870"
        },
        {
            "input": "-83 -18 -534 -755 -718 349 -675 -30 -270 269 122 318 737 -426 618 -146 929 529 -592",
            "output": "929"
        },
        {
            "input": "786 647 -49 -498 -294 818 736",
            "output": "818"
        },
        {
            "input": "-62 -691 915",
            "output": "915"
        },
        {
            "input": "916 -193 320 -379",
            "output": "916"
        },
        {
            "input": "183 370 -421 -393 -277 900 788 627 888 397 51 -446",
            "output": "900"
        },
        {
            "input": "457 425",
            "output": "457"
        },
        {
            "input": "-161 -572 390 -596 -171 -752 913 438",
            "output": "913"
        },
        {
            "input": "-876 -382 -257 -133 63 230 -130 190 -589 -463 -607 457 -768 620 -820 -599 -998 482 -350",
            "output": "620"
        },
        {
            "input": "421 -804 -944 592 -956 -490 294 613 740 -837 240 871 731 -643 -329",
            "output": "871"
        },
        {
            "input": "-515 370 621 179",
            "output": "621"
        },
        {
            "input": "-806 228 498 -770",
            "output": "498"
        },
        {
            "input": "-514 -951 -699 380 400 360 -788 -313 -739 254 84 386 -525",
            "output": "400"
        },
        {
            "input": "-230 -815 997 -773 -752 909 50 -310 -504 -546 -616 -889",
            "output": "997"
        },
        {
            "input": "-169",
            "output": "-169"
        },
        {
            "input": "-838 669 105 -874 134 962 843 145",
            "output": "962"
        },
        {
            "input": "-503 -463 -817 561 955 758 20 206 679",
            "output": "955"
        },
        {
            "input": "907 140 417 -969 788 -788 -190",
            "output": "907"
        },
        {
            "input": "-215 783 816 -281 179 -506 764 305 798 393 -845 111",
            "output": "816"
        },
        {
            "input": "-947 -39 -689 422 -505 666 472 962 -146 -427 -78 -800",
            "output": "962"
        },
        {
            "input": "683 476",
            "output": "683"
        },
        {
            "input": "520 133 674 928 857 -340 -809 -339 444 32 17 829 121 990 985 -579 5",
            "output": "990"
        },
        {
            "input": "-333 -903 401 944 -632",
            "output": "944"
        },
        {
            "input": "-258 -285 307 398 502 594 -644 -999 423 -654 925 -337 550 -710 -221",
            "output": "925"
        },
        {
            "input": "-806 259 680 367 -927",
            "output": "680"
        },
        {
            "input": "569 -881 228 324 -31",
            "output": "569"
        },
        {
            "input": "156 469 49 -972",
            "output": "469"
        },
        {
            "input": "870 78 -859",
            "output": "870"
        },
        {
            "input": "198 -143 -364 -169 595 -720 496 -1 -55 -323 -551 -402 956 -773 -912",
            "output": "956"
        },
        {
            "input": "-34 -890 797 -435 25 189 493 718 -659 -175 -805",
            "output": "797"
        },
        {
            "input": "-932 489 606 -728 -884 171 -703 374 -20 -430 -52 -334 -589",
            "output": "606"
        },
        {
            "input": "232 -128 958 904",
            "output": "958"
        },
        {
            "input": "454 -959 920 -887 294 -911 -74 -792 -735 -794 632 110 -9",
            "output": "920"
        },
        {
            "input": "-118 -318 -646 405",
            "output": "405"
        },
        {
            "input": "502 440 -785 216 -808 268 341 -349 -856 -996 -227 -402 509 410 661 -951 411 -923",
            "output": "661"
        },
        {
            "input": "216 982 -823 604 -499 -197 -234 -420 -955 943 737 -566 894",
            "output": "982"
        },
        {
            "input": "-887",
            "output": "-887"
        },
        {
            "input": "-445 -898 387 342 614 -350 -555 237 -253 -552 424 -803 14 -598 -632 -492 -747 -476 217",
            "output": "614"
        },
        {
            "input": "-841 -44 884 -824 237 687 673 323 138 8 -82 126 986 -569 406 -618",
            "output": "986"
        },
        {
            "input": "-536 -758 341 485 -201 -780 -313 98 -279 -159 -51 -611 397 585",
            "output": "585"
        },
        {
            "input": "-655 -969 -709 -764 436 -167 -544 864",
            "output": "864"
        },
        {
            "input": "983 -225",
            "output": "983"
        },
        {
            "input": "766 64 373 380 -381 853 -100 -699 -724",
            "output": "853"
        },
        {
            "input": "-31 118 -866 -564 933 347 249",
            "output": "933"
        },
        {
            "input": "-696 -598 -68 -901 -436 970 -660 -356 -881",
            "output": "970"
        },
        {
            "input": "67 316 555 -143 309 -887 3 292 -795 725 -891 -402 -282 -636 -315 -243",
            "output": "725"
        },
        {
            "input": "-872 542",
            "output": "542"
        },
        {
            "input": "-655 -566 281 957 -82 968 -698 -609 -120 59 -377 -147 428 918 -167 -210 -211 916",
            "output": "968"
        },
        {
            "input": "-182 -607 844 -77 356 -980 666 301 710 -900 338 -314 -472",
            "output": "844"
        },
        {
            "input": "573 99 -633 -750 975 -419 877 949 940 719 -698 -749 462 -420",
            "output": "975"
        },
        {
            "input": "-999 159 -379 -911 -842 513 -243 787 -802 -715 63 794 328 -530 -940",
            "output": "794"
        },
        {
            "input": "271 -785 38 715 -565 109 -672 980 -555 -367 620 -638 -808",
            "output": "980"
        },
        {
            "input": "-864 -349 -589 -593 715 -212 -742 -621 -24",
            "output": "715"
        },
        {
            "input": "840 18 -672 -759 82 70 -376 -898 404 -139 600",
            "output": "840"
        },
        {
            "input": "689 -409 -380 -589 -319 825 -959",
            "output": "825"
        },
        {
            "input": "-204 -538 79",
            "output": "79"
        },
        {
            "input": "-236 491 -457 -435 -513 533 -391 955 213 -866 -408 -276 -645 143 395 808",
            "output": "955"
        },
        {
            "input": "-183 -272 514 -664 735 -912 -266 959 768 21 731 -662 -554 -977",
            "output": "959"
        },
        {
            "input": "-610 587 262 -840 47",
            "output": "587"
        },
        {
            "input": "458 767 -303 996 -452 336 721 719 369 -647",
            "output": "996"
        },
        {
            "input": "452 -382 -955 484 716 518 -940 114 -767",
            "output": "716"
        },
        {
            "input": "-72 413 850 -456",
            "output": "850"
        },
        {
            "input": "-943 948 433 -874 -839 866 629 709 971 -454 -901 482 -753 -426 -545 252",
            "output": "971"
        },
        {
            "input": "854 475 386 -880 -665 85 24 750 194 721 -784 -304 337 -899 839 874 -238 382 -881 -932",
            "output": "874"
        },
        {
            "input": "-463 -323 -539 468 321 -531",
            "output": "468"
        },
        {
            "input": "-987 -287 793 137 964 -757 -130 -872 -444 487 500 320 -226 -853 75 719 517",
            "output": "964"
        },
        {
            "input": "302",
            "output": "302"
        },
        {
            "input": "334 3 943 -418 -146 565 410 780 -391 -324 -525 386 61",
            "output": "943"
        },
        {
            "input": "375 223 453 -280 -947 -831 -431 -760 138 951 671",
            "output": "951"
        },
        {
            "input": "880 828 5 -832 -800 -131 -35 -761 -537 -347 -342 60 173 -682 341",
            "output": "880"
        },
        {
            "input": "688 429 -301 -761 821 304 525 708 -824 -56",
            "output": "821"
        },
        {
            "input": "656 715",
            "output": "715"
        },
        {
            "input": "635 566",
            "output": "635"
        },
        {
            "input": "162",
            "output": "162"
        },
        {
            "input": "295 282 689 -243 -465 -394 420 846 -358 -35 -366",
            "output": "846"
        },
        {
            "input": "841 -841 919 996 383 849 -153 -612 720 743 20 116",
            "output": "996"
        },
        {
            "input": "-992 -95 -727 683 872 -321 172 -438",
            "output": "872"
        },
        {
            "input": "-901 -592",
            "output": "-592"
        },
        {
            "input": "-335 -429 557 133 412 771 -416 757 808 -407 890 832 -652 439 -679 -440 -349 -716 -129",
            "output": "890"
        },
        {
            "input": "-957 -845 -87",
            "output": "-87"
        },
        {
            "input": "76 11 -965 -131 915 -434 52 -413 508 -520 -680 -651 900 -730 711 -316 -353 -68 -128 -842",
            "output": "915"
        },
        {
            "input": "-20",
            "output": "-20"
        },
        {
            "input": "-786 -844 -81 -28 144 982 -551 -737 700 278",
            "output": "982"
        },
        {
            "input": "-504 205 -251 266 -906 146",
            "output": "266"
        },
        {
            "input": "-179 372 982 -371 91 158 -971 69 -346 86 -975 -824 340",
            "output": "982"
        },
        {
            "input": "-765 234",
            "output": "234"
        },
        {
            "input": "-512 -118 320 617 -558 -100 145 756 -562 -134 -304 -100 841 -754 -360 -37 -374",
            "output": "841"
        },
        {
            "input": "639 144 872 -124 839 114 992 973 229 30 451",
            "output": "992"
        },
        {
            "input": "-14 996 -777 -643 615 -781 -497 -674 -910 -127 -723 507 446 640 568 -838 296 985",
            "output": "996"
        },
        {
            "input": "-561 622 -490 -236 218 940 -842 487 -35 -502 -373 346",
            "output": "940"
        },
        {
            "input": "-655 707",
            "output": "707"
        },
        {
            "input": "476 560 -166 86 -780",
            "output": "560"
        },
        {
            "input": "-933 417 171 -850 -515 -864 880 177 -389 -221 832 113 -509",
            "output": "880"
        },
        {
            "input": "316 -627 -376 -343 670 -16 -710 417 319 94 -987",
            "output": "670"
        },
        {
            "input": "-955 856 556 82 706 538 704 996 180 -455 -422 -638 -537 706 205 -257 -754 -754 626",
            "output": "996"
        },
        {
            "input": "434 -628 9",
            "output": "434"
        },
        {
            "input": "-206",
            "output": "-206"
        },
        {
            "input": "703 846 929 572",
            "output": "929"
        },
        {
            "input": "-228 115 -432 -323 461 527 209 -210 2",
            "output": "527"
        },
        {
            "input": "131 315 64 114 -491 721 250 -275 344 157",
            "output": "721"
        },
        {
            "input": "948 -842 -875",
            "output": "948"
        },
        {
            "input": "-283 -436 131 -2",
            "output": "131"
        },
        {
            "input": "-415 413 -422 139 -750 563 -719",
            "output": "563"
        },
        {
            "input": "-50 182 -425 137 -257 347 718 -158 -492 481 -996 733",
            "output": "733"
        },
        {
            "input": "-435 251 -774 848 -364 -172 -315 735 -61 501 746 188 -702",
            "output": "848"
        },
        {
            "input": "826 298 883 -185 -925 641 -409 -636 -581 221",
            "output": "883"
        },
        {
            "input": "10 -620 -888 -879",
            "output": "10"
        },
        {
            "input": "-555 -961 980 -634 812 -859 -824 -527 172 -879 -261 91 932 903 -371 -588 -760",
            "output": "980"
        },
        {
            "input": "178 870 147 269 -11 21 310 33 -10 -486 -43 1 189 -129 -574 -283 -902 883 434",
            "output": "883"
        },
        {
            "input": "62 -328 -152 524 -879 167 -972 -381 -419 123 20 292 -525",
            "output": "524"
        },
        {
            "input": "-812 -556 -696 -176 927 641 -755 998 306 101 -9",
            "output": "998"
        },
        {
            "input": "-37 260 -353 204 621 -160 -415 -337",
            "output": "621"
        },
        {
            "input": "888 502 -173 684 -712 442 667 -878 645 -289 -648 -931 105",
            "output": "888"
        },
        {
            "input": "450 759 -41 -78 883 -417 555 -863 59 677 353 -317 471 948 53 596 -93 -280",
            "output": "948"
        },
        {
            "input": "-946 -374 763 -76",
            "output": "763"
        },
        {
            "input": "-633 -558 195 76 521 -854 -862 -341 -413 -201 -583 -74 124 -689 -318 5",
            "output": "521"
        },
        {
            "input": "95",
            "output": "95"
        },
        {
            "input": "261 937 -394 -331 -613 -665 -491 -622 80 -188 -525 88 -707 96 -281",
            "output": "937"
        },
        {
            "input": "92 -789 455 -81 -922 593 826 -545 -783 -137 -690 491 -213",
            "output": "826"
        },
        {
            "input": "940 -57 237 -114 -608 204 -124 458 86 -981 173 -837 77 75 -182 991 301 515 -83",
            "output": "991"
        },
        {
            "input": "-1000 579 798 -736 127 855 108 396",
            "output": "855"
        },
        {
            "input": "769 651 -577 329 -371 -992 761 38 31 -784 739",
            "output": "769"
        },
        {
            "input": "961 -792 -693 -930 -910 -451 77 197 46 379 185 898 -797 871 -400 -901 -906",
            "output": "961"
        },
        {
            "input": "-169 -670 960 -38 279 -326",
            "output": "960"
        },
        {
            "input": "-649 756 -950 487 247",
            "output": "756"
        },
        {
            "input": "-672 -81 -71 -367 763 -70 -557 -53 -171 951 828 -25 -704 -804 103 -986 -419 -683 192",
            "output": "951"
        },
        {
            "input": "446 -665 -280 -148 819 733 347 -365 984 -678 738",
            "output": "984"
        },
        {
            "input": "-404 -957 -732 -511 298",
            "output": "298"
        },
        {
            "input": "162 -547 -102 658 -645 -370 249 345 614 -773 -672 -944 606 611 776 -568",
            "output": "776"
        },
        {
            "input": "-700 -607 963 -589 705 481 -880 766 275 -49 -338 123 222 764 -990 31 -832",
            "output": "963"
        },
        {
            "input": "890 -375 -741 -657 864 550 676 74 -59 29 55 965 998 665",
            "output": "998"
        },
        {
            "input": "2 378 656 736 680",
            "output": "736"
        },
        {
            "input": "-906 -170 -451 536 394 517 -351 -190 500 -514 516 755 -425 855 415 -370 -305 -165 699 481",
            "output": "855"
        },
        {
            "input": "974 882 -548 -60 675 621 525 235 613",
            "output": "974"
        },
        {
            "input": "54 -211 574 513 193 794 864 -74 442 432 212",
            "output": "864"
        },
        {
            "input": "512 255 -449 -133 211 557 -151 -508",
            "output": "557"
        },
        {
            "input": "44 81 857 -935 -720 -616 -405 976 600 283 295 205 -46 355 597 636 -791 162 -656 -8",
            "output": "976"
        },
        {
            "input": "-847 -388 -260 63 -234 741 593 431 323 99 968 729 210 -941 -689 221 -942 615 312",
            "output": "968"
        },
        {
            "input": "-601 -519 252 -16 -709 -917 173 392 -624 394 610 -701 424 -557 909",
            "output": "909"
        },
        {
            "input": "-230 -395 335 587 -549 706 -377 546 -746",
            "output": "706"
        },
        {
            "input": "-227 -391 411 -690 -348 -873 -88 803 793 -118 -409 -399 19 -404",
            "output": "803"
        },
        {
            "input": "264 27 -507 452 590 -69",
            "output": "590"
        },
        {
            "input": "-15 -717 478",
            "output": "478"
        }
    ]
}