{
    "id": "gcd_two_numbers",
    "title": "GCD of Two Numbers",
    "description": "The Greatest Common Divisor (GCD) of two integers is the largest positive integer that divides each of the integers without leaving a remainder. In this problem, you are given two integers `A` and `B`. Your task is to implement a program to calculate their Greatest Common Divisor.",
    "input_format": "Two space-separated integers A and B.",
    "output_format": "Output a single integer representing the Greatest Common Divisor (GCD) of `A` and `B`.",
    "constraints": {
        "A": "1 <= A <= 10^9",
        "B": "1 <= B <= 10^9"
    },
    "judge_mode": "FIRST_FAIL",
    "time_limit": 1,
    "sample_test_cases": [
        {
            "input": "12 18",
            "output": "6"
        },
        {
            "input": "5 10",
            "output": "5"
        }
    ],
    "hidden_test_cases": [
        {
            "input": "86 615",
            "output": "1"
        },
        {
            "input": "99 325",
            "output": "1"
        },
        {
            "input": "701 910",
            "output": "1"
        },
        {
            "input": "276 570",
            "output": "6"
        },
        {
            "input": "545 778",
            "output": "1"
        },
        {
            "input": "201 568",
            "output": "1"
        },
        {
            "input": "769 109",
            "output": "1"
        },
        {
            "input": "804 512",
            "output": "4"
        },
        {
            "input": "856 353",
            "output": "1"
        },
        {
            "input": "238 184",
            "output": "2"
        },
        {
            "input": "843 734",
            "output": "1"
        },
        {
            "input": "898 287",
            "output": "1"
        },
        {
            "input": "296 20",
            "output": "4"
        },
        {
            "input": "189 722",
            "output": "1"
        },
        {
            "input": "52 159",
            "output": "1"
        },
        {
            "input": "72 714",
            "output": "6"
        },
        {
            "input": "779 969",
            "output": "19"
        },
        {
            "input": "869 221",
            "output": "1"
        },
        {
            "input": "124 461",
            "output": "1"
        },
        {
            "input": "101 866",
            "output": "1"
        },
        {
            "input": "497 145",
            "output": "1"
        },
        {
            "input": "684 951",
            "output": "3"
        },
        {
            "input": "917 932",
            "output": "1"
        },
        {
            "input": "977 162",
            "output": "1"
        },
        {
            "input": "684 208",
            "output": "4"
        },
        {
            "input": "544 247",
            "output": "1"
        },
        {
            "input": "833 885",
            "output": "1"
        },
        {
            "input": "513 896",
            "output": "1"
        },
        {
            "input": "85 781",
            "output": "1"
        },
        {
            "input": "534 112",
            "output": "2"
        },
        {
            "input": "823 744",
            "output": "1"
        },
        {
            "input": "842 401",
            "output": "1"
        },
        {
            "input": "855 608",
            "output": "19"
        },
        {
            "input": "436 568",
            "output": "4"
        },
        {
            "input": "284 86",
            "output": "2"
        },
        {
            "input": "674 388",
            "output": "2"
        },
        {
            "input": "991 86",
            "output": "1"
        },
        {
            "input": "778 406",
            "output": "2"
        },
        {
            "input": "843 968",
            "output": "1"
        },
        {
            "input": "388 494",
            "output": "2"
        },
        {
            "input": "962 416",
            "output": "26"
        },
        {
            "input": "457 351",
            "output": "1"
        },
        {
            "input": "730 632",
            "output": "2"
        },
        {
            "input": "322 844",
            "output": "2"
        },
        {
            "input": "715 175",
            "output": "5"
        },
        {
            "input": "353 373",
            "output": "1"
        },
        {
            "input": "671 399",
            "output": "1"
        },
        {
            "input": "678 485",
            "output": "1"
        },
        {
            "input": "301 915",
            "output": "1"
        },
        {
            "input": "288 754",
            "output": "2"
        },
        {
            "input": "363 950",
            "output": "1"
        },
        {
            "input": "711 933",
            "output": "3"
        },
        {
            "input": "914 268",
            "output": "2"
        },
        {
            "input": "403 137",
            "output": "1"
        },
        {
            "input": "633 555",
            "output": "3"
        },
        {
            "input": "440 696",
            "output": "8"
        },
        {
            "input": "267 776",
            "output": "1"
        },
        {
            "input": "187 242",
            "output": "11"
        },
        {
            "input": "166 336",
            "output": "2"
        },
        {
            "input": "33 23",
            "output": "1"
        },
        {
            "input": "490 875",
            "output": "35"
        },
        {
            "input": "281 587",
            "output": "1"
        },
        {
            "input": "604 414",
            "output": "2"
        },
        {
            "input": "966 700",
            "output": "14"
        },
        {
            "input": "538 242",
            "output": "2"
        },
        {
            "input": "666 915",
            "output": "3"
        },
        {
            "input": "262 790",
            "output": "2"
        },
        {
            "input": "311 892",
            "output": "1"
        },
        {
            "input": "711 419",
            "output": "1"
        },
        {
            "input": "365 796",
            "output": "1"
        },
        {
            "input": "447 186",
            "output": "3"
        },
        {
            "input": "341 644",
            "output": "1"
        },
        {
            "input": "281 125",
            "output": "1"
        },
        {
            "input": "762 952",
            "output": "2"
        },
        {
            "input": "676 17",
            "output": "1"
        },
        {
            "input": "390 854",
            "output": "2"
        },
        {
            "input": "241 98",
            "output": "1"
        },
        {
            "input": "180 694",
            "output": "2"
        },
        {
            "input": "710 397",
            "output": "1"
        },
        {
            "input": "218 162",
            "output": "2"
        },
        {
            "input": "740 736",
            "output": "4"
        },
        {
            "input": "706 634",
            "output": "2"
        },
        {
            "input": "519 28",
            "output": "1"
        },
        {
            "input": "505 13",
            "output": "1"
        },
        {
            "input": "779 639",
            "output": "1"
        },
        {
            "input": "460 509",
            "output": "1"
        },
        {
            "input": "662 271",
            "output": "1"
        },
        {
            "input": "33 411",
            "output": "3"
        },
        {
            "input": "112 701",
            "output": "1"
        },
        {
            "input": "412 957",
            "output": "1"
        },
        {
            "input": "63 60",
            "output": "3"
        },
        {
            "input": "258 103",
            "output": "1"
        },
        {
            "input": "100 137",
            "output": "1"
        },
        {
            "input": "566 712",
            "output": "2"
        },
        {
            "input": "33 38",
            "output": "1"
        },
        {
            "input": "609 515",
            "output": "1"
        },
        {
            "input": "884 460",
            "output": "4"
        },
        {
            "input": "358 437",
            "output": "1"
        },
        {
            "input": "111 551",
            "output": "1"
        },
        {
            "input": "385 766",
            "output": "1"
        },
        {
            "input": "463 43",
            "output": "1"
        },
        {
            "input": "568 993",
            "output": "1"
        },
        {
            "input": "787 486",
            "output": "1"
        },
        {
            "input": "764 498",
            "output": "2"
        },
        {
            "input": "225 440",
            "output": "5"
        },
        {
            "input": "987 326",
            "output": "1"
        },
        {
            "input": "40 716",
            "output": "4"
        },
        {
            "input": "588 688",
            "output": "4"
        },
        {
            "input": "612 553",
            "output": "1"
        },
        {
            "input": "411 160",
            "output": "1"
        },
        {
            "input": "26 514",
            "output": "2"
        },
        {
            "input": "23 406",
            "output": "1"
        },
        {
            "input": "152 697",
            "output": "1"
        },
        {
            "input": "965 308",
            "output": "1"
        },
        {
            "input": "430 687",
            "output": "1"
        },
        {
            "input": "652 145",
            "output": "1"
        },
        {
            "input": "218 254",
            "output": "2"
        },
        {
            "input": "295 869",
            "output": "1"
        },
        {
            "input": "875 254",
            "output": "1"
        },
        {
            "input": "226 534",
            "output": "2"
        },
        {
            "input": "696 149",
            "output": "1"
        },
        {
            "input": "721 365",
            "output": "1"
        },
        {
            "input": "581 423",
            "output": "1"
        },
        {
            "input": "463 726",
            "output": "1"
        },
        {
            "input": "882 959",
            "output": "7"
        },
        {
            "input": "941 388",
            "output": "1"
        },
        {
            "input": "353 754",
            "output": "1"
        },
        {
            "input": "986 238",
            "output": "34"
        },
        {
            "input": "896 609",
            "output": "7"
        },
        {
            "input": "904 479",
            "output": "1"
        },
        {
            "input": "782 34",
            "output": "34"
        },
        {
            "input": "131 915",
            "output": "1"
        },
        {
            "input": "479 920",
            "output": "1"
        },
        {
            "input": "749 731",
            "output": "1"
        },
        {
            "input": "147 402",
            "output": "3"
        },
        {
            "input": "716 92",
            "output": "4"
        },
        {
            "input": "26 786",
            "output": "2"
        },
        {
            "input": "194 22",
            "output": "2"
        },
        {
            "input": "787 218",
            "output": "1"
        },
        {
            "input": "910 322",
            "output": "14"
        },
        {
            "input": "81 974",
            "output": "1"
        },
        {
            "input": "302 551",
            "output": "1"
        },
        {
            "input": "485 269",
            "output": "1"
        },
        {
            "input": "555 504",
            "output": "3"
        },
        {
            "input": "873 166",
            "output": "1"
        },
        {
            "input": "839 603",
            "output": "1"
        },
        {
            "input": "371 159",
            "output": "53"
        },
        {
            "input": "176 190",
            "output": "2"
        },
        {
            "input": "718 295",
            "output": "1"
        },
        {
            "input": "469 340",
            "output": "1"
        },
        {
            "input": "736 300",
            "output": "4"
        },
        {
            "input": "489 666",
            "output": "3"
        },
        {
            "input": "769 195",
            "output": "1"
        },
        {
            "input": "384 462",
            "output": "6"
        },
        {
            "input": "959 815",
            "output": "1"
        },
        {
            "input": "566 578",
            "output": "2"
        },
        {
            "input": "498 606",
            "output": "6"
        },
        {
            "input": "211 10",
            "output": "1"
        },
        {
            "input": "838 584",
            "output": "2"
        },
        {
            "input": "7 496",
            "output": "1"
        },
        {
            "input": "526 356",
            "output": "2"
        },
        {
            "input": "837 124",
            "output": "31"
        },
        {
            "input": "329 693",
            "output": "7"
        },
        {
            "input": "568 79",
            "output": "1"
        },
        {
            "input": "226 42",
            "output": "2"
        },
        {
            "input": "596 40",
            "output": "4"
        },
        {
            "input": "545 363",
            "output": "1"
        },
        {
            "input": "451 372",
            "output": "1"
        },
        {
            "input": "813 49",
            "output": "1"
        },
        {
            "input": "163 827",
            "output": "1"
        },
        {
            "input": "367 263",
            "output": "1"
        },
        {
            "input": "929 123",
            "output": "1"
        },
        {
            "input": "15 76",
            "output": "1"
        },
        {
            "input": "338 328",
            "output": "2"
        },
        {
            "input": "806 608",
            "output": "2"
        },
        {
            "input": "38 46",
            "output": "2"
        },
        {
            "input": "634 738",
            "output": "2"
        },
        {
            "input": "283 454",
            "output": "1"
        },
        {
            "input": "13 226",
            "output": "1"
        },
        {
            "input": "751 32",
            "output": "1"
        },
        {
            "input": "47 655",
            "output": "1"
        },
        {
            "input": "412 589",
            "output": "1"
        },
        {
            "input": "245 638",
            "output": "1"
        },
        {
            "input": "174 931",
            "output": "1"
        },
        {
            "input": "803 39",
            "output": "1"
        },
        {
            "input": "328 628",
            "output": "4"
        },
        {
            "input": "877 614",
            "output": "1"
        },
        {
            "input": "558 368",
            "output": "2"
        },
        {
            "input": "63 228",
            "output": "3"
        },
        {
            "input": "385 727",
            "output": "1"
        },
        {
            "input": "741 559",
            "output": "13"
        },
        {
            "input": "736 540",
            "output": "4"
        },
        {
            "input": "693 563",
            "output": "1"
        },
        {
            "input": "200 77",
            "output": "1"
        },
        {
            "input": "547 449",
            "output": "1"
        },
        {
            "input": "324 211",
            "output": "1"
        },
        {
            "input": "321 115",
            "output": "1"
        },
        {
            "input": "372 753",
            "output": "3"
        },
        {
            "input": "798 191",
            "output": "1"
        },
        {
            "input": "637 310",
            "output": "1"
        },
        {
            "input": "486 901",
            "output": "1"
        },
        {
            "input": "102 764",
            "output": "2"
        },
        {
            "input": "598 403",
            "output": "13"
        },
        {
            "input": "196 605",
            "output": "1"
        },
        {
            "input": "1000 448",
            "output": "8"
        },
        {
            "input": "762 835",
            "output": "1"
        },
        {
            "input": "194 276",
            "output": "2"
        },
        {
            "input": "746 799",
            "output": "1"
        },
        {
            "input": "560 878",
            "output": "2"
        },
        {
            "input": "456 365",
            "output": "1"
        },
        {
            "input": "882 996",
            "output": "6"
        },
        {
            "input": "161 662",
            "output": "1"
        },
        {
            "input": "544 860",
            "output": "4"
        },
        {
            "input": "66 737",
            "output": "11"
        },
        {
            "input": "938 903",
            "output": "7"
        },
        {
            "input": "151 346",
            "output": "1"
        },
        {
            "input": "731 190",
            "output": "1"
        },
        {
            "input": "626 381",
            "output": "1"
        },
        {
            "input": "431 369",
            "output": "1"
        },
        {
            "input": "475 441",
            "output": "1"
        },
        {
            "input": "60 618",
            "output": "6"
        },
        {
            "input": "409 1",
            "output": "1"
        },
        {
            "input": "804 722",
            "output": "2"
        },
        {
            "input": "912 460",
            "output": "4"
        },
        {
            "input": "160 228",
            "output": "4"
        },
        {
            "input": "351 32",
            "output": "1"
        },
        {
            "input": "167 636",
            "output": "1"
        },
        {
            "input": "265 65",
            "output": "5"
        },
        {
            "input": "152 906",
            "output": "2"
        },
        {
            "input": "591 444",
            "output": "3"
        },
        {
            "input": "428 384",
            "output": "4"
        },
        {
            "input": "934 798",
            "output": "2"
        },
        {
            "input": "994 105",
            "output": "7"
        },
        {
            "input": "601 976",
            "output": "1"
        },
        {
            "input": "146 286",
            "output": "2"
        },
        {
            "input": "665 148",
            "output": "1"
        },
        {
            "input": "810 782",
            "output": "2"
        },
        {
            "input": "713 502",
            "output": "1"
        },
        {
            "input": "134 893",
            "output": "1"
        },
        {
            "input": "212 28",
            "output": "4"
        },
        {
            "input": "238 22",
            "output": "2"
        },
        {
            "input": "853 926",
            "output": "1"
        },
        {
            "input": "678 549",
            "output": "3"
        },
        {
            "input": "643 847",
            "output": "1"
        },
        {
            "input": "113 736",
            "output": "1"
        },
        {
            "input": "376 652",
            "output": "4"
        },
        {
            "input": "974 428",
            "output": "2"
        },
        {
            "input": "854 436",
            "output": "2"
        },
        {
            "input": "123 538",
            "output": "1"
        },
        {
            "input": "121 603",
            "output": "1"
        },
        {
            "input": "911 461",
            "output": "1"
        },
        {
            "input": "340 255",
            "output": "85"
        },
        {
            "input": "880 271",
            "output": "1"
        },
        {
            "input": "42 228",
            "output": "6"
        },
        {
            "input": "77 449",
            "output": "1"
        },
        {
            "input": "8 102",
            "output": "2"
        },
        {
            "input": "388 369",
            "output": "1"
        },
        {
            "input": "383 657",
            "output": "1"
        },
        {
            "input": "3 769",
            "output": "1"
        },
        {
            "input": "887 977",
            "output": "1"
        },
        {
            "input": "988 240",
            "output": "4"
        },
        {
            "input": "769 446",
            "output": "1"
        },
        {
            "input": "534 265",
            "output": "1"
        },
        {
            "input": "829 396",
            "output": "1"
        },
        {
            "input": "598 234",
            "output": "26"
        },
        {
            "input": "647 638",
            "output": "1"
        },
        {
            "input": "650 889",
            "output": "1"
        },
        {
            "input": "880 409",
            "output": "1"
        },
        {
            "input": "390 475",
            "output": "5"
        },
        {
            "input": "2 395",
            "output": "1"
        },
        {
            "input": "393 241",
            "output": "1"
        },
        {
            "input": "142 443",
            "output": "1"
        },
        {
            "input": "84 648",
            "output": "12"
        },
        {
            "input": "142 597",
            "output": "1"
        },
        {
            "input": "798 181",
            "output": "1"
        },
        {
            "input": "305 857",
            "output": "1"
        },
        {
            "input": "982 633",
            "output": "1"
        },
        {
            "input": "434 454",
            "output": "2"
        },
        {
            "input": "174 975",
            "output": "3"
        },
        {
            "input": "613 445",
            "output": "1"
        },
        {
            "input": "536 285",
            "output": "1"
        },
        {
            "input": "806 842",
            "output": "2"
        },
        {
            "input": "231 171",
            "output": "3"
        },
        {
            "input": "143 51",
            "output": "1"
        },
        {
            "input": "225 343",
            "output": "1"
        },
        {
            "input": "982 180",
            "output": "2"
        },
        {
            "input": "92 685",
            "output": "1"
        },
        {
            "input": "650 678",
            "output": "2"
        },
        {
            "input": "347 485",
            "output": "1"
        },
        {
            "input": "629 358",
            "output": "1"
        },
        {
            "input": "406 161",
            "output": "7"
        },
        {
            "input": "456 229",
            "output": "1"
        },
        {
            "input": "249 5",
            "output": "1"
        },
        {
            "input": "604 610",
            "output": "2"
        },
        {
            "input": "67 272",
            "output": "1"
        },
        {
            "input": "290 348",
            "output": "58"
        },
        {
            "input": "695 946",
            "output": "1"
        },
        {
            "input": "962 828",
            "output": "2"
        },
        {
            "input": "693 548",
            "output": "1"
        },
        {
            "input": "289 63",
            "output": "1"
        },
        {
            "input": "123 605",
            "output": "1"
        },
        {
            "input": "655 539",
            "output": "1"
        },
        {
            "input": "178 563",
            "output": "1"
        },
        {
            "input": "188 461",
            "output": "1"
        },
        {
            "input": "115 299",
            "output": "23"
        },
        {
            "input": "901 151",
            "output": "1"
        },
        {
            "input": "720 208",
            "output": "16"
        },
        {
            "input": "566 134",
            "output": "2"
        },
        {
            "input": "713 363",
            "output": "1"
        },
        {
            "input": "966 665",
            "output": "7"
        },
        {
            "input": "882 814",
            "output": "2"
        },
        {
            "input": "499 820",
            "output": "1"
        },
        {
            "input": "971 852",
            "output": "1"
        },
        {
            "input": "241 89",
            "output": "1"
        },
        {
            "input": "345 485",
            "output": "5"
        },
        {
            "input": "814 512",
            "output": "2"
        },
        {
            "input": "437 134",
            "output": "1"
        },
        {
            "input": "877 67",
            "output": "1"
        },
        {
            "input": "311 278",
            "output": "1"
        },
        {
            "input": "770 574",
            "output": "14"
        },
        {
            "input": "855 856",
            "output": "1"
        },
        {
            "input": "754 222",
            "output": "2"
        },
        {
            "input": "442 795",
            "output": "1"
        },
        {
            "input": "232 500",
            "output": "4"
        },
        {
            "input": "324 891",
            "output": "81"
        },
        {
            "input": "591 516",
            "output": "3"
        },
        {
            "input": "900 796",
            "output": "4"
        },
        {
            "input": "35 339",
            "output": "1"
        },
        {
            "input": "522 696",
            "output": "174"
        },
        {
            "input": "875 602",
            "output": "7"
        },
        {
            "input": "397 918",
            "output": "1"
        },
        {
            "input": "771 868",
            "output": "1"
        },
        {
            "input": "4 141",
            "output": "1"
        },
        {
            "input": "161 952",
            "output": "7"
        },
        {
            "input": "310 958",
            "output": "2"
        },
        {
            "input": "905 434",
            "output": "1"
        },
        {
            "input": "710 287",
            "output": "1"
        },
        {
            "input": "244 636",
            "output": "4"
        },
        {
            "input": "553 172",
            "output": "1"
        },
        {
            "input": "647 432",
            "output": "1"
        },
        {
            "input": "679 963",
            "output": "1"
        },
        {
            "input": "648 240",
            "output": "24"
        },
        {
            "input": "483 544",
            "output": "1"
        },
        {
            "input": "285 630",
            "output": "15"
        },
        {
            "input": "581 79",
            "output": "1"
        },
        {
            "input": "893 329",
            "output": "47"
        },
        {
            "input": "121 127",
            "output": "1"
        },
        {
            "input": "759 924",
            "output": "33"
        },
        {
            "input": "956 319",
            "output": "1"
        },
        {
            "input": "210 118",
            "output": "2"
        },
        {
            "input": "162 402",
            "output": "6"
        },
        {
            "input": "960 819",
            "output": "3"
        },
        {
            "input": "124 157",
            "output": "1"
        },
        {
            "input": "552 378",
            "output": "6"
        },
        {
            "input": "178 231",
            "output": "1"
        },
        {
            "input": "585 82",
            "output": "1"
        },
        {
            "input": "213 812",
            "output": "1"
        },
        {
            "input": "109 433",
            "output": "1"
        },
        {
            "input": "819 285",
            "output": "3"
        },
        {
            "input": "256 728",
            "output": "8"
        },
        {
            "input": "775 548",
            "output": "1"
        },
        {
            "input": "711 51",
            "output": "3"
        },
        {
            "input": "235 98",
            "output": "1"
        },
        {
            "input": "817 783",
            "output": "1"
        },
        {
            "input": "472 610",
            "output": "2"
        },
        {
            "input": "197 951",
            "output": "1"
        },
        {
            "input": "57 72",
            "output": "3"
        },
        {
            "input": "945 247",
            "output": "1"
        },
        {
            "input": "152 649",
            "output": "1"
        },
        {
            "input": "376 484",
            "output": "4"
        },
        {
            "input": "618 882",
            "output": "6"
        },
        {
            "input": "588 248",
            "output": "4"
        },
        {
            "input": "919 780",
            "output": "1"
        },
        {
            "input": "867 635",
            "output": "1"
        },
        {
            "input": "909 921",
            "output": "3"
        },
        {
            "input": "409 993",
            "output": "1"
        },
        {
            "input": "581 471",
            "output": "1"
        },
        {
            "input": "773 540",
            "output": "1"
        },
        {
            "input": "919 286",
            "output": "1"
        },
        {
            "input": "54 487",
            "output": "1"
        },
        {
            "input": "127 177",
            "output": "1"
        },
        {
            "input": "78 301",
            "output": "1"
        },
        {
            "input": "173 491",
            "output": "1"
        },
        {
            "input": "260 224",
            "output": "4"
        },
        {
            "input": "1 617",
            "output": "1"
        },
        {
            "input": "366 598",
            "output": "2"
        },
        {
            "input": "443 230",
            "output": "1"
        },
        {
            "input": "339 782",
            "output": "1"
        },
        {
            "input": "607 84",
            "output": "1"
        },
        {
            "input": "922 39",
            "output": "1"
        },
        {
            "input": "958 415",
            "output": "1"
        },
        {
            "input": "547 290",
            "output": "1"
        },
        {
            "input": "70 504",
            "output": "14"
        },
        {
            "input": "142 792",
            "output": "2"
        },
        {
            "input": "541 252",
            "output": "1"
        },
        {
            "input": "187 974",
            "output": "1"
        },
        {
            "input": "472 426",
            "output": "2"
        },
        {
            "input": "1 238",
            "output": "1"
        },
        {
            "input": "755 298",
            "output": "1"
        },
        {
            "input": "881 26",
            "output": "1"
        },
        {
            "input": "338 784",
            "output": "2"
        },
        {
            "input": "806 650",
            "output": "26"
        },
        {
            "input": "472 469",
            "output": "1"
        },
        {
            "input": "890 815",
            "output": "5"
        },
        {
            "input": "720 149",
            "output": "1"
        },
        {
            "input": "391 420",
            "output": "1"
        },
        {
            "input": "153 772",
            "output": "1"
        },
        {
            "input": "525 358",
            "output": "1"
        },
        {
            "input": "112 357",
            "output": "7"
        },
        {
            "input": "73 305",
            "output": "1"
        },
        {
            "input": "994 187",
            "output": "1"
        },
        {
            "input": "620 994",
            "output": "2"
        },
        {
            "input": "378 214",
            "output": "2"
        },
        {
            "input": "659 253",
            "output": "1"
        },
        {
            "input": "740 856",
            "output": "4"
        },
        {
            "input": "209 444",
            "output": "1"
        },
        {
            "input": "560 894",
            "output": "2"
        },
        {
            "input": "88 76",
            "output": "4"
        },
        {
            "input": "59 789",
            "output": "1"
        },
        {
            "input": "996 845",
            "output": "1"
        },
        {
            "input": "800 246",
            "output": "2"
        },
        {
            "input": "248 833",
            "output": "1"
        },
        {
            "input": "99 43",
            "output": "1"
        },
        {
            "input": "92 704",
            "output": "4"
        },
        {
            "input": "174 956",
            "output": "2"
        },
        {
            "input": "46 939",
            "output": "1"
        },
        {
            "input": "957 198",
            "output": "33"
        },
        {
            "input": "562 394",
            "output": "2"
        },
        {
            "input": "165 837",
            "output": "3"
        },
        {
            "input": "359 250",
            "output": "1"
        },
        {
            "input": "483 228",
            "output": "3"
        },
        {
            "input": "298 123",
            "output": "1"
        },
        {
            "input": "240 840",
            "output": "120"
        },
        {
            "input": "794 261",
            "output": "1"
        },
        {
            "input": "590 700",
            "output": "10"
        },
        {
            "input": "671 225",
            "output": "1"
        },
        {
            "input": "650 101",
            "output": "1"
        },
        {
            "input": "896 815",
            "output": "1"
        },
        {
            "input": "265 677",
            "output": "1"
        },
        {
            "input": "470 252",
            "output": "2"
        },
        {
            "input": "738 544",
            "output": "2"
        },
        {
            "input": "445 335",
            "output": "5"
        },
        {
            "input": "661 868",
            "output": "1"
        },
        {
            "input": "679 442",
            "output": "1"
        },
        {
            "input": "195 724",
            "output": "1"
        },
        {
            "input": "190 585",
            "output": "5"
        },
        {
            "input": "320 268",
            "output": "4"
        },
        {
            "input": "133 848",
            "output": "1"
        },
        {
            "input": "74 917",
            "output": "1"
        },
        {
            "input": "437 894",
            "output": "1"
        },
        {
            "input": "476 653",
            "output": "1"
        },
        {
            "input": "746 731",
            "output": "1"
        },
        {
            "input": "904 844",
            "output": "4"
        },
        {
            "input": "25 529",
            "output": "1"
        },
        {
            "input": "68 371",
            "output": "1"
        },
        {
            "input": "125 308",
            "output": "1"
        },
        {
            "input": "301 3",
            "output": "1"
        },
        {
            "input": "84 840",
            "output": "84"
        },
        {
            "input": "848 357",
            "output": "1"
        },
        {
            "input": "153 169",
            "output": "1"
        },
        {
            "input": "511 140",
            "output": "7"
        },
        {
            "input": "186 30",
            "output": "6"
        },
        {
            "input": "427 769",
            "output": "1"
        },
        {
            "input": "283 12",
            "output": "1"
        },
        {
            "input": "90 421",
            "output": "1"
        },
        {
            "input": "892 930",
            "output": "2"
        },
        {
            "input": "512 401",
            "output": "1"
        },
        {
            "input": "868 275",
            "output": "1"
        },
        {
            "input": "257 878",
            "output": "1"
        },
        {
            "input": "531 403",
            "output": "1"
        },
        {
            "input": "454 196",
            "output": "2"
        },
        {
            "input": "386 200",
            "output": "2"
        },
        {
            "input": "747 310",
            "output": "1"
        },
        {
            "input": "948 623",
            "output": "1"
        },
        {
            "input": "556 146",
            "output": "2"
        },
        {
            "input": "876 405",
            "output": "3"
        },
        {
            "input": "705 111",
            "output": "3"
        },
        {
            "input": "921 672",
            "output": "3"
        },
        {
            "input": "752 148",
            "output": "4"
        },
        {
            "input": "452 713",
            "output": "1"
        },
        {
            "input": "101 759",
            "output": "1"
        },
        {
            "input": "951 459",
            "output": "3"
        },
        {
            "input": "898 564",
            "output": "2"
        },
        {
            "input": "270 269",
            "output": "1"
        },
        {
            "input": "379 861",
            "output": "1"
        },
        {
            "input": "390 69",
            "output": "3"
        },
        {
            "input": "615 609",
            "output": "3"
        },
        {
            "input": "155 218",
            "output": "1"
        },
        {
            "input": "696 187",
            "output": "1"
        },
        {
            "input": "463 144",
            "output": "1"
        },
        {
            "input": "338 763",
            "output": "1"
        },
        {
            "input": "134 617",
            "output": "1"
        },
        {
            "input": "707 958",
            "output": "1"
        },
        {
            "input": "413 426",
            "output": "1"
        },
        {
            "input": "81 676",
            "output": "1"
        },
        {
            "input": "170 203",
            "output": "1"
        },
        {
            "input": "126 822",
            "output": "6"
        },
        {
            "input": "390 785",
            "output": "5"
        },
        {
            "input": "939 591",
            "output": "3"
        },
        {
            "input": "497 521",
            "output": "1"
        }
    ]
}