{
    "id": "house_robber",
    "title": "House Robber",
    "description": "You are a professional robber planning to rob houses along a street. Each house has a certain amount of money stashed. The only constraint stopping you from robbing each of them is that adjacent houses have security systems connected and it will automatically contact the police if two adjacent houses were broken into on the same night. Given a list of non-negative integers representing the amount of money of each house, return the maximum amount of money you can rob tonight without alerting the police.",
    "input_format": "Space-separated integers representing the amount of money in each house.",
    "output_format": "The maximum amount of money you can rob.",
    "constraints": {
        "Array size": "1 <= N <= 100",
        "Money": "0 <= amount <= 400"
    },
    "judge_mode": "FIRST_FAIL",
    "time_limit": 1,
    "sample_test_cases": [
        {
            "input": "1 2 3 1",
            "output": "4"
        },
        {
            "input": "2 7 9 3 1",
            "output": "12"
        }
    ],
    "hidden_test_cases": [
        {
            "input": "57 75 88 83 100 85 76 45 98 46 10",
            "output": "429"
        },
        {
            "input": "53 36 89 79 76 63 86 44 41 33 50 71 94 11 64 23 96 100",
            "output": "653"
        },
        {
            "input": "47 78 14 43 64 66 91 13 17 97",
            "output": "330"
        },
        {
            "input": "29 4 6 91 43 28 88 82 98 65 47 32 83 98 35 1 13 19",
            "output": "490"
        },
        {
            "input": "1 35 80 73 26 4 23",
            "output": "131"
        },
        {
            "input": "38 20 2 100 80 88 36 78 8 60 97 17 50 50 81 61 68 54 2 69",
            "output": "669"
        },
        {
            "input": "38 95 67 95 7 24 9 97 4 59 74 92 55 57 63 21 63",
            "output": "588"
        },
        {
            "input": "50 48 64 68 74 72 1 47 95 72 35",
            "output": "320"
        },
        {
            "input": "94 46 97 2 20 87 10 20 59 23 39 63 68 38 55",
            "output": "499"
        },
        {
            "input": "22 78 57 71 90 84 70 68 85 54 5 16 12 67 2 97 55 14 80",
            "output": "615"
        },
        {
            "input": "97 68 17 63 87 48 0 89 51 94 48 17 74 97",
            "output": "505"
        },
        {
            "input": "12 5 25 27 28 51 32 68 75 89",
            "output": "247"
        },
        {
            "input": "96 79 36 93 70 49 79 11 1 75 78 12 45",
            "output": "405"
        },
        {
            "input": "94 36 26 11 63 91 54 30 15 29 27 13",
            "output": "283"
        },
        {
            "input": "66 42 93 98 40 22 62 34 69 8 27 17 88 33 83 6 97 70 60",
            "output": "685"
        },
        {
            "input": "84 64 1 80 15 55",
            "output": "219"
        },
        {
            "input": "77 45 59 86 38 27 28 67 21 28 10 30 35 88 38 18 56 13 77",
            "output": "536"
        },
        {
            "input": "36 55 6 6 10 93 18 47",
            "output": "201"
        },
        {
            "input": "90 79 57 51 68",
            "output": "215"
        },
        {
            "input": "73 84 57 89 24 34",
            "output": "207"
        },
        {
            "input": "60",
            "output": "60"
        },
        {
            "input": "6 38 96 63",
            "output": "102"
        },
        {
            "input": "31 4 89 50 95 43 25 4 43 71 74 79 55 36 25",
            "output": "437"
        },
        {
            "input": "51 27 5 47 97 37",
            "output": "153"
        },
        {
            "input": "95 54",
            "output": "95"
        },
        {
            "input": "53 10 3 14 63",
            "output": "119"
        },
        {
            "input": "58 45 23 54 79 73 11",
            "output": "185"
        },
        {
            "input": "82 25 1 79 64 91",
            "output": "252"
        },
        {
            "input": "73 44 100 70 57 29 47 40 18 49 66 46 9 89 2",
            "output": "461"
        },
        {
            "input": "92 41 22 18 3",
            "output": "117"
        },
        {
            "input": "26 58 32 84 81 97 60 17",
            "output": "256"
        },
        {
            "input": "37 1 86 92 82 67 56 99 84 52 40 0 53 87 70 59 82 51",
            "output": "590"
        },
        {
            "input": "38 61 91 95 44 70 3",
            "output": "226"
        },
        {
            "input": "20 46 91 20 83 43 63 23 74",
            "output": "331"
        },
        {
            "input": "24 64",
            "output": "64"
        },
        {
            "input": "35 75 6 32 10 66 26 100 1",
            "output": "273"
        },
        {
            "input": "8 43 49 6 60",
            "output": "117"
        },
        {
            "input": "35 87 71 84",
            "output": "171"
        },
        {
            "input": "41 60 48 62 17 46 50 27 90 96 18 88 20 63 32 29 2 62 45",
            "output": "533"
        },
        {
            "input": "62 34 99 33 67 78 59 67 11 46 84 60 47 100 44",
            "output": "512"
        },
        {
            "input": "36 80 68 17 0 89 91 47 14 98 72 26 52 75 98 49 52 28",
            "output": "540"
        },
        {
            "input": "21 94 75 98 58 59 75 36 3 45 41 50",
            "output": "382"
        },
        {
            "input": "15 97 38 38 6 89 59 25 97 69 32",
            "output": "353"
        },
        {
            "input": "33 95 75 36",
            "output": "131"
        },
        {
            "input": "82 12 33 32 55 14 98 63 9 27",
            "output": "295"
        },
        {
            "input": "68 18 51 65 95 53 58 31 37 14 91 55 31 31 10 82",
            "output": "513"
        },
        {
            "input": "18 55 100 77 81 87 24 8",
            "output": "227"
        },
        {
            "input": "25 63 38 5 47 71 38 18 16 83 84 72 62 94 92 29 66",
            "output": "472"
        },
        {
            "input": "1 15 98 95",
            "output": "110"
        },
        {
            "input": "66 12 78 21 75 45 79 75 11 30 9 35 48 72 38 72 83 18 44",
            "output": "562"
        },
        {
            "input": "74 35 11 24 55 56 26 4 23 97 88 85 46 53 60 2",
            "output": "408"
        },
        {
            "input": "11 81 58 23",
            "output": "104"
        },
        {
            "input": "82 83 58 59 34 85 50 70 1",
            "output": "297"
        },
        {
            "input": "43 85 53 93 71 31 15 16 62 55 67 62 96",
            "output": "434"
        },
        {
            "input": "97 39 5 67 76 19 74 83 37 86 82 0 66 7 43",
            "output": "480"
        },
        {
            "input": "92",
            "output": "92"
        },
        {
            "input": "17 29 92 52 82 62 99 61 21 16 96 100 49 74 56 72 44",
            "output": "557"
        },
        {
            "input": "53 16 40 26 7 90 0 66 7 27 17 78 59 89 39 47 62",
            "output": "505"
        },
        {
            "input": "92 35",
            "output": "92"
        },
        {
            "input": "60 84 63 60 89 76 62 77 66 2 82 75 19 54 43 67 2",
            "output": "543"
        },
        {
            "input": "13 64 55 61",
            "output": "125"
        },
        {
            "input": "86 59 60 1 98 52 93 48 21 95 72 96 35 21 1 84 40",
            "output": "633"
        },
        {
            "input": "62 20 52 62 21 14 42 89 50 65 15 19 98 7 68 21 32 85 4 77",
            "output": "620"
        },
        {
            "input": "100 64",
            "output": "100"
        },
        {
            "input": "24 43 41 19 22 73 86 35 63 31 82 48 40",
            "output": "358"
        },
        {
            "input": "40 61 21 21 65 26 34 21 13 11 12 47 8 85 20",
            "output": "305"
        },
        {
            "input": "59 39",
            "output": "59"
        },
        {
            "input": "94 20 19 28 1 62 74 18 8 38 96 79",
            "output": "319"
        },
        {
            "input": "32 41 11 92 57 24 88 63 14 12 75 66 84 96 75 39 58 55 12",
            "output": "539"
        },
        {
            "input": "78 81 44 4 67 8 90 42 17",
            "output": "296"
        },
        {
            "input": "27 25 19 11 16 89 13 93 63",
            "output": "228"
        },
        {
            "input": "33",
            "output": "33"
        },
        {
            "input": "88 42 58 86 64 80 23 59 55 61 16 26",
            "output": "400"
        },
        {
            "input": "91 49 38 74 71 97 94 62 55 84 86 39 17 98 39 97 80 7 86 92",
            "output": "741"
        },
        {
            "input": "74 76 94",
            "output": "168"
        },
        {
            "input": "46 30 55 53 8 53 5 68",
            "output": "222"
        },
        {
            "input": "89 77 61 21",
            "output": "150"
        },
        {
            "input": "46 69 40 4",
            "output": "86"
        },
        {
            "input": "74 47 84 79 84 69 96 70 29 78 71 7 66 64 74 63 70 25",
            "output": "648"
        },
        {
            "input": "57 68 92 59",
            "output": "149"
        },
        {
            "input": "33 53 59 15 81 97 10 2 0 61 25 96 57",
            "output": "348"
        },
        {
            "input": "80 5 59 89 42 56 97 23",
            "output": "278"
        },
        {
            "input": "85 98 39 86 81 71 17 14 92 35 15 80 83 17 12 71",
            "output": "516"
        },
        {
            "input": "51 54 57 76 74 49 12 54 99",
            "output": "293"
        },
        {
            "input": "44 79 3",
            "output": "79"
        },
        {
            "input": "19 41 11 97 97 4 86 87 5 3 33 56",
            "output": "288"
        },
        {
            "input": "86 89",
            "output": "89"
        },
        {
            "input": "91 39 51 96 61 6 71 53 23 39 38 44 14 38 28 21 31 81",
            "output": "497"
        },
        {
            "input": "5 65 64 8 34 94 9 41 4 83 15 51 68 36 9",
            "output": "378"
        },
        {
            "input": "48 69 65 84 100 79 96 16 51 50 18",
            "output": "378"
        },
        {
            "input": "44 8 52 45 90 80 38 89",
            "output": "275"
        },
        {
            "input": "71 43 61 87 32 41 94 95 81 90 44 28 91 18 51 16 97 24 76 85",
            "output": "708"
        },
        {
            "input": "24 57 39 65",
            "output": "122"
        },
        {
            "input": "16 76 73 49 97 32 35 84 69 51 23 12 57 25 23 64 62 48",
            "output": "490"
        },
        {
            "input": "80 61 76 61 74 69 20 2 97 14 100 78 80",
            "output": "527"
        },
        {
            "input": "49 54 41 50 64 42 25 29 74",
            "output": "253"
        },
        {
            "input": "59",
            "output": "59"
        },
        {
            "input": "36 51 52 4 48 4 44 31 63 37 71 54 50 57 7 85 30 32 59",
            "output": "515"
        },
        {
            "input": "2 25 56 28 67 39",
            "output": "125"
        },
        {
            "input": "58 30",
            "output": "58"
        },
        {
            "input": "16 6 96 63 98 31 52 23 41 75 31 19 19 59 21 36 61",
            "output": "476"
        },
        {
            "input": "16 28 17 45 95 62 77 45 92 46 18 52 30 33 11 37",
            "output": "419"
        },
        {
            "input": "37 26 26 21 85 41 49 89 50 85 67 43 95 53 64 61 44 70 43",
            "output": "568"
        },
        {
            "input": "52 77 61 91 3 54 99 97 37 6 36 47 42 72 81 91",
            "output": "535"
        },
        {
            "input": "0 68 69 14 51 22 83 3 72 38 9 49 55 97 50 36 14 41",
            "output": "498"
        },
        {
            "input": "78 10 76 21 0 50 68 22 77 63 33 38 94 58 20 71",
            "output": "497"
        },
        {
            "input": "13",
            "output": "13"
        },
        {
            "input": "78 51 7 49 10 56 51 15",
            "output": "198"
        },
        {
            "input": "27 19 22 38 12 39 100 94 9 75 65 42",
            "output": "315"
        },
        {
            "input": "65 96 2 28 56 46 94 14",
            "output": "246"
        },
        {
            "input": "70 0 76 81 100 51 27 45 85 97 38 46 33 99 20 20 21 58",
            "output": "611"
        },
        {
            "input": "11 2 71 10 52 52 54 38 45 34 86 82 31 59 80 81 43 22 97 99",
            "output": "580"
        },
        {
            "input": "29 89",
            "output": "89"
        },
        {
            "input": "25 99 100 100 52",
            "output": "199"
        },
        {
            "input": "97 46 25 59 65 78 87 10 54 62 37 82 39 26",
            "output": "444"
        },
        {
            "input": "59 36 72 50 22 96 11 61 42 32 11 69 56 33",
            "output": "422"
        },
        {
            "input": "79 34 29 6 56 96 86 16 48 8 24",
            "output": "322"
        },
        {
            "input": "49 68 21 27 24 40 1 84 87 39 61 15 96 57 48 20 10 35",
            "output": "462"
        },
        {
            "input": "74 80 41 71 47 93 51 38 2 7 51 2 56 66",
            "output": "399"
        },
        {
            "input": "30",
            "output": "30"
        },
        {
            "input": "6 18 65 44",
            "output": "71"
        },
        {
            "input": "45 83 30 85 63 37 34 69 50 4 36 60 7 31",
            "output": "369"
        },
        {
            "input": "86 34 18 42 48 17",
            "output": "152"
        },
        {
            "input": "35 13 22",
            "output": "57"
        },
        {
            "input": "71 66 28 76 57 8 95 43 95 2 41 4 100 16 97 14 91 38 97 78",
            "output": "772"
        },
        {
            "input": "6 90 51 87 8 0 50 97 23",
            "output": "274"
        },
        {
            "input": "54 64",
            "output": "64"
        },
        {
            "input": "100 74 23 67 71",
            "output": "194"
        },
        {
            "input": "18 90 54 87 5",
            "output": "177"
        },
        {
            "input": "10 53 86 2 70 63 84 73 2 38",
            "output": "288"
        },
        {
            "input": "82 66 71 68 17 57 51 44 23 100 75 46 6 28",
            "output": "428"
        },
        {
            "input": "1 59 94 55 27 14 62 28 50 58 11 30 2 92 9 50",
            "output": "414"
        },
        {
            "input": "88 11 1 58 49 68 66 65 32 92 80 48 54 3 29 55 82 97 82 37",
            "output": "618"
        },
        {
            "input": "40 9 15 46 34 87 27 64",
            "output": "237"
        },
        {
            "input": "15 51 90 2 30 47 39 64 14 51 50",
            "output": "267"
        },
        {
            "input": "61 20 48 54 62 17 1",
            "output": "172"
        },
        {
            "input": "14 14 82",
            "output": "96"
        },
        {
            "input": "94 71 34 68 100 86 4 58 72 86 55 18 88",
            "output": "480"
        },
        {
            "input": "26 10 91 2 64",
            "output": "181"
        },
        {
            "input": "34 34 31 79 35 4 96",
            "output": "209"
        },
        {
            "input": "81 9 49 68 78 36 72 43 21 6 36 83 30 8 58 61",
            "output": "453"
        },
        {
            "input": "42 92 16 7 70 46 36 75 98 64 68 80 15",
            "output": "381"
        },
        {
            "input": "5 55 84 19",
            "output": "89"
        },
        {
            "input": "1 49 46 38 97 86 69 38 45 31 53 82 83 76 40 13",
            "output": "436"
        },
        {
            "input": "23 99 23 84 36 29 68 65 77 66 29 11",
            "output": "357"
        },
        {
            "input": "43 74 68 1 11 50 48 21",
            "output": "182"
        },
        {
            "input": "33 22 27 41 54 97 85 74 87 50 87 28 2 44 48 62",
            "output": "479"
        },
        {
            "input": "67 31 42 54 94 30 21 62 63 48 6 2 35 96 43",
            "output": "411"
        },
        {
            "input": "65 43 64 24 53 3 70 95 57 13 70 50 92 86 6 87 84",
            "output": "561"
        },
        {
            "input": "10 61 0 58 92 58 87 95 14 80 55 76 82",
            "output": "434"
        },
        {
            "input": "29 4 59 38 21 23 91 27 68",
            "output": "268"
        },
        {
            "input": "43 19 66 67 64 35 35 95 49 34 39 85 57 3",
            "output": "390"
        },
        {
            "input": "54 9 21 32 1 70 49 88 71 18 92 31 7",
            "output": "343"
        },
        {
            "input": "53 48 66 57",
            "output": "119"
        },
        {
            "input": "62 42 99 24",
            "output": "161"
        },
        {
            "input": "42 92 80 52 14 93 69 87 11",
            "output": "324"
        },
        {
            "input": "81 54 53 11 99 28 94 97 46 80 74 44 85 99",
            "output": "553"
        },
        {
            "input": "83 84 100 11 89 27 70 37 8 91 55",
            "output": "433"
        },
        {
            "input": "25 66 37 59 48 9 2 26 97 46 63 44 48 61 42",
            "output": "384"
        },
        {
            "input": "64 28 10 3 1 84 100",
            "output": "175"
        },
        {
            "input": "92 23 7 11 71 95 9 17 31 87 48 25 73 26",
            "output": "375"
        },
        {
            "input": "41 84 79 69 41 40 83 60 81 19 27 49 70 9 19 83 47 43 57 79",
            "output": "627"
        },
        {
            "input": "23 71 55 10 86 48 88 66 60 22 36 87 13 64 5 78 58 65 49",
            "output": "606"
        },
        {
            "input": "86 91 33 68 30 83 51 84 91 62 5 38 81",
            "output": "469"
        },
        {
            "input": "50 73 2 82 100 0 38 81 91 68 58 8 1 78",
            "output": "438"
        },
        {
            "input": "22 2 25 24 5 83 48 7 40",
            "output": "170"
        },
        {
            "input": "14 87 91 75 93 40 99 36 40 52 15",
            "output": "352"
        },
        {
            "input": "43 62 3 74 31 50 67 99 18 17 61 66 23 9 30",
            "output": "399"
        },
        {
            "input": "76 79 73 2 28 88 40 34 22 62 86",
            "output": "357"
        },
        {
            "input": "91 85 15 29 87",
            "output": "193"
        },
        {
            "input": "52 28 57 53 19 27 39 70 74 33 83 28 94 63 61 40 82 41 62",
            "output": "623"
        },
        {
            "input": "33 67 84 88 83 74 58 78 44 87 3 72 6 59",
            "output": "525"
        },
        {
            "input": "97 69 56 87 35 77 59 5 67 13 1 67 62 47 5 70 99 65",
            "output": "577"
        },
        {
            "input": "80 37 77 20 80 87 38 43 70 10 63 89 41 84 71 9",
            "output": "527"
        },
        {
            "input": "23 18 31 65 74 89 72 37 34 18",
            "output": "234"
        },
        {
            "input": "49 3 55 10 5",
            "output": "109"
        },
        {
            "input": "26 61 89 46 79 76 39 57 89 91 40 42",
            "output": "384"
        },
        {
            "input": "26 34 33 4",
            "output": "59"
        },
        {
            "input": "2 6 83 41 0 14",
            "output": "99"
        },
        {
            "input": "33 22 70 73 75 100 35",
            "output": "213"
        },
        {
            "input": "40",
            "output": "40"
        },
        {
            "input": "41 42 44 16 50",
            "output": "135"
        },
        {
            "input": "54 74 51 60 89 61 59 90 82 17 16 2 57 87 48 8 82",
            "output": "538"
        },
        {
            "input": "36 74 60 72 7 32 92 10 84 97 41 33 23 85 23 72 73",
            "output": "526"
        },
        {
            "input": "93 50 88 50 33 52 39 22 46 95",
            "output": "350"
        },
        {
            "input": "93 73 3 85 80 100 31",
            "output": "278"
        },
        {
            "input": "99 70 28 3 96 32 62 85 28",
            "output": "313"
        },
        {
            "input": "90 83 25 59 76 58 98 2 45",
            "output": "334"
        },
        {
            "input": "72 54 68 69 8",
            "output": "148"
        },
        {
            "input": "20 39 36 63 8 43",
            "output": "145"
        },
        {
            "input": "70 23 33 38 50 77 48 16 31",
            "output": "232"
        },
        {
            "input": "81 98 8 51 59 14 70 100 22 42 49 0 55 28 56 16 47",
            "output": "470"
        },
        {
            "input": "35 82 24 35 25 33 53",
            "output": "170"
        },
        {
            "input": "30 60 51 37 59 25 9",
            "output": "149"
        },
        {
            "input": "63 28 95 69 32 18 92 16",
            "output": "282"
        },
        {
            "input": "73 53 52 90 98 84 77 57 1 39 90 38 15 3 88 59 80",
            "output": "577"
        },
        {
            "input": "76 63 9 92",
            "output": "168"
        },
        {
            "input": "4 88 75 100 95 46 25 64 13",
            "output": "298"
        },
        {
            "input": "36 8 17 76 32 77 18 60 78 55",
            "output": "304"
        },
        {
            "input": "42 50 36 57 1 73 63 74 60 8 56",
            "output": "310"
        },
        {
            "input": "20",
            "output": "20"
        },
        {
            "input": "28",
            "output": "28"
        },
        {
            "input": "27 17 28 33 40 47 56 16 42 64 93 12 60 30 78 23",
            "output": "424"
        },
        {
            "input": "43 50 46 69 37 95 35 27 33 16 83 39",
            "output": "330"
        },
        {
            "input": "50 24 84 46 70 85 79 72 95 92 26",
            "output": "404"
        },
        {
            "input": "62 80 92 94 5 63 67 15 67 16 43 54 6 64",
            "output": "426"
        },
        {
            "input": "74 95 34 75 46 1 26 59 7 29 44 77 13 99 83 0 74",
            "output": "509"
        },
        {
            "input": "69 4 1 56 5 81 36 70 7 20 54 63 85 71 84 34",
            "output": "499"
        },
        {
            "input": "0 8 75 79 7 21",
            "output": "108"
        },
        {
            "input": "46 29 65 32",
            "output": "111"
        },
        {
            "input": "53 68 39 69 75 69 94 28 69 6 36 57 51 82 79 59 89 57 73 29",
            "output": "658"
        },
        {
            "input": "65 85 78 68 87 17 2 38 74",
            "output": "306"
        },
        {
            "input": "71",
            "output": "71"
        },
        {
            "input": "11 46 35 67 96 44",
            "output": "157"
        },
        {
            "input": "18 83 49 39 34 22 14 39",
            "output": "183"
        },
        {
            "input": "15",
            "output": "15"
        },
        {
            "input": "58 92 26 40 83",
            "output": "175"
        },
        {
            "input": "37 75 79 21 9 67 55 24 71 42 74 48 83 92 39 97 56 57 65",
            "output": "582"
        },
        {
            "input": "81 21 84 46 74 38 0 46 37 56 19 99 55 27 93 36 56 51",
            "output": "589"
        },
        {
            "input": "33 40 25 50 19 91 52 62 80 26 23 69 72 64",
            "output": "402"
        },
        {
            "input": "4 48 91 15 0 75 11 22 28 62 71 41 28 10 41 4",
            "output": "338"
        },
        {
            "input": "23 53 57 83 92 17 54 66 31 66 92",
            "output": "349"
        },
        {
            "input": "83 54 1 8 25 52 77 60 61 58 6 6",
            "output": "267"
        },
        {
            "input": "55 79 26 87 82 25 43 90 50",
            "output": "281"
        },
        {
            "input": "17 44 58 45 96",
            "output": "171"
        },
        {
            "input": "18 20 82 12 25 39 72 53 66 94 25 84 88 21 95 83",
            "output": "479"
        },
        {
            "input": "71 56 71 36 19 59 64 40 54 56 49 34 25 26 46 45 36 67 50",
            "output": "485"
        },
        {
            "input": "44 63 70 91 10 74 41 2 65 14 66",
            "output": "359"
        },
        {
            "input": "79 64 63 48 54 42 61 44 84 15 8 50 52 78 77 85 57 27",
            "output": "581"
        },
        {
            "input": "14 64 14 17 76 85 36 30 91 23 86 71",
            "output": "353"
        },
        {
            "input": "81 9 7 22 68 78 10 39 90 59 30 48 9 77 83 75 40 16",
            "output": "495"
        },
        {
            "input": "28 9 25 52 16 75 69 4 36 81 51 50 20 3 51 87 68 38 73",
            "output": "482"
        },
        {
            "input": "17 11 15 45 95 45 21 17 39 99 47 82 13 37",
            "output": "366"
        },
        {
            "input": "67 65 18 60 15 17",
            "output": "144"
        },
        {
            "input": "16 40 74 48 11 75 55 72 45 66 92 85",
            "output": "388"
        },
        {
            "input": "65 97 69 9 92 2 22 71 22 60 17 56 32 82 80 71",
            "output": "566"
        },
        {
            "input": "43 49 74 66 63 7 47 75 92 26",
            "output": "319"
        },
        {
            "input": "29",
            "output": "29"
        },
        {
            "input": "49 89",
            "output": "89"
        },
        {
            "input": "21 12",
            "output": "21"
        },
        {
            "input": "71 11 42 83 37 56 41 35 9 56 40 69 31 41 64",
            "output": "434"
        },
        {
            "input": "37 53 38",
            "output": "75"
        },
        {
            "input": "58 70 15 65 27",
            "output": "135"
        },
        {
            "input": "95",
            "output": "95"
        },
        {
            "input": "82 16 86 71 53 14 19 38",
            "output": "259"
        },
        {
            "input": "46 89 32 11 75 89 68 14 92 26 86 31 86 51 7 65",
            "output": "561"
        },
        {
            "input": "0 2 87 100 48",
            "output": "135"
        },
        {
            "input": "54 95 60",
            "output": "114"
        },
        {
            "input": "93 0 93 11 65 74 46 28 60 96 98 48",
            "output": "455"
        },
        {
            "input": "1 39 53 83 28 48 15 60 41",
            "output": "230"
        },
        {
            "input": "64 3 88 69 25 32 47 49 59 78 3 2 3 49",
            "output": "362"
        },
        {
            "input": "18 6 91 13 90 29 44 64",
            "output": "263"
        },
        {
            "input": "67 11 26 49 80 0 57 95",
            "output": "268"
        },
        {
            "input": "29 68 68 52 43 17 39 46 55 33",
            "output": "234"
        },
        {
            "input": "7 27 37 48 31 20 19 55 9 52 78 45 30 59 16",
            "output": "306"
        },
        {
            "input": "3 84 75",
            "output": "84"
        },
        {
            "input": "95 24 89 55 54 57 30 28 65 10",
            "output": "333"
        },
        {
            "input": "71 8 98 91 0 31 7 78 61 79 20 14",
            "output": "371"
        },
        {
            "input": "79 17 71 48 38 54 55 35 99 36 0 54 18",
            "output": "396"
        },
        {
            "input": "19 32",
            "output": "32"
        },
        {
            "input": "73",
            "output": "73"
        },
        {
            "input": "85 4 78 80 68 24 20 70 46 15 17 94 42 15 91 87 91",
            "output": "592"
        },
        {
            "input": "34 88 25 67 39 33 1 47 72 79",
            "output": "314"
        },
        {
            "input": "15 61 16 24 5 88 32 30 43 48",
            "output": "251"
        },
        {
            "input": "79 37 34 77 68 43 97 66",
            "output": "278"
        },
        {
            "input": "76 71 8 75 46 85 14",
            "output": "236"
        },
        {
            "input": "15 23 74 36 70 47 7 43 24 2 35 84 56 15 54 54 29 35 82",
            "output": "458"
        },
        {
            "input": "99 60 66 74 21 87 70 63 70 18 28 82 4 14 62 96 19 2",
            "output": "535"
        },
        {
            "input": "66 39 16 20 22 33 30 83 36 9 44 28 19 2 72 30 85 31 47",
            "output": "469"
        },
        {
            "input": "94 30 30 62 43 29 4 53 66 16 54 67 57 45 13 79 91 72",
            "output": "517"
        },
        {
            "input": "78 81 86 10",
            "output": "164"
        },
        {
            "input": "35 83 84 23 71 73 5 11 69 70 71 52 23 31 10",
            "output": "368"
        },
        {
            "input": "62 13 53 49 35 94 76 62 30",
            "output": "271"
        },
        {
            "input": "32 16 61 77",
            "output": "109"
        },
        {
            "input": "12 55 18 27 53 32 33 69 87 67 74 78 18 25 11 42 22 44 25",
            "output": "439"
        },
        {
            "input": "57 94 6 32 51 97 27 86 14 40 88 25 74 64 10",
            "output": "481"
        },
        {
            "input": "75 3 37 62 75 91 13 29 35 62 76 51 67 61 89",
            "output": "495"
        },
        {
            "input": "29 44 6 87 10 100 77 57 8 15",
            "output": "303"
        },
        {
            "input": "92 52 70 32 88 52 41 99 27 46 92 49 60 81 62 27 13 93",
            "output": "656"
        },
        {
            "input": "73 52 75 8 48 49",
            "output": "197"
        },
        {
            "input": "81 87 72 51 47 8 86",
            "output": "286"
        },
        {
            "input": "94 93 43 39 79 69 70 54 50 81 34 62 83",
            "output": "453"
        },
        {
            "input": "40 93 78 74 52 17 43 84 96 13 4 33 6 82",
            "output": "424"
        },
        {
            "input": "64 72 25 25 84 77 34 81 32 66 18 97",
            "output": "418"
        },
        {
            "input": "31 11 5 4 6",
            "output": "42"
        },
        {
            "input": "19 92 43 50 42 55 10 3 89 35 30 93 48 44 22 62 95 6 99",
            "output": "617"
        },
        {
            "input": "17 91 48 27 72 44 28 17 67 18 85 84 29 92 51 80 31",
            "output": "515"
        },
        {
            "input": "59 68 32",
            "output": "91"
        },
        {
            "input": "20 69 31 49 34 37 22 3 93",
            "output": "248"
        },
        {
            "input": "39 100 4 65 13 95 73 54 73 75 42 2 20 86 24 47",
            "output": "524"
        },
        {
            "input": "66 32 50 2 70 71 38 77",
            "output": "264"
        },
        {
            "input": "67 40 87 49 83 40 56 5 25",
            "output": "318"
        },
        {
            "input": "87 87 27 27 18 98 50 78 83 47 8 81 84 91",
            "output": "509"
        },
        {
            "input": "8 72 27 29 86 75 95 37 94 43 79",
            "output": "426"
        },
        {
            "input": "4 96 79 60 82 78 41 70 7 1 37 42 41 6",
            "output": "382"
        },
        {
            "input": "17 91 93 52",
            "output": "143"
        },
        {
            "input": "55 59 19 34",
            "output": "93"
        },
        {
            "input": "94 33 77 26 92 89 71 39 77 100 65 66 74 83 41 22 55",
            "output": "646"
        },
        {
            "input": "84 50 91 78 14 16 69 23 17 26 20 92 58 24 3",
            "output": "400"
        },
        {
            "input": "16 3 45 32 37 40",
            "output": "101"
        },
        {
            "input": "85 66 47 23 26 54 7 32",
            "output": "218"
        },
        {
            "input": "72 31 52",
            "output": "124"
        },
        {
            "input": "74 19 58 8 61 48 40 87 72 16 2 79 64 55 71 99 88",
            "output": "543"
        },
        {
            "input": "99 99 12 66 86 22",
            "output": "197"
        },
        {
            "input": "14 69 29 46 26 49 74 58",
            "output": "222"
        },
        {
            "input": "72 95 27 15 67",
            "output": "166"
        },
        {
            "input": "86 24 77 27 25 13 15 89 20 89 93 60 55",
            "output": "426"
        },
        {
            "input": "54 56 81 53 10 14 47 27",
            "output": "192"
        },
        {
            "input": "71 3 68 75 26 61 93 78 16 60 60 25 76 97 67 55 43 93 93 44",
            "output": "659"
        },
        {
            "input": "77 36 25 85 98 99 97",
            "output": "297"
        },
        {
            "input": "14",
            "output": "14"
        },
        {
            "input": "55 69 17 24 38 71 21 49 5 36 16 68 97 13 42 87",
            "output": "433"
        },
        {
            "input": "68 43 52 31 14 84 94 47 76 54 58 60 27 78",
            "output": "443"
        },
        {
            "input": "14 43 94 6 85 88 80 23 55 20 90 13 97 75",
            "output": "515"
        },
        {
            "input": "74 26 4 92 53 61 90 70 40 8 87 100 7 21 75 73 90 94 93",
            "output": "663"
        },
        {
            "input": "5 29 46 26 16 20 66 18 7 51 62 32 79",
            "output": "281"
        },
        {
            "input": "45 76 27 85 29 46 24 53 2",
            "output": "260"
        },
        {
            "input": "8 26 42 80 33 41 80 91 89 10 83 83 75",
            "output": "433"
        },
        {
            "input": "75 38",
            "output": "75"
        },
        {
            "input": "48 22 39",
            "output": "87"
        },
        {
            "input": "65 86 53 54 60 12 22 70 65 34 45 67 11",
            "output": "349"
        },
        {
            "input": "53 46 55 35 99 100 99",
            "output": "306"
        },
        {
            "input": "64 7 20 35 97 26 66 2 25 45 73 81 88 46",
            "output": "433"
        },
        {
            "input": "4 51 83 76",
            "output": "127"
        },
        {
            "input": "40 73 84 45 5 44 72 25 46 14 12 74",
            "output": "321"
        },
        {
            "input": "64 1 59 89",
            "output": "153"
        },
        {
            "input": "36 75 8 89 30 47 55 43 32 53 96 29 20 42 94 20 31 7",
            "output": "495"
        },
        {
            "input": "26 68 21 55 99 23 77",
            "output": "244"
        },
        {
            "input": "4 14 94 80 58 85 91 89 44",
            "output": "291"
        },
        {
            "input": "96 64 30 68",
            "output": "164"
        },
        {
            "input": "30 56 100 73 40 72 85 77 80",
            "output": "335"
        },
        {
            "input": "38 100 66 100",
            "output": "200"
        },
        {
            "input": "98 36 83 27",
            "output": "181"
        },
        {
            "input": "8 57 9 75 88 94 100 36 66 97 90 87 80 85 91",
            "output": "572"
        },
        {
            "input": "38 52 17 34 33 73 12 98 62 63 88 97 84 3 99 64 62 3 44 86",
            "output": "676"
        },
        {
            "input": "68 20 76",
            "output": "144"
        },
        {
            "input": "12 26",
            "output": "26"
        },
        {
            "input": "32 93 68 77 18 45 37 56 46",
            "output": "271"
        },
        {
            "input": "10 41 69 14 23 40 90 52 58 96 72 65 43 56",
            "output": "409"
        },
        {
            "input": "93 71 4 36 75 86 33 86 14 23 87 64 96 16",
            "output": "484"
        },
        {
            "input": "84 48 80 97 34 53 24 22 25 5 72 56 71 2 40",
            "output": "442"
        },
        {
            "input": "39 84",
            "output": "84"
        },
        {
            "input": "78 37 37 31 59 56 67 70 60 48 27 50 71 89 6 92",
            "output": "532"
        },
        {
            "input": "50 51 27 8 84 38",
            "output": "161"
        },
        {
            "input": "92 43 56 66 82 87 83 69",
            "output": "314"
        },
        {
            "input": "5 56 86 47 33 87 69 81 59 54 67 90",
            "output": "415"
        },
        {
            "input": "32 41 66 47 84 52 93 51 50 5 96 43 14 99",
            "output": "520"
        },
        {
            "input": "93 41 46 62 99 82",
            "output": "238"
        },
        {
            "input": "6 71 9 67 93 8 71 55 47 49 35 0 11 15 7 74 15 79 81",
            "output": "487"
        },
        {
            "input": "64 89 38 11 7 23 63 78 17 3 48 44 74 82 36 43 71 68",
            "output": "444"
        },
        {
            "input": "56 26 35 14 71 55",
            "output": "162"
        },
        {
            "input": "1",
            "output": "1"
        },
        {
            "input": "46 20 85 39 27 25 8 24 59 69 24 39 31 17 61 31 17 26 63",
            "output": "431"
        },
        {
            "input": "31 96 23 78 1 53 15 14",
            "output": "241"
        },
        {
            "input": "15 8 69 8 84 34 47 19 78 19 10 51 81 6 30",
            "output": "414"
        },
        {
            "input": "75 38 18 82 90 86 15 18 39 9 70 87 26 39",
            "output": "408"
        },
        {
            "input": "97 4 80 0 89 15 11 77 79 41 67 46 10 53 34 58 84 25 11 96",
            "output": "663"
        },
        {
            "input": "33 30 34 31 81 48 24 46 98 95 71 85 28",
            "output": "374"
        },
        {
            "input": "20 77 78 24",
            "output": "101"
        },
        {
            "input": "53 69 30 45 27 46 56 98 26 56 37 57 70 11 76 58 47 46",
            "output": "507"
        },
        {
            "input": "52 29 44",
            "output": "96"
        },
        {
            "input": "85 0 54 18 16 4 98 29 69 57 52 37 73 70 89 70 90 27 68",
            "output": "694"
        },
        {
            "input": "14 50 93 43 56 12 18 49 97 37 44 84 19 73 6 60 97 92 94 71",
            "output": "658"
        },
        {
            "input": "65 98 16 55 45 68 37 28 39 93 50 61",
            "output": "403"
        },
        {
            "input": "8 26 45 52 45",
            "output": "98"
        },
        {
            "input": "37 6 39 63 5 2 12 25 49 12 15 22 49 39 10",
            "output": "235"
        },
        {
            "input": "28 27 38 21 93 7 13 14 95 77",
            "output": "267"
        },
        {
            "input": "12 66 8 91 25 6 48 92 28 36",
            "output": "291"
        },
        {
            "input": "36 14 93 51 35 85 98 73 20",
            "output": "287"
        },
        {
            "input": "22 99 47 67 58 18 90 79 97 77 9 82 99 2 63 40 88 27 86",
            "output": "698"
        },
        {
            "input": "34 59 69 2 89 71 89 72 99 23 64 24 89 8 55 50",
            "output": "588"
        },
        {
            "input": "93 67 49 80 98 4 23 0",
            "output": "263"
        },
        {
            "input": "17 87",
            "output": "87"
        },
        {
            "input": "26 6 42 7 83 43 83 50 55 54 47 8 92",
            "output": "428"
        },
        {
            "input": "84 6 29 65 1 50 60 54 45 95 70 70 6",
            "output": "418"
        },
        {
            "input": "60 33 65 14 0 19 50 41 25 51 92 79 44 83 48 48 100",
            "output": "498"
        },
        {
            "input": "30 0 30 89 39 28 55 23 77 47 44 37 82 66 61 26",
            "output": "438"
        },
        {
            "input": "40 31 65 48 1 56 59 24 47 32 61 3 27 50 47 94 4",
            "output": "417"
        },
        {
            "input": "70 11 7 48 5 40 38 52 14 22 95 37 68 80 78 29",
            "output": "451"
        },
        {
            "input": "64 62 73 15 31 97 62 59 53 60 49 32 87 62 27 1 83 33",
            "output": "550"
        },
        {
            "input": "23 50 92 50",
            "output": "115"
        },
        {
            "input": "5 54 43",
            "output": "54"
        },
        {
            "input": "85 36 73 26 26 74 30 15 81 0 34 79 14",
            "output": "392"
        },
        {
            "input": "34 93 6 51 27",
            "output": "144"
        },
        {
            "input": "91 91",
            "output": "91"
        },
        {
            "input": "41 17 8 23 100 52 35 70 71 74 75 46",
            "output": "339"
        },
        {
            "input": "69 20 37 85 23 36 54 92 53 22 18 51 58 61 48",
            "output": "416"
        },
        {
            "input": "94 31 91 10 54 79",
            "output": "264"
        },
        {
            "input": "1 99 38 0 41 97 70 42 21 5 8 2",
            "output": "246"
        },
        {
            "input": "82 14 29 90 3 69 40 81 31 75 87 10 12 16 15 20 82 89 62",
            "output": "580"
        },
        {
            "input": "100 41 36 42 31 61 49 100 33 55 74",
            "output": "377"
        },
        {
            "input": "73 53 35 40 62 60 76 67 89 50 31 28 18 16 51 40 52 28 6",
            "output": "493"
        },
        {
            "input": "71 24 81 68 44 53 83",
            "output": "279"
        },
        {
            "input": "31 71 42 60 86 35 80 80",
            "output": "246"
        },
        {
            "input": "14 62 96 69 35 71 14 96 58 26 10 49 89 40 17 76 66",
            "output": "496"
        },
        {
            "input": "69 26 29 96 6 63",
            "output": "228"
        },
        {
            "input": "73 22 22 7 3 66 46 29 97 27 55 24 2 30 66 16 78",
            "output": "459"
        },
        {
            "input": "55 92 98 70 41 48 77 23 50 1",
            "output": "321"
        },
        {
            "input": "57 88 45 43 66 86 77 4 93",
            "output": "338"
        },
        {
            "input": "8 56 37 69 31 90 71 1 76",
            "output": "291"
        },
        {
            "input": "51 8 98 88 92 22 39 24 95 95",
            "output": "375"
        },
        {
            "input": "28 92 31",
            "output": "92"
        },
        {
            "input": "79 28 54 12 7 99 87 10 21 75",
            "output": "317"
        },
        {
            "input": "32 43 19 56 31 93 79 36 11 50 50 3 85 20 55",
            "output": "418"
        },
        {
            "input": "4 100 49 22 63 0 19 8 52 56 40 94 50 27 77 93 86 3 66",
            "output": "561"
        },
        {
            "input": "3 83 44 40 100 71 13",
            "output": "196"
        },
        {
            "input": "73 79 66 88 55 91 2 5 21 34 91 58 8 66 32 6 76 49 64",
            "output": "576"
        },
        {
            "input": "16 49 17 67 43 91 84 33 70 100 87 76",
            "output": "416"
        },
        {
            "input": "76 47 42 50 39 66 5 94 80 82",
            "output": "368"
        },
        {
            "input": "80 0 55 13 39 83 30 33 92 74 0 27 61 90 12 26 9 65 98 15",
            "output": "566"
        },
        {
            "input": "12 80 43 66 17 79 20 16 55 66 77 50 14 88 5",
            "output": "445"
        },
        {
            "input": "17 24 95 37 50 49 19 8 10 32 77 11 5",
            "output": "273"
        },
        {
            "input": "40 82",
            "output": "82"
        },
        {
            "input": "27 46 17",
            "output": "46"
        },
        {
            "input": "51 35 55 70 77 66 91 4 59 56 33 35 100 97 34 93 28 84 36 23",
            "output": "666"
        },
        {
            "input": "19 73 43 51 15 89 30",
            "output": "213"
        },
        {
            "input": "37 7 74 38 43 71 73 67 60 17 25 85 74 29 26 41 13",
            "output": "442"
        },
        {
            "input": "2 12 69 72 10",
            "output": "84"
        },
        {
            "input": "25 98 50 54 10 48 50 40 16 62 41 37 44 47 45",
            "output": "391"
        },
        {
            "input": "87 26 28 66 16 93 14 58 74 75 45 62 1 35 9 90 57",
            "output": "566"
        },
        {
            "input": "49 18",
            "output": "49"
        },
        {
            "input": "31 92 51 64 83",
            "output": "175"
        },
        {
            "input": "42 42 62 69 52 87 52 78 1 48 75",
            "output": "351"
        },
        {
            "input": "48 32 57 49 60 12 17",
            "output": "182"
        },
        {
            "input": "71 70 23 39 4 58 45 50 54 91 88 77 59 14 81",
            "output": "467"
        },
        {
            "input": "60 78 93 31 6",
            "output": "159"
        },
        {
            "input": "12 53 2 93",
            "output": "146"
        },
        {
            "input": "77 2 49 39 15 82 97 45 28 7 31",
            "output": "297"
        },
        {
            "input": "7 65 34 55 54 31 16 87 87",
            "output": "238"
        },
        {
            "input": "42 52 93 66 38 50 49 32 87 80 79 17 28 100 48 89 2 5",
            "output": "582"
        },
        {
            "input": "31 83 86 53 71 66 50 47 1 15 60 91 55 52 18 11 72 23 76",
            "output": "555"
        },
        {
            "input": "45",
            "output": "45"
        },
        {
            "input": "50 81 39 11 42 96",
            "output": "188"
        },
        {
            "input": "55 91 84 15 91 14 72 59 48 4",
            "output": "350"
        },
        {
            "input": "61 26 44 22 83 43 39 34 61 87 95 68 44 54 89 76 93",
            "output": "609"
        },
        {
            "input": "55 91 45 84 55 7 30 52 42 15 51",
            "output": "298"
        },
        {
            "input": "16 44 47 87 63 1 51 69 77 49 6 37 78 86 36 17",
            "output": "399"
        },
        {
            "input": "0 73 27 25 8 16",
            "output": "114"
        },
        {
            "input": "84 55 66 44 8 49 52 22 78 90 23",
            "output": "311"
        },
        {
            "input": "53",
            "output": "53"
        },
        {
            "input": "21 26 18 10 21 11 28 72 44 2 57 15 38 74 34 65",
            "output": "328"
        },
        {
            "input": "67 78 62 82 72 68 58 76 82 38 61 28 60 1",
            "output": "462"
        },
        {
            "input": "92 93 35 52 79 24 2 39 59 41 93 8 44 0 79",
            "output": "483"
        },
        {
            "input": "3 63 19 79 0 2 3 97 28 30 0 6 84 29 69 73 35 85",
            "output": "513"
        },
        {
            "input": "96 3 40",
            "output": "136"
        },
        {
            "input": "30 10 91 39 14 40 31 49 70 11 97 82 74 67",
            "output": "407"
        },
        {
            "input": "82 79 100 0 38 49",
            "output": "231"
        },
        {
            "input": "8 64 7 6 62 83 17 98 79 22 7 40",
            "output": "313"
        },
        {
            "input": "9 8 31 83 33 16 11 42 2",
            "output": "150"
        },
        {
            "input": "65 66 67 34 25 78 58 98 72 57 94 76 50 12",
            "output": "453"
        },
        {
            "input": "75 10 1 32",
            "output": "107"
        },
        {
            "input": "50 35 89 30 6 90 32 68 63 13 93 25 67 51",
            "output": "457"
        },
        {
            "input": "26 39 59 21 86 14 40 6",
            "output": "211"
        },
        {
            "input": "43 65 35 7 61 83 3",
            "output": "161"
        },
        {
            "input": "54 10 56 41 50 58 32 61 60 16 71 71 29",
            "output": "352"
        },
        {
            "input": "34 64 4 25 47 41 77 6 31 98 23 95 15 0 88 5 3 40 3",
            "output": "509"
        },
        {
            "input": "39 86 16 60 6 5 84 79 50 60 97 8 33 58 53 42 38",
            "output": "501"
        },
        {
            "input": "96 77",
            "output": "96"
        },
        {
            "input": "34 55 61 10 87 14 95 74 67 85 82 56",
            "output": "426"
        },
        {
            "input": "54 72 80 91 69 47 9 68 91 33 29 47 88 19 1 40 47 61",
            "output": "521"
        },
        {
            "input": "70",
            "output": "70"
        },
        {
            "input": "94 30 27 72 15 11 15 95 56 35 75 50 25 41 24 49 34",
            "output": "447"
        },
        {
            "input": "79 69 12 63 86 61 93 56 62",
            "output": "332"
        },
        {
            "input": "2 83 95 75 29 47 80 58 90 54 45 68 63 2 16 6",
            "output": "452"
        },
        {
            "input": "79 77 16 55 42 41 37 65",
            "output": "240"
        },
        {
            "input": "86 52 76 70 4 53 30 58 37 70 82 76",
            "output": "419"
        },
        {
            "input": "44 88 39 27 63",
            "output": "151"
        },
        {
            "input": "6 10 90 30",
            "output": "96"
        },
        {
            "input": "36 20 30 77 15 81 84 58 83 74 70 24 84 74 59 59 92 44 42",
            "output": "627"
        },
        {
            "input": "58 39",
            "output": "58"
        },
        {
            "input": "100 3 90 63 34 74 75",
            "output": "299"
        },
        {
            "input": "99 23 31 90 31 18 82 100",
            "output": "307"
        },
        {
            "input": "36 60 88 54 50 82 25 49 52 69 68 1 100",
            "output": "426"
        },
        {
            "input": "82 13 70 50",
            "output": "152"
        },
        {
            "input": "72 0 60 68 35 42 56 94 34 38 68 95 51 99 43 77 58",
            "output": "585"
        },
        {
            "input": "21 17 40 43 52 78 14 34 100 86 56 35 6 43",
            "output": "341"
        },
        {
            "input": "19 65",
            "output": "65"
        },
        {
            "input": "5 73 66 10 99",
            "output": "172"
        },
        {
            "input": "36",
            "output": "36"
        },
        {
            "input": "53 18 13 98 27 79 62 23 71",
            "output": "301"
        },
        {
            "input": "39 36 91 97 40 50 40 16 14 10 32 5",
            "output": "256"
        },
        {
            "input": "26 82 42 13 98 56 66 76 48 20 81 21 11",
            "output": "386"
        },
        {
            "input": "95 74 66",
            "output": "161"
        },
        {
            "input": "89 38 41 48 27 79 74 13 58 22 16 85",
            "output": "374"
        },
        {
            "input": "62 49 22",
            "output": "84"
        },
        {
            "input": "47 87 84 18 12 46 89 47 41 23 23 38 69",
            "output": "365"
        },
        {
            "input": "93 2 78 58 86 39 16 80 26 54 49 90",
            "output": "481"
        },
        {
            "input": "79 71 18 81 82 98 24 64",
            "output": "322"
        },
        {
            "input": "70 26",
            "output": "70"
        },
        {
            "input": "95 24 83 80",
            "output": "178"
        },
        {
            "input": "67 71 39 54 86 42 58",
            "output": "250"
        },
        {
            "input": "32 51 43 18 74 25 86 61 69 80 36 29 24 24 71 13",
            "output": "435"
        },
        {
            "input": "97 41 20 38 39 78 40 43 72 99 35 3 12 68 23 94 28 38",
            "output": "558"
        },
        {
            "input": "16 81 4",
            "output": "81"
        },
        {
            "input": "28 67 42 38 44 39 97 24 23 33 36 43 51",
            "output": "321"
        },
        {
            "input": "38 20 58 47 88 94 82 45 27 62 46 73 31 20 58 27 35 34 89",
            "output": "583"
        },
        {
            "input": "59 95 75 47 56 78 55 1 77 94 47",
            "output": "369"
        },
        {
            "input": "33 59 24 29 36 91 0 83 7 71 3 88 39 55 68 29 11 88 100 12",
            "output": "605"
        },
        {
            "input": "57 79 39 57 8 19 77 72 57 52 2 25 82 80 47 38 11 43 62",
            "output": "484"
        },
        {
            "input": "41 49 49 27 58 15 57 47 95 44 7 7",
            "output": "307"
        }
    ]
}