{
    "id": "is_armstrong_number",
    "title": "Is Armstrong Number",
    "description": "Check if a given integer N is an Armstrong number. An Armstrong number is a number that is equal to the sum of its own digits each raised to the power of the number of digits. Output 'Yes' or 'No'.",
    "input_format": "A single integer N.",
    "output_format": "'Yes' or 'No'.",
    "constraints": {
        "N": "1 <= N <= 10^6"
    },
    "judge_mode": "FIRST_FAIL",
    "time_limit": 1,
    "sample_test_cases": [
        {
            "input": "153",
            "output": "Yes"
        },
        {
            "input": "123",
            "output": "No"
        }
    ],
    "hidden_test_cases": [
        {
            "input": "9474",
            "output": "Yes"
        },
        {
            "input": "371",
            "output": "Yes"
        },
        {
            "input": "806",
            "output": "No"
        },
        {
            "input": "325",
            "output": "No"
        },
        {
            "input": "273",
            "output": "No"
        },
        {
            "input": "125",
            "output": "No"
        },
        {
            "input": "985",
            "output": "No"
        },
        {
            "input": "231",
            "output": "No"
        },
        {
            "input": "458",
            "output": "No"
        },
        {
            "input": "406",
            "output": "No"
        },
        {
            "input": "320",
            "output": "No"
        },
        {
            "input": "907",
            "output": "No"
        },
        {
            "input": "549",
            "output": "No"
        },
        {
            "input": "407",
            "output": "Yes"
        },
        {
            "input": "354",
            "output": "No"
        },
        {
            "input": "521",
            "output": "No"
        },
        {
            "input": "964",
            "output": "No"
        },
        {
            "input": "1634",
            "output": "Yes"
        },
        {
            "input": "303",
            "output": "No"
        },
        {
            "input": "575",
            "output": "No"
        },
        {
            "input": "955",
            "output": "No"
        },
        {
            "input": "331",
            "output": "No"
        },
        {
            "input": "432",
            "output": "No"
        },
        {
            "input": "153",
            "output": "Yes"
        },
        {
            "input": "715",
            "output": "No"
        },
        {
            "input": "8208",
            "output": "Yes"
        },
        {
            "input": "114",
            "output": "No"
        },
        {
            "input": "924",
            "output": "No"
        },
        {
            "input": "914",
            "output": "No"
        },
        {
            "input": "880",
            "output": "No"
        },
        {
            "input": "531",
            "output": "No"
        },
        {
            "input": "370",
            "output": "Yes"
        },
        {
            "input": "558",
            "output": "No"
        },
        {
            "input": "337",
            "output": "No"
        },
        {
            "input": "899",
            "output": "No"
        },
        {
            "input": "236",
            "output": "No"
        },
        {
            "input": "718",
            "output": "No"
        },
        {
            "input": "966",
            "output": "No"
        },
        {
            "input": "999",
            "output": "No"
        },
        {
            "input": "277",
            "output": "No"
        },
        {
            "input": "793",
            "output": "No"
        },
        {
            "input": "740",
            "output": "No"
        },
        {
            "input": "679",
            "output": "No"
        },
        {
            "input": "387",
            "output": "No"
        },
        {
            "input": "472",
            "output": "No"
        },
        {
            "input": "638",
            "output": "No"
        },
        {
            "input": "954",
            "output": "No"
        },
        {
            "input": "692",
            "output": "No"
        },
        {
            "input": "199",
            "output": "No"
        },
        {
            "input": "205",
            "output": "No"
        },
        {
            "input": "864",
            "output": "No"
        },
        {
            "input": "523",
            "output": "No"
        },
        {
            "input": "109",
            "output": "No"
        },
        {
            "input": "836",
            "output": "No"
        },
        {
            "input": "757",
            "output": "No"
        },
        {
            "input": "664",
            "output": "No"
        },
        {
            "input": "622",
            "output": "No"
        },
        {
            "input": "353",
            "output": "No"
        },
        {
            "input": "275",
            "output": "No"
        },
        {
            "input": "286",
            "output": "No"
        },
        {
            "input": "824",
            "output": "No"
        },
        {
            "input": "169",
            "output": "No"
        },
        {
            "input": "571",
            "output": "No"
        },
        {
            "input": "261",
            "output": "No"
        },
        {
            "input": "402",
            "output": "No"
        },
        {
            "input": "127",
            "output": "No"
        },
        {
            "input": "208",
            "output": "No"
        },
        {
            "input": "768",
            "output": "No"
        },
        {
            "input": "448",
            "output": "No"
        },
        {
            "input": "496",
            "output": "No"
        },
        {
            "input": "734",
            "output": "No"
        },
        {
            "input": "969",
            "output": "No"
        },
        {
            "input": "926",
            "output": "No"
        },
        {
            "input": "410",
            "output": "No"
        },
        {
            "input": "908",
            "output": "No"
        },
        {
            "input": "357",
            "output": "No"
        },
        {
            "input": "965",
            "output": "No"
        },
        {
            "input": "884",
            "output": "No"
        },
        {
            "input": "863",
            "output": "No"
        },
        {
            "input": "520",
            "output": "No"
        },
        {
            "input": "373",
            "output": "No"
        },
        {
            "input": "451",
            "output": "No"
        },
        {
            "input": "102",
            "output": "No"
        },
        {
            "input": "633",
            "output": "No"
        },
        {
            "input": "951",
            "output": "No"
        },
        {
            "input": "154",
            "output": "No"
        },
        {
            "input": "517",
            "output": "No"
        },
        {
            "input": "511",
            "output": "No"
        },
        {
            "input": "330",
            "output": "No"
        },
        {
            "input": "752",
            "output": "No"
        },
        {
            "input": "802",
            "output": "No"
        },
        {
            "input": "652",
            "output": "No"
        },
        {
            "input": "540",
            "output": "No"
        },
        {
            "input": "900",
            "output": "No"
        },
        {
            "input": "285",
            "output": "No"
        },
        {
            "input": "314",
            "output": "No"
        },
        {
            "input": "375",
            "output": "No"
        },
        {
            "input": "860",
            "output": "No"
        },
        {
            "input": "460",
            "output": "No"
        },
        {
            "input": "889",
            "output": "No"
        },
        {
            "input": "827",
            "output": "No"
        },
        {
            "input": "327",
            "output": "No"
        },
        {
            "input": "868",
            "output": "No"
        },
        {
            "input": "254",
            "output": "No"
        },
        {
            "input": "389",
            "output": "No"
        },
        {
            "input": "516",
            "output": "No"
        },
        {
            "input": "122",
            "output": "No"
        },
        {
            "input": "758",
            "output": "No"
        },
        {
            "input": "221",
            "output": "No"
        },
        {
            "input": "755",
            "output": "No"
        },
        {
            "input": "173",
            "output": "No"
        },
        {
            "input": "456",
            "output": "No"
        },
        {
            "input": "909",
            "output": "No"
        },
        {
            "input": "741",
            "output": "No"
        },
        {
            "input": "641",
            "output": "No"
        },
        {
            "input": "697",
            "output": "No"
        },
        {
            "input": "735",
            "output": "No"
        },
        {
            "input": "587",
            "output": "No"
        },
        {
            "input": "265",
            "output": "No"
        },
        {
            "input": "434",
            "output": "No"
        },
        {
            "input": "479",
            "output": "No"
        },
        {
            "input": "401",
            "output": "No"
        },
        {
            "input": "369",
            "output": "No"
        },
        {
            "input": "788",
            "output": "No"
        },
        {
            "input": "482",
            "output": "No"
        },
        {
            "input": "452",
            "output": "No"
        },
        {
            "input": "218",
            "output": "No"
        },
        {
            "input": "145",
            "output": "No"
        },
        {
            "input": "308",
            "output": "No"
        },
        {
            "input": "615",
            "output": "No"
        },
        {
            "input": "555",
            "output": "No"
        },
        {
            "input": "804",
            "output": "No"
        },
        {
            "input": "106",
            "output": "No"
        },
        {
            "input": "174",
            "output": "No"
        },
        {
            "input": "214",
            "output": "No"
        },
        {
            "input": "362",
            "output": "No"
        },
        {
            "input": "242",
            "output": "No"
        },
        {
            "input": "602",
            "output": "No"
        },
        {
            "input": "428",
            "output": "No"
        },
        {
            "input": "119",
            "output": "No"
        },
        {
            "input": "431",
            "output": "No"
        },
        {
            "input": "403",
            "output": "No"
        },
        {
            "input": "807",
            "output": "No"
        },
        {
            "input": "747",
            "output": "No"
        },
        {
            "input": "197",
            "output": "No"
        },
        {
            "input": "134",
            "output": "No"
        },
        {
            "input": "765",
            "output": "No"
        },
        {
            "input": "453",
            "output": "No"
        },
        {
            "input": "120",
            "output": "No"
        },
        {
            "input": "972",
            "output": "No"
        },
        {
            "input": "309",
            "output": "No"
        },
        {
            "input": "333",
            "output": "No"
        },
        {
            "input": "138",
            "output": "No"
        },
        {
            "input": "257",
            "output": "No"
        },
        {
            "input": "786",
            "output": "No"
        },
        {
            "input": "264",
            "output": "No"
        },
        {
            "input": "416",
            "output": "No"
        },
        {
            "input": "116",
            "output": "No"
        },
        {
            "input": "689",
            "output": "No"
        },
        {
            "input": "409",
            "output": "No"
        },
        {
            "input": "616",
            "output": "No"
        },
        {
            "input": "627",
            "output": "No"
        },
        {
            "input": "984",
            "output": "No"
        },
        {
            "input": "730",
            "output": "No"
        },
        {
            "input": "942",
            "output": "No"
        },
        {
            "input": "739",
            "output": "No"
        },
        {
            "input": "805",
            "output": "No"
        },
        {
            "input": "405",
            "output": "No"
        },
        {
            "input": "920",
            "output": "No"
        },
        {
            "input": "144",
            "output": "No"
        },
        {
            "input": "574",
            "output": "No"
        },
        {
            "input": "225",
            "output": "No"
        },
        {
            "input": "801",
            "output": "No"
        },
        {
            "input": "760",
            "output": "No"
        },
        {
            "input": "250",
            "output": "No"
        },
        {
            "input": "910",
            "output": "No"
        },
        {
            "input": "425",
            "output": "No"
        },
        {
            "input": "820",
            "output": "No"
        },
        {
            "input": "332",
            "output": "No"
        },
        {
            "input": "422",
            "output": "No"
        },
        {
            "input": "933",
            "output": "No"
        },
        {
            "input": "923",
            "output": "No"
        },
        {
            "input": "477",
            "output": "No"
        },
        {
            "input": "539",
            "output": "No"
        },
        {
            "input": "631",
            "output": "No"
        },
        {
            "input": "789",
            "output": "No"
        },
        {
            "input": "160",
            "output": "No"
        },
        {
            "input": "499",
            "output": "No"
        },
        {
            "input": "255",
            "output": "No"
        },
        {
            "input": "552",
            "output": "No"
        },
        {
            "input": "185",
            "output": "No"
        },
        {
            "input": "672",
            "output": "No"
        },
        {
            "input": "339",
            "output": "No"
        },
        {
            "input": "751",
            "output": "No"
        },
        {
            "input": "885",
            "output": "No"
        },
        {
            "input": "131",
            "output": "No"
        },
        {
            "input": "200",
            "output": "No"
        },
        {
            "input": "444",
            "output": "No"
        },
        {
            "input": "486",
            "output": "No"
        },
        {
            "input": "515",
            "output": "No"
        },
        {
            "input": "429",
            "output": "No"
        },
        {
            "input": "356",
            "output": "No"
        },
        {
            "input": "468",
            "output": "No"
        },
        {
            "input": "973",
            "output": "No"
        },
        {
            "input": "157",
            "output": "No"
        },
        {
            "input": "322",
            "output": "No"
        },
        {
            "input": "233",
            "output": "No"
        },
        {
            "input": "483",
            "output": "No"
        },
        {
            "input": "213",
            "output": "No"
        },
        {
            "input": "259",
            "output": "No"
        },
        {
            "input": "311",
            "output": "No"
        },
        {
            "input": "290",
            "output": "No"
        },
        {
            "input": "294",
            "output": "No"
        },
        {
            "input": "559",
            "output": "No"
        },
        {
            "input": "532",
            "output": "No"
        },
        {
            "input": "137",
            "output": "No"
        },
        {
            "input": "780",
            "output": "No"
        },
        {
            "input": "991",
            "output": "No"
        },
        {
            "input": "874",
            "output": "No"
        },
        {
            "input": "617",
            "output": "No"
        },
        {
            "input": "548",
            "output": "No"
        },
        {
            "input": "557",
            "output": "No"
        },
        {
            "input": "266",
            "output": "No"
        },
        {
            "input": "745",
            "output": "No"
        },
        {
            "input": "693",
            "output": "No"
        },
        {
            "input": "463",
            "output": "No"
        },
        {
            "input": "117",
            "output": "No"
        },
        {
            "input": "700",
            "output": "No"
        },
        {
            "input": "941",
            "output": "No"
        },
        {
            "input": "952",
            "output": "No"
        },
        {
            "input": "321",
            "output": "No"
        },
        {
            "input": "462",
            "output": "No"
        },
        {
            "input": "967",
            "output": "No"
        },
        {
            "input": "512",
            "output": "No"
        },
        {
            "input": "158",
            "output": "No"
        },
        {
            "input": "749",
            "output": "No"
        },
        {
            "input": "175",
            "output": "No"
        },
        {
            "input": "762",
            "output": "No"
        },
        {
            "input": "480",
            "output": "No"
        },
        {
            "input": "147",
            "output": "No"
        },
        {
            "input": "655",
            "output": "No"
        },
        {
            "input": "247",
            "output": "No"
        },
        {
            "input": "764",
            "output": "No"
        },
        {
            "input": "317",
            "output": "No"
        },
        {
            "input": "161",
            "output": "No"
        },
        {
            "input": "143",
            "output": "No"
        },
        {
            "input": "299",
            "output": "No"
        },
        {
            "input": "252",
            "output": "No"
        },
        {
            "input": "489",
            "output": "No"
        },
        {
            "input": "656",
            "output": "No"
        },
        {
            "input": "777",
            "output": "No"
        },
        {
            "input": "947",
            "output": "No"
        },
        {
            "input": "982",
            "output": "No"
        },
        {
            "input": "977",
            "output": "No"
        },
        {
            "input": "813",
            "output": "No"
        },
        {
            "input": "435",
            "output": "No"
        },
        {
            "input": "209",
            "output": "No"
        },
        {
            "input": "243",
            "output": "No"
        },
        {
            "input": "380",
            "output": "No"
        },
        {
            "input": "589",
            "output": "No"
        },
        {
            "input": "667",
            "output": "No"
        },
        {
            "input": "989",
            "output": "No"
        },
        {
            "input": "685",
            "output": "No"
        },
        {
            "input": "326",
            "output": "No"
        },
        {
            "input": "195",
            "output": "No"
        },
        {
            "input": "979",
            "output": "No"
        },
        {
            "input": "335",
            "output": "No"
        },
        {
            "input": "771",
            "output": "No"
        },
        {
            "input": "148",
            "output": "No"
        },
        {
            "input": "561",
            "output": "No"
        },
        {
            "input": "593",
            "output": "No"
        },
        {
            "input": "442",
            "output": "No"
        },
        {
            "input": "135",
            "output": "No"
        },
        {
            "input": "475",
            "output": "No"
        },
        {
            "input": "382",
            "output": "No"
        },
        {
            "input": "870",
            "output": "No"
        },
        {
            "input": "500",
            "output": "No"
        },
        {
            "input": "576",
            "output": "No"
        },
        {
            "input": "469",
            "output": "No"
        },
        {
            "input": "682",
            "output": "No"
        },
        {
            "input": "606",
            "output": "No"
        },
        {
            "input": "359",
            "output": "No"
        },
        {
            "input": "142",
            "output": "No"
        },
        {
            "input": "455",
            "output": "No"
        },
        {
            "input": "621",
            "output": "No"
        },
        {
            "input": "487",
            "output": "No"
        },
        {
            "input": "714",
            "output": "No"
        },
        {
            "input": "526",
            "output": "No"
        },
        {
            "input": "152",
            "output": "No"
        },
        {
            "input": "291",
            "output": "No"
        },
        {
            "input": "473",
            "output": "No"
        },
        {
            "input": "348",
            "output": "No"
        },
        {
            "input": "971",
            "output": "No"
        },
        {
            "input": "680",
            "output": "No"
        },
        {
            "input": "750",
            "output": "No"
        },
        {
            "input": "931",
            "output": "No"
        },
        {
            "input": "816",
            "output": "No"
        },
        {
            "input": "379",
            "output": "No"
        },
        {
            "input": "930",
            "output": "No"
        },
        {
            "input": "172",
            "output": "No"
        },
        {
            "input": "784",
            "output": "No"
        },
        {
            "input": "978",
            "output": "No"
        },
        {
            "input": "183",
            "output": "No"
        },
        {
            "input": "716",
            "output": "No"
        },
        {
            "input": "887",
            "output": "No"
        },
        {
            "input": "865",
            "output": "No"
        },
        {
            "input": "493",
            "output": "No"
        },
        {
            "input": "168",
            "output": "No"
        },
        {
            "input": "445",
            "output": "No"
        },
        {
            "input": "767",
            "output": "No"
        },
        {
            "input": "570",
            "output": "No"
        },
        {
            "input": "239",
            "output": "No"
        },
        {
            "input": "594",
            "output": "No"
        },
        {
            "input": "803",
            "output": "No"
        },
        {
            "input": "632",
            "output": "No"
        },
        {
            "input": "128",
            "output": "No"
        },
        {
            "input": "423",
            "output": "No"
        },
        {
            "input": "100",
            "output": "No"
        },
        {
            "input": "852",
            "output": "No"
        },
        {
            "input": "940",
            "output": "No"
        },
        {
            "input": "878",
            "output": "No"
        },
        {
            "input": "960",
            "output": "No"
        },
        {
            "input": "535",
            "output": "No"
        },
        {
            "input": "347",
            "output": "No"
        },
        {
            "input": "564",
            "output": "No"
        },
        {
            "input": "648",
            "output": "No"
        },
        {
            "input": "994",
            "output": "No"
        },
        {
            "input": "707",
            "output": "No"
        },
        {
            "input": "573",
            "output": "No"
        },
        {
            "input": "857",
            "output": "No"
        },
        {
            "input": "230",
            "output": "No"
        },
        {
            "input": "705",
            "output": "No"
        },
        {
            "input": "544",
            "output": "No"
        },
        {
            "input": "130",
            "output": "No"
        },
        {
            "input": "891",
            "output": "No"
        },
        {
            "input": "504",
            "output": "No"
        },
        {
            "input": "925",
            "output": "No"
        },
        {
            "input": "436",
            "output": "No"
        },
        {
            "input": "691",
            "output": "No"
        },
        {
            "input": "536",
            "output": "No"
        },
        {
            "input": "572",
            "output": "No"
        },
        {
            "input": "710",
            "output": "No"
        },
        {
            "input": "961",
            "output": "No"
        },
        {
            "input": "179",
            "output": "No"
        },
        {
            "input": "193",
            "output": "No"
        },
        {
            "input": "843",
            "output": "No"
        },
        {
            "input": "701",
            "output": "No"
        },
        {
            "input": "624",
            "output": "No"
        },
        {
            "input": "618",
            "output": "No"
        },
        {
            "input": "249",
            "output": "No"
        },
        {
            "input": "545",
            "output": "No"
        },
        {
            "input": "841",
            "output": "No"
        },
        {
            "input": "253",
            "output": "No"
        },
        {
            "input": "670",
            "output": "No"
        },
        {
            "input": "345",
            "output": "No"
        },
        {
            "input": "210",
            "output": "No"
        },
        {
            "input": "847",
            "output": "No"
        },
        {
            "input": "939",
            "output": "No"
        },
        {
            "input": "396",
            "output": "No"
        },
        {
            "input": "192",
            "output": "No"
        },
        {
            "input": "454",
            "output": "No"
        },
        {
            "input": "301",
            "output": "No"
        },
        {
            "input": "146",
            "output": "No"
        },
        {
            "input": "334",
            "output": "No"
        },
        {
            "input": "838",
            "output": "No"
        },
        {
            "input": "848",
            "output": "No"
        },
        {
            "input": "338",
            "output": "No"
        },
        {
            "input": "867",
            "output": "No"
        },
        {
            "input": "251",
            "output": "No"
        },
        {
            "input": "953",
            "output": "No"
        },
        {
            "input": "488",
            "output": "No"
        },
        {
            "input": "876",
            "output": "No"
        },
        {
            "input": "188",
            "output": "No"
        },
        {
            "input": "1000",
            "output": "No"
        },
        {
            "input": "766",
            "output": "No"
        },
        {
            "input": "877",
            "output": "No"
        },
        {
            "input": "687",
            "output": "No"
        },
        {
            "input": "702",
            "output": "No"
        },
        {
            "input": "366",
            "output": "No"
        },
        {
            "input": "744",
            "output": "No"
        },
        {
            "input": "950",
            "output": "No"
        },
        {
            "input": "936",
            "output": "No"
        },
        {
            "input": "283",
            "output": "No"
        },
        {
            "input": "300",
            "output": "No"
        },
        {
            "input": "823",
            "output": "No"
        },
        {
            "input": "450",
            "output": "No"
        },
        {
            "input": "995",
            "output": "No"
        },
        {
            "input": "663",
            "output": "No"
        },
        {
            "input": "232",
            "output": "No"
        },
        {
            "input": "313",
            "output": "No"
        },
        {
            "input": "280",
            "output": "No"
        },
        {
            "input": "990",
            "output": "No"
        },
        {
            "input": "728",
            "output": "No"
        },
        {
            "input": "316",
            "output": "No"
        },
        {
            "input": "810",
            "output": "No"
        },
        {
            "input": "835",
            "output": "No"
        },
        {
            "input": "367",
            "output": "No"
        },
        {
            "input": "413",
            "output": "No"
        },
        {
            "input": "441",
            "output": "No"
        },
        {
            "input": "623",
            "output": "No"
        },
        {
            "input": "770",
            "output": "No"
        },
        {
            "input": "262",
            "output": "No"
        },
        {
            "input": "556",
            "output": "No"
        },
        {
            "input": "666",
            "output": "No"
        },
        {
            "input": "830",
            "output": "No"
        },
        {
            "input": "724",
            "output": "No"
        },
        {
            "input": "181",
            "output": "No"
        },
        {
            "input": "797",
            "output": "No"
        },
        {
            "input": "756",
            "output": "No"
        },
        {
            "input": "713",
            "output": "No"
        },
        {
            "input": "895",
            "output": "No"
        },
        {
            "input": "892",
            "output": "No"
        },
        {
            "input": "227",
            "output": "No"
        },
        {
            "input": "840",
            "output": "No"
        },
        {
            "input": "507",
            "output": "No"
        },
        {
            "input": "502",
            "output": "No"
        },
        {
            "input": "790",
            "output": "No"
        },
        {
            "input": "637",
            "output": "No"
        },
        {
            "input": "726",
            "output": "No"
        },
        {
            "input": "312",
            "output": "No"
        },
        {
            "input": "272",
            "output": "No"
        },
        {
            "input": "845",
            "output": "No"
        },
        {
            "input": "812",
            "output": "No"
        },
        {
            "input": "577",
            "output": "No"
        },
        {
            "input": "898",
            "output": "No"
        },
        {
            "input": "711",
            "output": "No"
        },
        {
            "input": "733",
            "output": "No"
        },
        {
            "input": "123",
            "output": "No"
        },
        {
            "input": "307",
            "output": "No"
        },
        {
            "input": "634",
            "output": "No"
        },
        {
            "input": "761",
            "output": "No"
        },
        {
            "input": "817",
            "output": "No"
        },
        {
            "input": "849",
            "output": "No"
        },
        {
            "input": "439",
            "output": "No"
        },
        {
            "input": "420",
            "output": "No"
        },
        {
            "input": "828",
            "output": "No"
        },
        {
            "input": "108",
            "output": "No"
        },
        {
            "input": "133",
            "output": "No"
        },
        {
            "input": "842",
            "output": "No"
        },
        {
            "input": "585",
            "output": "No"
        },
        {
            "input": "601",
            "output": "No"
        },
        {
            "input": "704",
            "output": "No"
        },
        {
            "input": "754",
            "output": "No"
        },
        {
            "input": "481",
            "output": "No"
        },
        {
            "input": "112",
            "output": "No"
        },
        {
            "input": "514",
            "output": "No"
        },
        {
            "input": "945",
            "output": "No"
        },
        {
            "input": "675",
            "output": "No"
        },
        {
            "input": "731",
            "output": "No"
        },
        {
            "input": "220",
            "output": "No"
        },
        {
            "input": "599",
            "output": "No"
        },
        {
            "input": "271",
            "output": "No"
        },
        {
            "input": "522",
            "output": "No"
        },
        {
            "input": "626",
            "output": "No"
        },
        {
            "input": "596",
            "output": "No"
        },
        {
            "input": "296",
            "output": "No"
        },
        {
            "input": "361",
            "output": "No"
        },
        {
            "input": "832",
            "output": "No"
        },
        {
            "input": "476",
            "output": "No"
        },
        {
            "input": "190",
            "output": "No"
        },
        {
            "input": "295",
            "output": "No"
        },
        {
            "input": "882",
            "output": "No"
        },
        {
            "input": "651",
            "output": "No"
        },
        {
            "input": "636",
            "output": "No"
        },
        {
            "input": "427",
            "output": "No"
        },
        {
            "input": "742",
            "output": "No"
        },
        {
            "input": "919",
            "output": "No"
        },
        {
            "input": "703",
            "output": "No"
        },
        {
            "input": "506",
            "output": "No"
        },
        {
            "input": "392",
            "output": "No"
        },
        {
            "input": "113",
            "output": "No"
        },
        {
            "input": "121",
            "output": "No"
        },
        {
            "input": "553",
            "output": "No"
        },
        {
            "input": "921",
            "output": "No"
        },
        {
            "input": "723",
            "output": "No"
        },
        {
            "input": "163",
            "output": "No"
        },
        {
            "input": "916",
            "output": "No"
        },
        {
            "input": "267",
            "output": "No"
        },
        {
            "input": "859",
            "output": "No"
        },
        {
            "input": "769",
            "output": "No"
        },
        {
            "input": "491",
            "output": "No"
        },
        {
            "input": "993",
            "output": "No"
        },
        {
            "input": "774",
            "output": "No"
        },
        {
            "input": "800",
            "output": "No"
        },
        {
            "input": "630",
            "output": "No"
        },
        {
            "input": "278",
            "output": "No"
        },
        {
            "input": "678",
            "output": "No"
        },
        {
            "input": "901",
            "output": "No"
        },
        {
            "input": "349",
            "output": "No"
        },
        {
            "input": "270",
            "output": "No"
        },
        {
            "input": "894",
            "output": "No"
        },
        {
            "input": "226",
            "output": "No"
        },
        {
            "input": "833",
            "output": "No"
        },
        {
            "input": "391",
            "output": "No"
        },
        {
            "input": "501",
            "output": "No"
        },
        {
            "input": "328",
            "output": "No"
        },
        {
            "input": "719",
            "output": "No"
        },
        {
            "input": "684",
            "output": "No"
        },
        {
            "input": "495",
            "output": "No"
        },
        {
            "input": "263",
            "output": "No"
        }
    ]
}