{
    "id": "is_perfect_square",
    "title": "Is Perfect Square",
    "description": "Check if a given integer N is a perfect square. Output 'Yes' or 'No'.",
    "input_format": "A single integer N.",
    "output_format": "'Yes' or 'No'.",
    "constraints": {
        "N": "1 <= N <= 10^9"
    },
    "judge_mode": "FIRST_FAIL",
    "time_limit": 1,
    "sample_test_cases": [
        {
            "input": "16",
            "output": "Yes"
        },
        {
            "input": "14",
            "output": "No"
        }
    ],
    "hidden_test_cases": [
        {
            "input": "5788",
            "output": "No"
        },
        {
            "input": "6400",
            "output": "Yes"
        },
        {
            "input": "5796",
            "output": "No"
        },
        {
            "input": "4900",
            "output": "Yes"
        },
        {
            "input": "2809",
            "output": "Yes"
        },
        {
            "input": "4509",
            "output": "No"
        },
        {
            "input": "9",
            "output": "Yes"
        },
        {
            "input": "1869",
            "output": "No"
        },
        {
            "input": "6560",
            "output": "No"
        },
        {
            "input": "8464",
            "output": "Yes"
        },
        {
            "input": "2849",
            "output": "No"
        },
        {
            "input": "8811",
            "output": "No"
        },
        {
            "input": "2300",
            "output": "No"
        },
        {
            "input": "9409",
            "output": "Yes"
        },
        {
            "input": "196",
            "output": "Yes"
        },
        {
            "input": "3364",
            "output": "Yes"
        },
        {
            "input": "2208",
            "output": "No"
        },
        {
            "input": "8298",
            "output": "No"
        },
        {
            "input": "2196",
            "output": "No"
        },
        {
            "input": "3481",
            "output": "Yes"
        },
        {
            "input": "4",
            "output": "Yes"
        },
        {
            "input": "517",
            "output": "No"
        },
        {
            "input": "529",
            "output": "Yes"
        },
        {
            "input": "9604",
            "output": "Yes"
        },
        {
            "input": "1052",
            "output": "No"
        },
        {
            "input": "4096",
            "output": "Yes"
        },
        {
            "input": "1089",
            "output": "Yes"
        },
        {
            "input": "8649",
            "output": "Yes"
        },
        {
            "input": "4303",
            "output": "No"
        },
        {
            "input": "7904",
            "output": "No"
        },
        {
            "input": "361",
            "output": "Yes"
        },
        {
            "input": "1936",
            "output": "Yes"
        },
        {
            "input": "484",
            "output": "Yes"
        },
        {
            "input": "729",
            "output": "Yes"
        },
        {
            "input": "8450",
            "output": "No"
        },
        {
            "input": "7991",
            "output": "No"
        },
        {
            "input": "1450",
            "output": "No"
        },
        {
            "input": "2116",
            "output": "Yes"
        },
        {
            "input": "8085",
            "output": "No"
        },
        {
            "input": "4542",
            "output": "No"
        },
        {
            "input": "2601",
            "output": "Yes"
        },
        {
            "input": "6889",
            "output": "Yes"
        },
        {
            "input": "6630",
            "output": "No"
        },
        {
            "input": "3483",
            "output": "No"
        },
        {
            "input": "3721",
            "output": "Yes"
        },
        {
            "input": "3696",
            "output": "No"
        },
        {
            "input": "3828",
            "output": "No"
        },
        {
            "input": "3235",
            "output": "No"
        },
        {
            "input": "7760",
            "output": "No"
        },
        {
            "input": "37",
            "output": "No"
        },
        {
            "input": "1296",
            "output": "Yes"
        },
        {
            "input": "7569",
            "output": "Yes"
        },
        {
            "input": "5625",
            "output": "Yes"
        },
        {
            "input": "9090",
            "output": "No"
        },
        {
            "input": "324",
            "output": "Yes"
        },
        {
            "input": "1438",
            "output": "No"
        },
        {
            "input": "2401",
            "output": "Yes"
        },
        {
            "input": "1961",
            "output": "No"
        },
        {
            "input": "9216",
            "output": "Yes"
        },
        {
            "input": "4225",
            "output": "Yes"
        },
        {
            "input": "3345",
            "output": "No"
        },
        {
            "input": "8117",
            "output": "No"
        },
        {
            "input": "6744",
            "output": "No"
        },
        {
            "input": "6084",
            "output": "Yes"
        },
        {
            "input": "7058",
            "output": "No"
        },
        {
            "input": "25",
            "output": "Yes"
        },
        {
            "input": "3844",
            "output": "Yes"
        },
        {
            "input": "2500",
            "output": "Yes"
        },
        {
            "input": "7267",
            "output": "No"
        },
        {
            "input": "8463",
            "output": "No"
        },
        {
            "input": "9345",
            "output": "No"
        },
        {
            "input": "8865",
            "output": "No"
        },
        {
            "input": "1024",
            "output": "Yes"
        },
        {
            "input": "5580",
            "output": "No"
        },
        {
            "input": "8836",
            "output": "Yes"
        },
        {
            "input": "4038",
            "output": "No"
        },
        {
            "input": "5476",
            "output": "Yes"
        },
        {
            "input": "8864",
            "output": "No"
        },
        {
            "input": "8733",
            "output": "No"
        },
        {
            "input": "8975",
            "output": "No"
        },
        {
            "input": "1",
            "output": "Yes"
        },
        {
            "input": "1369",
            "output": "Yes"
        },
        {
            "input": "9125",
            "output": "No"
        },
        {
            "input": "64",
            "output": "Yes"
        },
        {
            "input": "5929",
            "output": "Yes"
        },
        {
            "input": "4831",
            "output": "No"
        },
        {
            "input": "10000",
            "output": "Yes"
        },
        {
            "input": "6241",
            "output": "Yes"
        },
        {
            "input": "7123",
            "output": "No"
        },
        {
            "input": "8698",
            "output": "No"
        },
        {
            "input": "1444",
            "output": "Yes"
        },
        {
            "input": "4714",
            "output": "No"
        },
        {
            "input": "3936",
            "output": "No"
        },
        {
            "input": "9170",
            "output": "No"
        },
        {
            "input": "4005",
            "output": "No"
        },
        {
            "input": "2177",
            "output": "No"
        },
        {
            "input": "2153",
            "output": "No"
        },
        {
            "input": "9025",
            "output": "Yes"
        },
        {
            "input": "3653",
            "output": "No"
        },
        {
            "input": "4624",
            "output": "Yes"
        },
        {
            "input": "3289",
            "output": "No"
        },
        {
            "input": "691",
            "output": "No"
        },
        {
            "input": "9782",
            "output": "No"
        },
        {
            "input": "3347",
            "output": "No"
        },
        {
            "input": "9745",
            "output": "No"
        },
        {
            "input": "676",
            "output": "Yes"
        },
        {
            "input": "242",
            "output": "No"
        },
        {
            "input": "9643",
            "output": "No"
        },
        {
            "input": "8063",
            "output": "No"
        },
        {
            "input": "961",
            "output": "Yes"
        },
        {
            "input": "3620",
            "output": "No"
        },
        {
            "input": "9670",
            "output": "No"
        },
        {
            "input": "6708",
            "output": "No"
        },
        {
            "input": "900",
            "output": "Yes"
        },
        {
            "input": "9337",
            "output": "No"
        },
        {
            "input": "841",
            "output": "Yes"
        },
        {
            "input": "169",
            "output": "Yes"
        },
        {
            "input": "3387",
            "output": "No"
        },
        {
            "input": "6333",
            "output": "No"
        },
        {
            "input": "8973",
            "output": "No"
        },
        {
            "input": "596",
            "output": "No"
        },
        {
            "input": "6784",
            "output": "No"
        },
        {
            "input": "1156",
            "output": "Yes"
        },
        {
            "input": "1176",
            "output": "No"
        },
        {
            "input": "2304",
            "output": "Yes"
        },
        {
            "input": "7225",
            "output": "Yes"
        },
        {
            "input": "5329",
            "output": "Yes"
        },
        {
            "input": "5357",
            "output": "No"
        },
        {
            "input": "5142",
            "output": "No"
        },
        {
            "input": "8820",
            "output": "No"
        },
        {
            "input": "6724",
            "output": "Yes"
        },
        {
            "input": "5776",
            "output": "Yes"
        },
        {
            "input": "1592",
            "output": "No"
        },
        {
            "input": "7699",
            "output": "No"
        },
        {
            "input": "4179",
            "output": "No"
        },
        {
            "input": "7695",
            "output": "No"
        },
        {
            "input": "2916",
            "output": "Yes"
        },
        {
            "input": "6607",
            "output": "No"
        },
        {
            "input": "8100",
            "output": "Yes"
        },
        {
            "input": "5435",
            "output": "No"
        },
        {
            "input": "7921",
            "output": "Yes"
        },
        {
            "input": "8281",
            "output": "Yes"
        },
        {
            "input": "4829",
            "output": "No"
        },
        {
            "input": "3436",
            "output": "No"
        },
        {
            "input": "9049",
            "output": "No"
        },
        {
            "input": "9744",
            "output": "No"
        },
        {
            "input": "3249",
            "output": "Yes"
        },
        {
            "input": "7573",
            "output": "No"
        },
        {
            "input": "9694",
            "output": "No"
        },
        {
            "input": "2025",
            "output": "Yes"
        },
        {
            "input": "5184",
            "output": "Yes"
        },
        {
            "input": "5769",
            "output": "No"
        },
        {
            "input": "400",
            "output": "Yes"
        },
        {
            "input": "6548",
            "output": "No"
        },
        {
            "input": "5041",
            "output": "Yes"
        },
        {
            "input": "8506",
            "output": "No"
        },
        {
            "input": "256",
            "output": "Yes"
        },
        {
            "input": "2209",
            "output": "Yes"
        },
        {
            "input": "1670",
            "output": "No"
        },
        {
            "input": "7837",
            "output": "No"
        },
        {
            "input": "4892",
            "output": "No"
        },
        {
            "input": "9964",
            "output": "No"
        },
        {
            "input": "8582",
            "output": "No"
        },
        {
            "input": "1717",
            "output": "No"
        },
        {
            "input": "4370",
            "output": "No"
        },
        {
            "input": "81",
            "output": "Yes"
        },
        {
            "input": "7897",
            "output": "No"
        },
        {
            "input": "3195",
            "output": "No"
        },
        {
            "input": "7396",
            "output": "Yes"
        },
        {
            "input": "6021",
            "output": "No"
        },
        {
            "input": "2746",
            "output": "No"
        },
        {
            "input": "3136",
            "output": "Yes"
        },
        {
            "input": "2823",
            "output": "No"
        },
        {
            "input": "9421",
            "output": "No"
        },
        {
            "input": "6637",
            "output": "No"
        },
        {
            "input": "8732",
            "output": "No"
        },
        {
            "input": "7056",
            "output": "Yes"
        },
        {
            "input": "9801",
            "output": "Yes"
        },
        {
            "input": "2492",
            "output": "No"
        },
        {
            "input": "4653",
            "output": "No"
        },
        {
            "input": "2082",
            "output": "No"
        },
        {
            "input": "5818",
            "output": "No"
        },
        {
            "input": "947",
            "output": "No"
        },
        {
            "input": "289",
            "output": "Yes"
        },
        {
            "input": "1764",
            "output": "Yes"
        },
        {
            "input": "335",
            "output": "No"
        },
        {
            "input": "4761",
            "output": "Yes"
        },
        {
            "input": "2822",
            "output": "No"
        },
        {
            "input": "379",
            "output": "No"
        },
        {
            "input": "7919",
            "output": "No"
        },
        {
            "input": "5942",
            "output": "No"
        },
        {
            "input": "3441",
            "output": "No"
        },
        {
            "input": "4815",
            "output": "No"
        },
        {
            "input": "1834",
            "output": "No"
        },
        {
            "input": "441",
            "output": "Yes"
        },
        {
            "input": "7300",
            "output": "No"
        },
        {
            "input": "1681",
            "output": "Yes"
        },
        {
            "input": "9731",
            "output": "No"
        },
        {
            "input": "8137",
            "output": "No"
        },
        {
            "input": "6025",
            "output": "No"
        },
        {
            "input": "5422",
            "output": "No"
        },
        {
            "input": "4292",
            "output": "No"
        },
        {
            "input": "3025",
            "output": "Yes"
        },
        {
            "input": "6338",
            "output": "No"
        },
        {
            "input": "1521",
            "output": "Yes"
        },
        {
            "input": "78",
            "output": "No"
        },
        {
            "input": "9198",
            "output": "No"
        },
        {
            "input": "798",
            "output": "No"
        },
        {
            "input": "4238",
            "output": "No"
        },
        {
            "input": "5437",
            "output": "No"
        },
        {
            "input": "5741",
            "output": "No"
        },
        {
            "input": "7606",
            "output": "No"
        },
        {
            "input": "9849",
            "output": "No"
        },
        {
            "input": "784",
            "output": "Yes"
        },
        {
            "input": "5157",
            "output": "No"
        },
        {
            "input": "4591",
            "output": "No"
        },
        {
            "input": "7972",
            "output": "No"
        },
        {
            "input": "7269",
            "output": "No"
        },
        {
            "input": "1643",
            "output": "No"
        },
        {
            "input": "5026",
            "output": "No"
        },
        {
            "input": "8040",
            "output": "No"
        },
        {
            "input": "7679",
            "output": "No"
        },
        {
            "input": "9480",
            "output": "No"
        },
        {
            "input": "7349",
            "output": "No"
        },
        {
            "input": "9664",
            "output": "No"
        },
        {
            "input": "2355",
            "output": "No"
        },
        {
            "input": "9153",
            "output": "No"
        },
        {
            "input": "3842",
            "output": "No"
        },
        {
            "input": "1303",
            "output": "No"
        },
        {
            "input": "9040",
            "output": "No"
        },
        {
            "input": "1849",
            "output": "Yes"
        },
        {
            "input": "2820",
            "output": "No"
        },
        {
            "input": "8508",
            "output": "No"
        },
        {
            "input": "2804",
            "output": "No"
        },
        {
            "input": "144",
            "output": "Yes"
        },
        {
            "input": "2801",
            "output": "No"
        },
        {
            "input": "5224",
            "output": "No"
        },
        {
            "input": "3969",
            "output": "Yes"
        },
        {
            "input": "7539",
            "output": "No"
        },
        {
            "input": "7406",
            "output": "No"
        },
        {
            "input": "5292",
            "output": "No"
        },
        {
            "input": "1128",
            "output": "No"
        },
        {
            "input": "4720",
            "output": "No"
        },
        {
            "input": "9743",
            "output": "No"
        },
        {
            "input": "3600",
            "output": "Yes"
        },
        {
            "input": "9581",
            "output": "No"
        },
        {
            "input": "8086",
            "output": "No"
        },
        {
            "input": "8845",
            "output": "No"
        },
        {
            "input": "1129",
            "output": "No"
        },
        {
            "input": "2237",
            "output": "No"
        },
        {
            "input": "4078",
            "output": "No"
        },
        {
            "input": "5003",
            "output": "No"
        },
        {
            "input": "2968",
            "output": "No"
        },
        {
            "input": "4704",
            "output": "No"
        },
        {
            "input": "6561",
            "output": "Yes"
        },
        {
            "input": "3580",
            "output": "No"
        },
        {
            "input": "4356",
            "output": "Yes"
        },
        {
            "input": "6353",
            "output": "No"
        },
        {
            "input": "625",
            "output": "Yes"
        },
        {
            "input": "3503",
            "output": "No"
        },
        {
            "input": "1244",
            "output": "No"
        },
        {
            "input": "5936",
            "output": "No"
        },
        {
            "input": "6102",
            "output": "No"
        },
        {
            "input": "9024",
            "output": "No"
        },
        {
            "input": "69",
            "output": "No"
        },
        {
            "input": "3388",
            "output": "No"
        },
        {
            "input": "785",
            "output": "No"
        },
        {
            "input": "6698",
            "output": "No"
        },
        {
            "input": "685",
            "output": "No"
        },
        {
            "input": "9720",
            "output": "No"
        },
        {
            "input": "9015",
            "output": "No"
        },
        {
            "input": "2577",
            "output": "No"
        },
        {
            "input": "121",
            "output": "Yes"
        },
        {
            "input": "246",
            "output": "No"
        },
        {
            "input": "7836",
            "output": "No"
        },
        {
            "input": "8757",
            "output": "No"
        },
        {
            "input": "5838",
            "output": "No"
        },
        {
            "input": "7305",
            "output": "No"
        },
        {
            "input": "2113",
            "output": "No"
        },
        {
            "input": "1656",
            "output": "No"
        },
        {
            "input": "6866",
            "output": "No"
        },
        {
            "input": "7373",
            "output": "No"
        },
        {
            "input": "9346",
            "output": "No"
        },
        {
            "input": "4489",
            "output": "Yes"
        },
        {
            "input": "7871",
            "output": "No"
        },
        {
            "input": "6052",
            "output": "No"
        },
        {
            "input": "3732",
            "output": "No"
        },
        {
            "input": "16",
            "output": "Yes"
        },
        {
            "input": "8033",
            "output": "No"
        },
        {
            "input": "1367",
            "output": "No"
        },
        {
            "input": "6546",
            "output": "No"
        },
        {
            "input": "1225",
            "output": "Yes"
        },
        {
            "input": "302",
            "output": "No"
        },
        {
            "input": "3313",
            "output": "No"
        },
        {
            "input": "9927",
            "output": "No"
        },
        {
            "input": "764",
            "output": "No"
        },
        {
            "input": "1479",
            "output": "No"
        },
        {
            "input": "8297",
            "output": "No"
        },
        {
            "input": "8098",
            "output": "No"
        },
        {
            "input": "6878",
            "output": "No"
        },
        {
            "input": "36",
            "output": "Yes"
        },
        {
            "input": "2706",
            "output": "No"
        },
        {
            "input": "5327",
            "output": "No"
        },
        {
            "input": "9351",
            "output": "No"
        },
        {
            "input": "7555",
            "output": "No"
        },
        {
            "input": "4767",
            "output": "No"
        },
        {
            "input": "7238",
            "output": "No"
        },
        {
            "input": "3071",
            "output": "No"
        },
        {
            "input": "6511",
            "output": "No"
        },
        {
            "input": "6520",
            "output": "No"
        },
        {
            "input": "4393",
            "output": "No"
        },
        {
            "input": "5973",
            "output": "No"
        },
        {
            "input": "512",
            "output": "No"
        },
        {
            "input": "6252",
            "output": "No"
        },
        {
            "input": "454",
            "output": "No"
        },
        {
            "input": "4256",
            "output": "No"
        },
        {
            "input": "1032",
            "output": "No"
        },
        {
            "input": "6150",
            "output": "No"
        },
        {
            "input": "2223",
            "output": "No"
        },
        {
            "input": "2913",
            "output": "No"
        },
        {
            "input": "1666",
            "output": "No"
        },
        {
            "input": "7525",
            "output": "No"
        },
        {
            "input": "9268",
            "output": "No"
        },
        {
            "input": "6860",
            "output": "No"
        },
        {
            "input": "5846",
            "output": "No"
        },
        {
            "input": "9793",
            "output": "No"
        },
        {
            "input": "9082",
            "output": "No"
        },
        {
            "input": "100",
            "output": "Yes"
        },
        {
            "input": "3720",
            "output": "No"
        },
        {
            "input": "1578",
            "output": "No"
        },
        {
            "input": "9560",
            "output": "No"
        },
        {
            "input": "1861",
            "output": "No"
        },
        {
            "input": "8726",
            "output": "No"
        },
        {
            "input": "636",
            "output": "No"
        },
        {
            "input": "6953",
            "output": "No"
        },
        {
            "input": "8736",
            "output": "No"
        },
        {
            "input": "6732",
            "output": "No"
        },
        {
            "input": "4390",
            "output": "No"
        },
        {
            "input": "7744",
            "output": "Yes"
        },
        {
            "input": "2615",
            "output": "No"
        },
        {
            "input": "8911",
            "output": "No"
        },
        {
            "input": "2489",
            "output": "No"
        },
        {
            "input": "7797",
            "output": "No"
        },
        {
            "input": "195",
            "output": "No"
        },
        {
            "input": "8141",
            "output": "No"
        },
        {
            "input": "1674",
            "output": "No"
        },
        {
            "input": "7775",
            "output": "No"
        },
        {
            "input": "1329",
            "output": "No"
        },
        {
            "input": "5309",
            "output": "No"
        },
        {
            "input": "830",
            "output": "No"
        },
        {
            "input": "7380",
            "output": "No"
        },
        {
            "input": "7867",
            "output": "No"
        },
        {
            "input": "6816",
            "output": "No"
        },
        {
            "input": "7586",
            "output": "No"
        },
        {
            "input": "8245",
            "output": "No"
        },
        {
            "input": "5128",
            "output": "No"
        },
        {
            "input": "1172",
            "output": "No"
        },
        {
            "input": "1606",
            "output": "No"
        },
        {
            "input": "1091",
            "output": "No"
        },
        {
            "input": "4666",
            "output": "No"
        },
        {
            "input": "2629",
            "output": "No"
        },
        {
            "input": "1436",
            "output": "No"
        },
        {
            "input": "5214",
            "output": "No"
        },
        {
            "input": "1137",
            "output": "No"
        },
        {
            "input": "801",
            "output": "No"
        },
        {
            "input": "225",
            "output": "Yes"
        },
        {
            "input": "8615",
            "output": "No"
        },
        {
            "input": "1413",
            "output": "No"
        },
        {
            "input": "6773",
            "output": "No"
        },
        {
            "input": "8966",
            "output": "No"
        },
        {
            "input": "4017",
            "output": "No"
        },
        {
            "input": "2140",
            "output": "No"
        },
        {
            "input": "7195",
            "output": "No"
        },
        {
            "input": "6295",
            "output": "No"
        },
        {
            "input": "677",
            "output": "No"
        },
        {
            "input": "5146",
            "output": "No"
        },
        {
            "input": "4195",
            "output": "No"
        },
        {
            "input": "4008",
            "output": "No"
        },
        {
            "input": "5126",
            "output": "No"
        },
        {
            "input": "1083",
            "output": "No"
        },
        {
            "input": "576",
            "output": "Yes"
        },
        {
            "input": "1453",
            "output": "No"
        },
        {
            "input": "6287",
            "output": "No"
        },
        {
            "input": "1850",
            "output": "No"
        },
        {
            "input": "174",
            "output": "No"
        },
        {
            "input": "2707",
            "output": "No"
        },
        {
            "input": "5468",
            "output": "No"
        },
        {
            "input": "2660",
            "output": "No"
        },
        {
            "input": "4453",
            "output": "No"
        },
        {
            "input": "2625",
            "output": "No"
        },
        {
            "input": "6525",
            "output": "No"
        },
        {
            "input": "9148",
            "output": "No"
        },
        {
            "input": "9053",
            "output": "No"
        },
        {
            "input": "5176",
            "output": "No"
        },
        {
            "input": "3255",
            "output": "No"
        },
        {
            "input": "4260",
            "output": "No"
        },
        {
            "input": "2501",
            "output": "No"
        },
        {
            "input": "1923",
            "output": "No"
        },
        {
            "input": "943",
            "output": "No"
        },
        {
            "input": "6793",
            "output": "No"
        },
        {
            "input": "3403",
            "output": "No"
        },
        {
            "input": "8001",
            "output": "No"
        },
        {
            "input": "2447",
            "output": "No"
        },
        {
            "input": "8115",
            "output": "No"
        },
        {
            "input": "446",
            "output": "No"
        },
        {
            "input": "2983",
            "output": "No"
        },
        {
            "input": "752",
            "output": "No"
        },
        {
            "input": "8274",
            "output": "No"
        },
        {
            "input": "6703",
            "output": "No"
        },
        {
            "input": "675",
            "output": "No"
        },
        {
            "input": "49",
            "output": "Yes"
        },
        {
            "input": "5123",
            "output": "No"
        },
        {
            "input": "6441",
            "output": "No"
        },
        {
            "input": "7782",
            "output": "No"
        },
        {
            "input": "318",
            "output": "No"
        },
        {
            "input": "6922",
            "output": "No"
        },
        {
            "input": "1778",
            "output": "No"
        },
        {
            "input": "9722",
            "output": "No"
        },
        {
            "input": "9316",
            "output": "No"
        },
        {
            "input": "5040",
            "output": "No"
        },
        {
            "input": "2506",
            "output": "No"
        },
        {
            "input": "2964",
            "output": "No"
        },
        {
            "input": "4885",
            "output": "No"
        },
        {
            "input": "2699",
            "output": "No"
        },
        {
            "input": "914",
            "output": "No"
        },
        {
            "input": "1524",
            "output": "No"
        },
        {
            "input": "9766",
            "output": "No"
        },
        {
            "input": "2664",
            "output": "No"
        },
        {
            "input": "6394",
            "output": "No"
        },
        {
            "input": "3110",
            "output": "No"
        },
        {
            "input": "325",
            "output": "No"
        },
        {
            "input": "627",
            "output": "No"
        },
        {
            "input": "1336",
            "output": "No"
        },
        {
            "input": "4388",
            "output": "No"
        },
        {
            "input": "7076",
            "output": "No"
        },
        {
            "input": "8823",
            "output": "No"
        },
        {
            "input": "824",
            "output": "No"
        },
        {
            "input": "8072",
            "output": "No"
        },
        {
            "input": "1505",
            "output": "No"
        },
        {
            "input": "1585",
            "output": "No"
        },
        {
            "input": "3521",
            "output": "No"
        },
        {
            "input": "1259",
            "output": "No"
        },
        {
            "input": "3673",
            "output": "No"
        },
        {
            "input": "8523",
            "output": "No"
        },
        {
            "input": "9023",
            "output": "No"
        },
        {
            "input": "5814",
            "output": "No"
        },
        {
            "input": "5070",
            "output": "No"
        },
        {
            "input": "505",
            "output": "No"
        },
        {
            "input": "7135",
            "output": "No"
        },
        {
            "input": "3602",
            "output": "No"
        },
        {
            "input": "4912",
            "output": "No"
        },
        {
            "input": "5440",
            "output": "No"
        },
        {
            "input": "879",
            "output": "No"
        },
        {
            "input": "85",
            "output": "No"
        },
        {
            "input": "7639",
            "output": "No"
        },
        {
            "input": "6090",
            "output": "No"
        },
        {
            "input": "2873",
            "output": "No"
        },
        {
            "input": "1533",
            "output": "No"
        },
        {
            "input": "1108",
            "output": "No"
        },
        {
            "input": "9149",
            "output": "No"
        },
        {
            "input": "9645",
            "output": "No"
        },
        {
            "input": "2572",
            "output": "No"
        },
        {
            "input": "963",
            "output": "No"
        },
        {
            "input": "5872",
            "output": "No"
        },
        {
            "input": "7178",
            "output": "No"
        },
        {
            "input": "2493",
            "output": "No"
        },
        {
            "input": "9101",
            "output": "No"
        },
        {
            "input": "8344",
            "output": "No"
        },
        {
            "input": "8405",
            "output": "No"
        },
        {
            "input": "8199",
            "output": "No"
        },
        {
            "input": "7530",
            "output": "No"
        },
        {
            "input": "2340",
            "output": "No"
        },
        {
            "input": "3672",
            "output": "No"
        },
        {
            "input": "4283",
            "output": "No"
        },
        {
            "input": "2299",
            "output": "No"
        },
        {
            "input": "467",
            "output": "No"
        },
        {
            "input": "3596",
            "output": "No"
        },
        {
            "input": "1338",
            "output": "No"
        },
        {
            "input": "5470",
            "output": "No"
        },
        {
            "input": "209",
            "output": "No"
        },
        {
            "input": "8912",
            "output": "No"
        },
        {
            "input": "1267",
            "output": "No"
        },
        {
            "input": "9240",
            "output": "No"
        },
        {
            "input": "5283",
            "output": "No"
        },
        {
            "input": "9111",
            "output": "No"
        },
        {
            "input": "9434",
            "output": "No"
        },
        {
            "input": "4661",
            "output": "No"
        },
        {
            "input": "4479",
            "output": "No"
        },
        {
            "input": "595",
            "output": "No"
        },
        {
            "input": "7516",
            "output": "No"
        },
        {
            "input": "6224",
            "output": "No"
        },
        {
            "input": "4875",
            "output": "No"
        },
        {
            "input": "4243",
            "output": "No"
        },
        {
            "input": "5185",
            "output": "No"
        },
        {
            "input": "4519",
            "output": "No"
        },
        {
            "input": "2293",
            "output": "No"
        },
        {
            "input": "8301",
            "output": "No"
        },
        {
            "input": "8106",
            "output": "No"
        },
        {
            "input": "650",
            "output": "No"
        },
        {
            "input": "9760",
            "output": "No"
        }
    ]
}