{
    "id": "lcm_two_numbers",
    "title": "LCM of Two Numbers",
    "description": "The Least Common Multiple (LCM) of two integers is the smallest positive integer that is perfectly divisible by both integers. In this problem, you are given two integers `A` and `B`. Your task is to calculate their Least Common Multiple.",
    "input_format": "Two space-separated integers A and B.",
    "output_format": "Output a single integer representing the Least Common Multiple (LCM) of `A` and `B`.",
    "constraints": {
        "A": "1 <= A <= 10^4",
        "B": "1 <= B <= 10^4"
    },
    "judge_mode": "FIRST_FAIL",
    "time_limit": 1,
    "sample_test_cases": [
        {
            "input": "4 6",
            "output": "12"
        },
        {
            "input": "5 10",
            "output": "10"
        }
    ],
    "hidden_test_cases": [
        {
            "input": "79 61",
            "output": "4819"
        },
        {
            "input": "7 13",
            "output": "91"
        },
        {
            "input": "66 30",
            "output": "330"
        },
        {
            "input": "90 94",
            "output": "4230"
        },
        {
            "input": "10 18",
            "output": "90"
        },
        {
            "input": "31 78",
            "output": "2418"
        },
        {
            "input": "57 53",
            "output": "3021"
        },
        {
            "input": "23 32",
            "output": "736"
        },
        {
            "input": "25 45",
            "output": "225"
        },
        {
            "input": "25 4",
            "output": "100"
        },
        {
            "input": "71 50",
            "output": "3550"
        },
        {
            "input": "77 75",
            "output": "5775"
        },
        {
            "input": "48 52",
            "output": "624"
        },
        {
            "input": "29 45",
            "output": "1305"
        },
        {
            "input": "27 43",
            "output": "1161"
        },
        {
            "input": "39 87",
            "output": "1131"
        },
        {
            "input": "38 11",
            "output": "418"
        },
        {
            "input": "39 65",
            "output": "195"
        },
        {
            "input": "18 48",
            "output": "144"
        },
        {
            "input": "84 60",
            "output": "420"
        },
        {
            "input": "45 82",
            "output": "3690"
        },
        {
            "input": "66 59",
            "output": "3894"
        },
        {
            "input": "98 38",
            "output": "1862"
        },
        {
            "input": "75 2",
            "output": "150"
        },
        {
            "input": "97 16",
            "output": "1552"
        },
        {
            "input": "81 1",
            "output": "81"
        },
        {
            "input": "85 77",
            "output": "6545"
        },
        {
            "input": "75 26",
            "output": "1950"
        },
        {
            "input": "99 84",
            "output": "2772"
        },
        {
            "input": "82 95",
            "output": "7790"
        },
        {
            "input": "1 60",
            "output": "60"
        },
        {
            "input": "40 30",
            "output": "120"
        },
        {
            "input": "83 1",
            "output": "83"
        },
        {
            "input": "19 59",
            "output": "1121"
        },
        {
            "input": "36 100",
            "output": "900"
        },
        {
            "input": "44 34",
            "output": "748"
        },
        {
            "input": "6 41",
            "output": "246"
        },
        {
            "input": "6 40",
            "output": "120"
        },
        {
            "input": "83 93",
            "output": "7719"
        },
        {
            "input": "91 10",
            "output": "910"
        },
        {
            "input": "91 60",
            "output": "5460"
        },
        {
            "input": "55 80",
            "output": "880"
        },
        {
            "input": "38 31",
            "output": "1178"
        },
        {
            "input": "12 9",
            "output": "36"
        },
        {
            "input": "67 87",
            "output": "5829"
        },
        {
            "input": "98 98",
            "output": "98"
        },
        {
            "input": "49 36",
            "output": "1764"
        },
        {
            "input": "66 90",
            "output": "990"
        },
        {
            "input": "9 67",
            "output": "603"
        },
        {
            "input": "22 45",
            "output": "990"
        },
        {
            "input": "57 2",
            "output": "114"
        },
        {
            "input": "59 69",
            "output": "4071"
        },
        {
            "input": "73 67",
            "output": "4891"
        },
        {
            "input": "31 66",
            "output": "2046"
        },
        {
            "input": "94 90",
            "output": "4230"
        },
        {
            "input": "59 42",
            "output": "2478"
        },
        {
            "input": "10 95",
            "output": "190"
        },
        {
            "input": "18 89",
            "output": "1602"
        },
        {
            "input": "5 61",
            "output": "305"
        },
        {
            "input": "6 14",
            "output": "42"
        },
        {
            "input": "78 97",
            "output": "7566"
        },
        {
            "input": "18 56",
            "output": "504"
        },
        {
            "input": "45 77",
            "output": "3465"
        },
        {
            "input": "60 23",
            "output": "1380"
        },
        {
            "input": "45 45",
            "output": "45"
        },
        {
            "input": "8 52",
            "output": "104"
        },
        {
            "input": "57 5",
            "output": "285"
        },
        {
            "input": "10 66",
            "output": "330"
        },
        {
            "input": "1 99",
            "output": "99"
        },
        {
            "input": "2 92",
            "output": "92"
        },
        {
            "input": "33 64",
            "output": "2112"
        },
        {
            "input": "63 24",
            "output": "504"
        },
        {
            "input": "58 66",
            "output": "1914"
        },
        {
            "input": "35 50",
            "output": "350"
        },
        {
            "input": "64 70",
            "output": "2240"
        },
        {
            "input": "65 53",
            "output": "3445"
        },
        {
            "input": "77 33",
            "output": "231"
        },
        {
            "input": "39 52",
            "output": "156"
        },
        {
            "input": "12 63",
            "output": "252"
        },
        {
            "input": "52 41",
            "output": "2132"
        },
        {
            "input": "37 83",
            "output": "3071"
        },
        {
            "input": "58 72",
            "output": "2088"
        },
        {
            "input": "62 21",
            "output": "1302"
        },
        {
            "input": "49 81",
            "output": "3969"
        },
        {
            "input": "97 42",
            "output": "4074"
        },
        {
            "input": "28 39",
            "output": "1092"
        },
        {
            "input": "40 66",
            "output": "1320"
        },
        {
            "input": "53 44",
            "output": "2332"
        },
        {
            "input": "98 37",
            "output": "3626"
        },
        {
            "input": "28 61",
            "output": "1708"
        },
        {
            "input": "16 68",
            "output": "272"
        },
        {
            "input": "37 34",
            "output": "1258"
        },
        {
            "input": "10 90",
            "output": "90"
        },
        {
            "input": "92 74",
            "output": "3404"
        },
        {
            "input": "38 34",
            "output": "646"
        },
        {
            "input": "32 66",
            "output": "1056"
        },
        {
            "input": "84 1",
            "output": "84"
        },
        {
            "input": "44 19",
            "output": "836"
        },
        {
            "input": "95 39",
            "output": "3705"
        },
        {
            "input": "82 55",
            "output": "4510"
        },
        {
            "input": "28 23",
            "output": "644"
        },
        {
            "input": "68 16",
            "output": "272"
        },
        {
            "input": "56 17",
            "output": "952"
        },
        {
            "input": "88 25",
            "output": "2200"
        },
        {
            "input": "20 34",
            "output": "340"
        },
        {
            "input": "78 71",
            "output": "5538"
        },
        {
            "input": "34 91",
            "output": "3094"
        },
        {
            "input": "81 70",
            "output": "5670"
        },
        {
            "input": "52 15",
            "output": "780"
        },
        {
            "input": "57 76",
            "output": "228"
        },
        {
            "input": "99 34",
            "output": "3366"
        },
        {
            "input": "5 52",
            "output": "260"
        },
        {
            "input": "72 71",
            "output": "5112"
        },
        {
            "input": "23 27",
            "output": "621"
        },
        {
            "input": "65 55",
            "output": "715"
        },
        {
            "input": "76 60",
            "output": "1140"
        },
        {
            "input": "40 81",
            "output": "3240"
        },
        {
            "input": "24 29",
            "output": "696"
        },
        {
            "input": "51 15",
            "output": "255"
        },
        {
            "input": "68 69",
            "output": "4692"
        },
        {
            "input": "94 76",
            "output": "3572"
        },
        {
            "input": "33 29",
            "output": "957"
        },
        {
            "input": "77 71",
            "output": "5467"
        },
        {
            "input": "38 82",
            "output": "1558"
        },
        {
            "input": "12 19",
            "output": "228"
        },
        {
            "input": "91 50",
            "output": "4550"
        },
        {
            "input": "78 47",
            "output": "3666"
        },
        {
            "input": "18 50",
            "output": "450"
        },
        {
            "input": "61 79",
            "output": "4819"
        },
        {
            "input": "95 56",
            "output": "5320"
        },
        {
            "input": "88 8",
            "output": "88"
        },
        {
            "input": "81 11",
            "output": "891"
        },
        {
            "input": "15 52",
            "output": "780"
        },
        {
            "input": "29 90",
            "output": "2610"
        },
        {
            "input": "42 86",
            "output": "1806"
        },
        {
            "input": "88 46",
            "output": "2024"
        },
        {
            "input": "76 10",
            "output": "380"
        },
        {
            "input": "80 21",
            "output": "1680"
        },
        {
            "input": "82 75",
            "output": "6150"
        },
        {
            "input": "56 78",
            "output": "2184"
        },
        {
            "input": "88 26",
            "output": "1144"
        },
        {
            "input": "75 84",
            "output": "2100"
        },
        {
            "input": "90 8",
            "output": "360"
        },
        {
            "input": "1 7",
            "output": "7"
        },
        {
            "input": "80 60",
            "output": "240"
        },
        {
            "input": "47 45",
            "output": "2115"
        },
        {
            "input": "15 57",
            "output": "285"
        },
        {
            "input": "42 14",
            "output": "42"
        },
        {
            "input": "97 29",
            "output": "2813"
        },
        {
            "input": "16 49",
            "output": "784"
        },
        {
            "input": "14 3",
            "output": "42"
        },
        {
            "input": "38 14",
            "output": "266"
        },
        {
            "input": "16 81",
            "output": "1296"
        },
        {
            "input": "86 64",
            "output": "2752"
        },
        {
            "input": "82 49",
            "output": "4018"
        },
        {
            "input": "48 47",
            "output": "2256"
        },
        {
            "input": "12 16",
            "output": "48"
        },
        {
            "input": "44 31",
            "output": "1364"
        },
        {
            "input": "79 22",
            "output": "1738"
        },
        {
            "input": "81 98",
            "output": "7938"
        },
        {
            "input": "73 21",
            "output": "1533"
        },
        {
            "input": "72 89",
            "output": "6408"
        },
        {
            "input": "22 76",
            "output": "836"
        },
        {
            "input": "85 21",
            "output": "1785"
        },
        {
            "input": "23 25",
            "output": "575"
        },
        {
            "input": "98 51",
            "output": "4998"
        },
        {
            "input": "88 93",
            "output": "8184"
        },
        {
            "input": "68 2",
            "output": "68"
        },
        {
            "input": "84 82",
            "output": "3444"
        },
        {
            "input": "81 58",
            "output": "4698"
        },
        {
            "input": "62 30",
            "output": "930"
        },
        {
            "input": "93 96",
            "output": "2976"
        },
        {
            "input": "50 33",
            "output": "1650"
        },
        {
            "input": "72 87",
            "output": "2088"
        },
        {
            "input": "15 77",
            "output": "1155"
        },
        {
            "input": "13 55",
            "output": "715"
        },
        {
            "input": "76 36",
            "output": "684"
        },
        {
            "input": "76 38",
            "output": "76"
        },
        {
            "input": "4 2",
            "output": "4"
        },
        {
            "input": "72 70",
            "output": "2520"
        },
        {
            "input": "41 38",
            "output": "1558"
        },
        {
            "input": "79 63",
            "output": "4977"
        },
        {
            "input": "86 16",
            "output": "688"
        },
        {
            "input": "39 84",
            "output": "1092"
        },
        {
            "input": "52 5",
            "output": "260"
        },
        {
            "input": "35 42",
            "output": "210"
        },
        {
            "input": "19 94",
            "output": "1786"
        },
        {
            "input": "12 12",
            "output": "12"
        },
        {
            "input": "61 42",
            "output": "2562"
        },
        {
            "input": "25 46",
            "output": "1150"
        },
        {
            "input": "79 52",
            "output": "4108"
        },
        {
            "input": "23 13",
            "output": "299"
        },
        {
            "input": "89 96",
            "output": "8544"
        },
        {
            "input": "44 41",
            "output": "1804"
        },
        {
            "input": "14 55",
            "output": "770"
        },
        {
            "input": "67 52",
            "output": "3484"
        },
        {
            "input": "10 67",
            "output": "670"
        },
        {
            "input": "36 99",
            "output": "396"
        },
        {
            "input": "59 91",
            "output": "5369"
        },
        {
            "input": "57 75",
            "output": "1425"
        },
        {
            "input": "45 93",
            "output": "1395"
        },
        {
            "input": "55 95",
            "output": "1045"
        },
        {
            "input": "49 96",
            "output": "4704"
        },
        {
            "input": "80 76",
            "output": "1520"
        },
        {
            "input": "27 58",
            "output": "1566"
        },
        {
            "input": "20 37",
            "output": "740"
        },
        {
            "input": "23 77",
            "output": "1771"
        },
        {
            "input": "60 26",
            "output": "780"
        },
        {
            "input": "50 93",
            "output": "4650"
        },
        {
            "input": "36 70",
            "output": "1260"
        },
        {
            "input": "59 77",
            "output": "4543"
        },
        {
            "input": "52 2",
            "output": "52"
        },
        {
            "input": "78 66",
            "output": "858"
        },
        {
            "input": "40 49",
            "output": "1960"
        },
        {
            "input": "8 35",
            "output": "280"
        },
        {
            "input": "58 86",
            "output": "2494"
        },
        {
            "input": "56 76",
            "output": "1064"
        },
        {
            "input": "70 57",
            "output": "3990"
        },
        {
            "input": "78 58",
            "output": "2262"
        },
        {
            "input": "88 13",
            "output": "1144"
        },
        {
            "input": "3 66",
            "output": "66"
        },
        {
            "input": "5 39",
            "output": "195"
        },
        {
            "input": "92 84",
            "output": "1932"
        },
        {
            "input": "43 1",
            "output": "43"
        },
        {
            "input": "35 35",
            "output": "35"
        },
        {
            "input": "19 2",
            "output": "38"
        },
        {
            "input": "82 22",
            "output": "902"
        },
        {
            "input": "75 17",
            "output": "1275"
        },
        {
            "input": "6 52",
            "output": "156"
        },
        {
            "input": "16 2",
            "output": "16"
        },
        {
            "input": "84 91",
            "output": "1092"
        },
        {
            "input": "77 81",
            "output": "6237"
        },
        {
            "input": "44 68",
            "output": "748"
        },
        {
            "input": "70 23",
            "output": "1610"
        },
        {
            "input": "62 67",
            "output": "4154"
        },
        {
            "input": "34 57",
            "output": "1938"
        },
        {
            "input": "44 21",
            "output": "924"
        },
        {
            "input": "69 63",
            "output": "1449"
        },
        {
            "input": "75 51",
            "output": "1275"
        },
        {
            "input": "92 82",
            "output": "3772"
        },
        {
            "input": "79 45",
            "output": "3555"
        },
        {
            "input": "13 49",
            "output": "637"
        },
        {
            "input": "31 31",
            "output": "31"
        },
        {
            "input": "1 74",
            "output": "74"
        },
        {
            "input": "46 53",
            "output": "2438"
        },
        {
            "input": "47 7",
            "output": "329"
        },
        {
            "input": "94 65",
            "output": "6110"
        },
        {
            "input": "1 97",
            "output": "97"
        },
        {
            "input": "37 93",
            "output": "3441"
        },
        {
            "input": "52 43",
            "output": "2236"
        },
        {
            "input": "95 9",
            "output": "855"
        },
        {
            "input": "48 29",
            "output": "1392"
        },
        {
            "input": "38 100",
            "output": "1900"
        },
        {
            "input": "96 91",
            "output": "8736"
        },
        {
            "input": "71 57",
            "output": "4047"
        },
        {
            "input": "67 10",
            "output": "670"
        },
        {
            "input": "73 90",
            "output": "6570"
        },
        {
            "input": "100 37",
            "output": "3700"
        },
        {
            "input": "33 49",
            "output": "1617"
        },
        {
            "input": "98 48",
            "output": "2352"
        },
        {
            "input": "90 37",
            "output": "3330"
        },
        {
            "input": "24 98",
            "output": "1176"
        },
        {
            "input": "79 16",
            "output": "1264"
        },
        {
            "input": "67 91",
            "output": "6097"
        },
        {
            "input": "74 18",
            "output": "666"
        },
        {
            "input": "62 33",
            "output": "2046"
        },
        {
            "input": "79 100",
            "output": "7900"
        },
        {
            "input": "50 51",
            "output": "2550"
        },
        {
            "input": "5 88",
            "output": "440"
        },
        {
            "input": "6 37",
            "output": "222"
        },
        {
            "input": "68 75",
            "output": "5100"
        },
        {
            "input": "63 64",
            "output": "4032"
        },
        {
            "input": "10 62",
            "output": "310"
        },
        {
            "input": "21 22",
            "output": "462"
        },
        {
            "input": "27 81",
            "output": "81"
        },
        {
            "input": "5 38",
            "output": "190"
        },
        {
            "input": "46 24",
            "output": "552"
        },
        {
            "input": "89 69",
            "output": "6141"
        },
        {
            "input": "69 52",
            "output": "3588"
        },
        {
            "input": "81 44",
            "output": "3564"
        },
        {
            "input": "64 78",
            "output": "2496"
        },
        {
            "input": "9 78",
            "output": "234"
        },
        {
            "input": "24 49",
            "output": "1176"
        },
        {
            "input": "4 91",
            "output": "364"
        },
        {
            "input": "46 15",
            "output": "690"
        },
        {
            "input": "96 24",
            "output": "96"
        },
        {
            "input": "17 67",
            "output": "1139"
        },
        {
            "input": "63 85",
            "output": "5355"
        },
        {
            "input": "13 8",
            "output": "104"
        },
        {
            "input": "63 31",
            "output": "1953"
        },
        {
            "input": "14 34",
            "output": "238"
        },
        {
            "input": "64 8",
            "output": "64"
        },
        {
            "input": "60 17",
            "output": "1020"
        },
        {
            "input": "71 22",
            "output": "1562"
        },
        {
            "input": "91 92",
            "output": "8372"
        },
        {
            "input": "80 45",
            "output": "720"
        },
        {
            "input": "98 26",
            "output": "1274"
        },
        {
            "input": "66 97",
            "output": "6402"
        },
        {
            "input": "24 32",
            "output": "96"
        },
        {
            "input": "77 63",
            "output": "693"
        },
        {
            "input": "92 32",
            "output": "736"
        },
        {
            "input": "74 100",
            "output": "3700"
        },
        {
            "input": "84 18",
            "output": "252"
        },
        {
            "input": "24 33",
            "output": "264"
        },
        {
            "input": "13 57",
            "output": "741"
        },
        {
            "input": "4 46",
            "output": "92"
        },
        {
            "input": "76 73",
            "output": "5548"
        },
        {
            "input": "42 89",
            "output": "3738"
        },
        {
            "input": "34 49",
            "output": "1666"
        },
        {
            "input": "83 69",
            "output": "5727"
        },
        {
            "input": "98 35",
            "output": "490"
        },
        {
            "input": "41 71",
            "output": "2911"
        },
        {
            "input": "46 71",
            "output": "3266"
        },
        {
            "input": "52 58",
            "output": "1508"
        },
        {
            "input": "21 67",
            "output": "1407"
        },
        {
            "input": "56 62",
            "output": "1736"
        },
        {
            "input": "52 34",
            "output": "884"
        },
        {
            "input": "93 42",
            "output": "1302"
        },
        {
            "input": "55 55",
            "output": "55"
        },
        {
            "input": "70 88",
            "output": "3080"
        },
        {
            "input": "1 73",
            "output": "73"
        },
        {
            "input": "17 17",
            "output": "17"
        },
        {
            "input": "84 63",
            "output": "252"
        },
        {
            "input": "39 55",
            "output": "2145"
        },
        {
            "input": "20 79",
            "output": "1580"
        },
        {
            "input": "93 19",
            "output": "1767"
        },
        {
            "input": "67 98",
            "output": "6566"
        },
        {
            "input": "24 94",
            "output": "1128"
        },
        {
            "input": "100 63",
            "output": "6300"
        },
        {
            "input": "35 32",
            "output": "1120"
        },
        {
            "input": "38 38",
            "output": "38"
        },
        {
            "input": "63 56",
            "output": "504"
        },
        {
            "input": "74 23",
            "output": "1702"
        },
        {
            "input": "24 69",
            "output": "552"
        },
        {
            "input": "16 16",
            "output": "16"
        },
        {
            "input": "6 50",
            "output": "150"
        },
        {
            "input": "17 48",
            "output": "816"
        },
        {
            "input": "17 23",
            "output": "391"
        },
        {
            "input": "99 55",
            "output": "495"
        },
        {
            "input": "91 95",
            "output": "8645"
        },
        {
            "input": "79 95",
            "output": "7505"
        },
        {
            "input": "39 41",
            "output": "1599"
        },
        {
            "input": "18 47",
            "output": "846"
        },
        {
            "input": "83 48",
            "output": "3984"
        },
        {
            "input": "99 68",
            "output": "6732"
        },
        {
            "input": "7 92",
            "output": "644"
        },
        {
            "input": "68 97",
            "output": "6596"
        },
        {
            "input": "8 36",
            "output": "72"
        },
        {
            "input": "21 24",
            "output": "168"
        },
        {
            "input": "57 27",
            "output": "513"
        },
        {
            "input": "43 53",
            "output": "2279"
        },
        {
            "input": "9 65",
            "output": "585"
        },
        {
            "input": "70 36",
            "output": "1260"
        },
        {
            "input": "85 29",
            "output": "2465"
        },
        {
            "input": "12 74",
            "output": "444"
        },
        {
            "input": "31 11",
            "output": "341"
        },
        {
            "input": "94 67",
            "output": "6298"
        },
        {
            "input": "87 59",
            "output": "5133"
        },
        {
            "input": "4 95",
            "output": "380"
        },
        {
            "input": "8 71",
            "output": "568"
        },
        {
            "input": "29 95",
            "output": "2755"
        },
        {
            "input": "44 70",
            "output": "1540"
        },
        {
            "input": "6 24",
            "output": "24"
        },
        {
            "input": "68 89",
            "output": "6052"
        },
        {
            "input": "81 53",
            "output": "4293"
        },
        {
            "input": "48 93",
            "output": "1488"
        },
        {
            "input": "84 20",
            "output": "420"
        },
        {
            "input": "4 31",
            "output": "124"
        },
        {
            "input": "8 91",
            "output": "728"
        },
        {
            "input": "72 33",
            "output": "792"
        },
        {
            "input": "50 84",
            "output": "2100"
        },
        {
            "input": "59 67",
            "output": "3953"
        },
        {
            "input": "76 65",
            "output": "4940"
        },
        {
            "input": "52 83",
            "output": "4316"
        },
        {
            "input": "53 78",
            "output": "4134"
        },
        {
            "input": "39 31",
            "output": "1209"
        },
        {
            "input": "20 92",
            "output": "460"
        },
        {
            "input": "33 88",
            "output": "264"
        },
        {
            "input": "39 98",
            "output": "3822"
        },
        {
            "input": "76 78",
            "output": "2964"
        },
        {
            "input": "92 65",
            "output": "5980"
        },
        {
            "input": "12 90",
            "output": "180"
        },
        {
            "input": "99 96",
            "output": "3168"
        },
        {
            "input": "31 33",
            "output": "1023"
        },
        {
            "input": "9 71",
            "output": "639"
        },
        {
            "input": "17 14",
            "output": "238"
        },
        {
            "input": "96 57",
            "output": "1824"
        },
        {
            "input": "75 42",
            "output": "1050"
        },
        {
            "input": "41 41",
            "output": "41"
        },
        {
            "input": "32 12",
            "output": "96"
        },
        {
            "input": "32 99",
            "output": "3168"
        },
        {
            "input": "68 65",
            "output": "4420"
        },
        {
            "input": "74 61",
            "output": "4514"
        },
        {
            "input": "55 88",
            "output": "440"
        },
        {
            "input": "94 97",
            "output": "9118"
        },
        {
            "input": "37 39",
            "output": "1443"
        },
        {
            "input": "35 58",
            "output": "2030"
        },
        {
            "input": "52 7",
            "output": "364"
        },
        {
            "input": "1 79",
            "output": "79"
        },
        {
            "input": "45 74",
            "output": "3330"
        },
        {
            "input": "31 75",
            "output": "2325"
        },
        {
            "input": "63 36",
            "output": "252"
        },
        {
            "input": "73 36",
            "output": "2628"
        },
        {
            "input": "59 63",
            "output": "3717"
        },
        {
            "input": "10 57",
            "output": "570"
        },
        {
            "input": "1 12",
            "output": "12"
        },
        {
            "input": "15 15",
            "output": "15"
        },
        {
            "input": "59 82",
            "output": "4838"
        },
        {
            "input": "93 40",
            "output": "3720"
        },
        {
            "input": "5 87",
            "output": "435"
        },
        {
            "input": "26 45",
            "output": "1170"
        },
        {
            "input": "58 34",
            "output": "986"
        },
        {
            "input": "30 63",
            "output": "630"
        },
        {
            "input": "49 86",
            "output": "4214"
        },
        {
            "input": "67 50",
            "output": "3350"
        },
        {
            "input": "36 81",
            "output": "324"
        },
        {
            "input": "39 89",
            "output": "3471"
        },
        {
            "input": "40 84",
            "output": "840"
        },
        {
            "input": "66 82",
            "output": "2706"
        },
        {
            "input": "93 29",
            "output": "2697"
        },
        {
            "input": "9 16",
            "output": "144"
        },
        {
            "input": "25 62",
            "output": "1550"
        },
        {
            "input": "46 83",
            "output": "3818"
        },
        {
            "input": "90 48",
            "output": "720"
        },
        {
            "input": "11 83",
            "output": "913"
        },
        {
            "input": "32 40",
            "output": "160"
        },
        {
            "input": "8 5",
            "output": "40"
        },
        {
            "input": "90 36",
            "output": "180"
        },
        {
            "input": "61 89",
            "output": "5429"
        },
        {
            "input": "10 32",
            "output": "160"
        },
        {
            "input": "17 79",
            "output": "1343"
        },
        {
            "input": "66 48",
            "output": "528"
        },
        {
            "input": "78 12",
            "output": "156"
        },
        {
            "input": "79 25",
            "output": "1975"
        },
        {
            "input": "25 27",
            "output": "675"
        },
        {
            "input": "20 49",
            "output": "980"
        },
        {
            "input": "28 52",
            "output": "364"
        },
        {
            "input": "75 78",
            "output": "1950"
        },
        {
            "input": "36 71",
            "output": "2556"
        },
        {
            "input": "26 26",
            "output": "26"
        },
        {
            "input": "69 36",
            "output": "828"
        },
        {
            "input": "81 82",
            "output": "6642"
        },
        {
            "input": "19 15",
            "output": "285"
        },
        {
            "input": "3 11",
            "output": "33"
        },
        {
            "input": "51 29",
            "output": "1479"
        },
        {
            "input": "25 95",
            "output": "475"
        },
        {
            "input": "35 73",
            "output": "2555"
        },
        {
            "input": "20 91",
            "output": "1820"
        },
        {
            "input": "23 2",
            "output": "46"
        },
        {
            "input": "58 76",
            "output": "2204"
        },
        {
            "input": "42 73",
            "output": "3066"
        },
        {
            "input": "45 94",
            "output": "4230"
        },
        {
            "input": "84 7",
            "output": "84"
        },
        {
            "input": "31 85",
            "output": "2635"
        },
        {
            "input": "40 68",
            "output": "680"
        },
        {
            "input": "81 88",
            "output": "7128"
        },
        {
            "input": "8 82",
            "output": "328"
        },
        {
            "input": "32 8",
            "output": "32"
        },
        {
            "input": "43 94",
            "output": "4042"
        },
        {
            "input": "47 69",
            "output": "3243"
        },
        {
            "input": "89 60",
            "output": "5340"
        },
        {
            "input": "56 72",
            "output": "504"
        },
        {
            "input": "65 95",
            "output": "1235"
        },
        {
            "input": "57 86",
            "output": "4902"
        },
        {
            "input": "25 1",
            "output": "25"
        },
        {
            "input": "97 62",
            "output": "6014"
        },
        {
            "input": "27 7",
            "output": "189"
        },
        {
            "input": "69 59",
            "output": "4071"
        },
        {
            "input": "13 43",
            "output": "559"
        },
        {
            "input": "23 81",
            "output": "1863"
        },
        {
            "input": "5 58",
            "output": "290"
        },
        {
            "input": "90 78",
            "output": "1170"
        },
        {
            "input": "41 19",
            "output": "779"
        },
        {
            "input": "68 36",
            "output": "612"
        },
        {
            "input": "69 78",
            "output": "1794"
        },
        {
            "input": "84 78",
            "output": "1092"
        },
        {
            "input": "11 55",
            "output": "55"
        },
        {
            "input": "43 63",
            "output": "2709"
        },
        {
            "input": "63 44",
            "output": "2772"
        },
        {
            "input": "84 72",
            "output": "504"
        },
        {
            "input": "71 21",
            "output": "1491"
        },
        {
            "input": "77 80",
            "output": "6160"
        },
        {
            "input": "48 17",
            "output": "816"
        },
        {
            "input": "39 88",
            "output": "3432"
        },
        {
            "input": "10 1",
            "output": "10"
        },
        {
            "input": "24 12",
            "output": "24"
        },
        {
            "input": "45 72",
            "output": "360"
        },
        {
            "input": "30 10",
            "output": "30"
        },
        {
            "input": "4 34",
            "output": "68"
        },
        {
            "input": "24 79",
            "output": "1896"
        },
        {
            "input": "7 51",
            "output": "357"
        },
        {
            "input": "28 62",
            "output": "868"
        },
        {
            "input": "20 88",
            "output": "440"
        },
        {
            "input": "26 49",
            "output": "1274"
        },
        {
            "input": "98 14",
            "output": "98"
        },
        {
            "input": "52 89",
            "output": "4628"
        },
        {
            "input": "11 90",
            "output": "990"
        },
        {
            "input": "16 96",
            "output": "96"
        },
        {
            "input": "3 96",
            "output": "96"
        },
        {
            "input": "25 17",
            "output": "425"
        }
    ]
}