{
    "id": "longest_common_subsequence",
    "title": "Longest Common Subsequence",
    "description": "A subsequence of a string is a new string generated from the original string with some characters (can be none) deleted without changing the relative order of the remaining characters. A common subsequence of two strings is a subsequence that is common to both strings. In this problem, you are given two strings `text1` and `text2`. Your task is to find the length of their longest common subsequence. If there is no common subsequence, return 0.",
    "input_format": "Two lines containing the strings text1 and text2.",
    "output_format": "Output a single integer representing the length of the longest common subsequence of `text1` and `text2`.",
    "constraints": {
        "Length": "1 <= len(text1), len(text2) <= 1000"
    },
    "judge_mode": "FIRST_FAIL",
    "time_limit": 1,
    "sample_test_cases": [
        {
            "input": "abcde\nace",
            "output": "3"
        },
        {
            "input": "abc\nabc",
            "output": "3"
        }
    ],
    "hidden_test_cases": [
        {
            "input": "DBCCCDECEEDDBB\nACACAEAEAE",
            "output": "5"
        },
        {
            "input": "DBBDBEDACCDCA\nAEABCBCA",
            "output": "5"
        },
        {
            "input": "EEEECEACEE\nEDAEBC",
            "output": "3"
        },
        {
            "input": "EECACBDBBAE\nCADCDABBEEDDDE",
            "output": "7"
        },
        {
            "input": "AACCCA\nCBEBEBD",
            "output": "1"
        },
        {
            "input": "CCCAEEDDBDBBEAD\nAABEAECCCBBDA",
            "output": "6"
        },
        {
            "input": "DDAECBAAAD\nCADBCC",
            "output": "3"
        },
        {
            "input": "EEABBDACCADDA\nCEDADACCB",
            "output": "6"
        },
        {
            "input": "ABABABED\nEBBAADACCEDBA",
            "output": "5"
        },
        {
            "input": "CCBCBDBCEBD\nEBAED",
            "output": "3"
        },
        {
            "input": "ABAEBDEC\nAACEDBDCC",
            "output": "6"
        },
        {
            "input": "CEDEDABACDACB\nCDCBBABB",
            "output": "5"
        },
        {
            "input": "EECBEDBEEC\nADACCDADBDBABC",
            "output": "5"
        },
        {
            "input": "ECABDCADE\nEADCADCEADDBDAA",
            "output": "7"
        },
        {
            "input": "BCDCAEEEBDDCE\nBBBEEDCACDDBEE",
            "output": "7"
        },
        {
            "input": "BAAAAACDECADAD\nEBDDDAECADCDCA",
            "output": "7"
        },
        {
            "input": "DDDACCEEECADC\nDEBEBDAEEC",
            "output": "6"
        },
        {
            "input": "CCCCCDDC\nCCBBECEAEEEEBBE",
            "output": "3"
        },
        {
            "input": "ACBCDCBD\nBDBEE",
            "output": "3"
        },
        {
            "input": "BDADBDEEEB\nBCEBCA",
            "output": "3"
        },
        {
            "input": "EEADA\nEDECAED",
            "output": "4"
        },
        {
            "input": "AEDCBEDCBDCBB\nDCDAAEE",
            "output": "3"
        },
        {
            "input": "EDADCBA\nCBDCECEA",
            "output": "3"
        },
        {
            "input": "BADADE\nEADAEEBDBBBEB",
            "output": "5"
        },
        {
            "input": "DCCEDCBDA\nADCDBDECEC",
            "output": "5"
        },
        {
            "input": "BDCCECBDDB\nCEABDEB",
            "output": "5"
        },
        {
            "input": "AEBCAAE\nEAEAAEBE",
            "output": "5"
        },
        {
            "input": "ABCACEAEEEEA\nBACBBDCDDBCAAC",
            "output": "6"
        },
        {
            "input": "CDDDC\nADCACDADDD",
            "output": "4"
        },
        {
            "input": "AECBDDCBAA\nEEEBBBAEAEDD",
            "output": "5"
        },
        {
            "input": "CEABDAAACCDABEA\nEDBEBDCBAACBBCA",
            "output": "8"
        },
        {
            "input": "AAEECDEBDEECAA\nBADBCDCE",
            "output": "5"
        },
        {
            "input": "CEABCEDEDAC\nDDEABDEBDAEDA",
            "output": "8"
        },
        {
            "input": "DDDADEEB\nBBDACCDEEEDCE",
            "output": "5"
        },
        {
            "input": "BCACAEADEEBDA\nDEDAABBBEECA",
            "output": "5"
        },
        {
            "input": "BADDAE\nADBDBBBBCCB",
            "output": "3"
        },
        {
            "input": "EEDBAECAB\nBCEBCAEA",
            "output": "5"
        },
        {
            "input": "CDADEBDEDA\nEEBAEAEDCADC",
            "output": "5"
        },
        {
            "input": "EDBBCADDCBEDCAD\nECAEEC",
            "output": "5"
        },
        {
            "input": "EADDBA\nCBCBCEB",
            "output": "2"
        },
        {
            "input": "DCBEDE\nECEACBEAE",
            "output": "4"
        },
        {
            "input": "AACEEEECCD\nAEAAEA",
            "output": "3"
        },
        {
            "input": "ADADCDBDE\nDDADBCA",
            "output": "4"
        },
        {
            "input": "BADEDAACBE\nEDEAA",
            "output": "4"
        },
        {
            "input": "EDDBAB\nAACCEBEAACADD",
            "output": "3"
        },
        {
            "input": "DABBEDCAA\nEBCCBDCACEBDBDB",
            "output": "5"
        },
        {
            "input": "BEECCAACBE\nBDAABECCCDD",
            "output": "5"
        },
        {
            "input": "DACADBDCABBBBBC\nABCADBCAEACEEBA",
            "output": "8"
        },
        {
            "input": "DCCECECEDB\nDBADDAAAAEDCD",
            "output": "4"
        },
        {
            "input": "AEAEAADBAAEBBD\nAEDEDAEBCABEE",
            "output": "8"
        },
        {
            "input": "CBEEEDD\nDDEBCCDAAAEAEA",
            "output": "3"
        },
        {
            "input": "DBCABAADDA\nBBADDECAABADAAD",
            "output": "7"
        },
        {
            "input": "CEAEECCABDCCEDB\nEEDBDEADDECDCC",
            "output": "7"
        },
        {
            "input": "DEDBBAABCCED\nEEAECBCEBDABC",
            "output": "6"
        },
        {
            "input": "BCDCCEEEDBDDCD\nACBEDCDADDC",
            "output": "7"
        },
        {
            "input": "DBACCEEEABDBADC\nDCBBCDCBDBACA",
            "output": "9"
        },
        {
            "input": "ADECEDAAAAEC\nDCCAD",
            "output": "3"
        },
        {
            "input": "BEAAEDBBCABCEBD\nEEDAEED",
            "output": "6"
        },
        {
            "input": "EEBBBBACEBADAE\nAACCDACCEACBCAE",
            "output": "6"
        },
        {
            "input": "BECAABEE\nDBCEACBBEEBCBC",
            "output": "6"
        },
        {
            "input": "DDEBEDEEDAACE\nAADCDBCAEABDB",
            "output": "5"
        },
        {
            "input": "BBCCEDCEAD\nBAEBCCCA",
            "output": "6"
        },
        {
            "input": "EECAADEDCADCB\nBBBDADBBAAED",
            "output": "4"
        },
        {
            "input": "EEBEB\nBBBDDBB",
            "output": "2"
        },
        {
            "input": "DBDAA\nCBACCBCEEEEED",
            "output": "2"
        },
        {
            "input": "AEABBACABC\nABADCBAAACDBE",
            "output": "6"
        },
        {
            "input": "DBAADEABAEADEC\nAACEBADDEADB",
            "output": "8"
        },
        {
            "input": "AEACAADB\nBECACAB",
            "output": "5"
        },
        {
            "input": "EEADCA\nBEDAAEEBEADDA",
            "output": "5"
        },
        {
            "input": "ECABCEDABDBCCBA\nDDBBBDAABACC",
            "output": "6"
        },
        {
            "input": "BBAEEE\nCDBABDCBB",
            "output": "2"
        },
        {
            "input": "ADEAABEEA\nCEEDDCACBDABDDB",
            "output": "4"
        },
        {
            "input": "DEEEECA\nCBBBCABBDCDEDA",
            "output": "3"
        },
        {
            "input": "EBECDC\nBECDCBAEDAABDED",
            "output": "5"
        },
        {
            "input": "EBEADB\nAECCCBDCDCEEACE",
            "output": "4"
        },
        {
            "input": "AEDBDDECA\nBEBBDBAACEDAE",
            "output": "5"
        },
        {
            "input": "BDBDDBDAEAB\nBAACEBCDBE",
            "output": "5"
        },
        {
            "input": "ACEECBBCBDADE\nAEDACACEBC",
            "output": "5"
        },
        {
            "input": "AEECCCECC\nAEBACECBCDDDEAE",
            "output": "6"
        },
        {
            "input": "DEADBAD\nDCEACCA",
            "output": "4"
        },
        {
            "input": "CCEEBBC\nBDBDCDDADEDCDC",
            "output": "3"
        },
        {
            "input": "DBBEAA\nAEACEE",
            "output": "2"
        },
        {
            "input": "CBDCDEBACCCCC\nEDDBEBEABD",
            "output": "5"
        },
        {
            "input": "BDDEDBEBC\nECBCC",
            "output": "3"
        },
        {
            "input": "ADEACCE\nEEEBCEB",
            "output": "3"
        },
        {
            "input": "EADADADDBEAB\nBAEDDA",
            "output": "4"
        },
        {
            "input": "EBDBBAAEEEDBA\nADBECDE",
            "output": "4"
        },
        {
            "input": "DBEBCCDEA\nCABEB",
            "output": "3"
        },
        {
            "input": "ECDDBDEED\nADCBCACAAADABB",
            "output": "3"
        },
        {
            "input": "CAEEEBCAEABAAD\nDACDABBEC",
            "output": "4"
        },
        {
            "input": "EAEDC\nCAADCCDECAC",
            "output": "3"
        },
        {
            "input": "DEDCAAB\nDBDCAECEDADBE",
            "output": "6"
        },
        {
            "input": "BCBBDBCAEADADBA\nEABCEEBAAADDD",
            "output": "7"
        },
        {
            "input": "DECDCBDCDDECCDE\nCAEDBACCED",
            "output": "6"
        },
        {
            "input": "DBEBDDBDADEEA\nCDBBBBABDEA",
            "output": "8"
        },
        {
            "input": "AEAEBA\nEDBCBBACEEBDE",
            "output": "4"
        },
        {
            "input": "EBEDEECDABD\nCCADCD",
            "output": "3"
        },
        {
            "input": "CCECACCBDBCC\nBAEDCA",
            "output": "3"
        },
        {
            "input": "DCBDE\nEDCCAB",
            "output": "3"
        },
        {
            "input": "EBBDDD\nCBDCCEBECAC",
            "output": "2"
        },
        {
            "input": "ADCCEEACEEEC\nAAADA",
            "output": "3"
        },
        {
            "input": "DBDCAEDEBDBBA\nBECCDBABEAB",
            "output": "6"
        },
        {
            "input": "BAEEBCBC\nDDDECDDBAEBA",
            "output": "4"
        },
        {
            "input": "EADEBCC\nDCABEDE",
            "output": "3"
        },
        {
            "input": "EACEDB\nAEEEDBDAAEDCD",
            "output": "4"
        },
        {
            "input": "ABDBDBDCBDECB\nDABBCAE",
            "output": "5"
        },
        {
            "input": "CDDBCEBECC\nEEDCDEAEAAA",
            "output": "4"
        },
        {
            "input": "EDEBBCABD\nAEDCDCCCBEE",
            "output": "4"
        },
        {
            "input": "CBDDCCDACBCED\nCECCBDCC",
            "output": "6"
        },
        {
            "input": "DBAEBECEBCEA\nDCDECAEEAEEBAC",
            "output": "7"
        },
        {
            "input": "CAACDDCBAD\nBBDDDDE",
            "output": "3"
        },
        {
            "input": "CEDCEAECBA\nCCAACABE",
            "output": "5"
        },
        {
            "input": "BEDBCACDA\nBABAA",
            "output": "4"
        },
        {
            "input": "BAEBEAEDE\nECDCCABECABAC",
            "output": "4"
        },
        {
            "input": "DABADE\nDBBADCBCCCEB",
            "output": "5"
        },
        {
            "input": "ECACBECABEECC\nDEDDEDEEBA",
            "output": "4"
        },
        {
            "input": "EEEBADDACBEDB\nECBDDE",
            "output": "5"
        },
        {
            "input": "EABED\nDBDCABCDCA",
            "output": "3"
        },
        {
            "input": "BCECBCCDCA\nBDBDBCA",
            "output": "5"
        },
        {
            "input": "CCCEEBACABABAA\nBBCCADDCECB",
            "output": "6"
        },
        {
            "input": "CADDEBBBBC\nDBCCEAAECCB",
            "output": "4"
        },
        {
            "input": "ADDECDDBAADAA\nEBDCBAAEDAADBD",
            "output": "8"
        },
        {
            "input": "CDDAEADCBCABD\nEEADEAAEDAA",
            "output": "5"
        },
        {
            "input": "AADAADEBAAEADA\nEABAADC",
            "output": "5"
        },
        {
            "input": "EEDBBDECCBCAB\nAACACDDED",
            "output": "3"
        },
        {
            "input": "DAADDEAABBBADAB\nAACCEAEC",
            "output": "4"
        },
        {
            "input": "ECCDC\nACADEDBAEDEBB",
            "output": "2"
        },
        {
            "input": "BDAECE\nAAADCECCEA",
            "output": "4"
        },
        {
            "input": "CACDBCDDDDEBCBB\nCCCCAB",
            "output": "5"
        },
        {
            "input": "EBDDEBD\nCABBEDABDCECDBA",
            "output": "5"
        },
        {
            "input": "EEDBACB\nDCDBBA",
            "output": "3"
        },
        {
            "input": "BBDABCD\nAADBAAEAD",
            "output": "3"
        },
        {
            "input": "DEDCBBCEEEAE\nCEABEDDBCD",
            "output": "4"
        },
        {
            "input": "BCCCEBAC\nEEDDDDABC",
            "output": "3"
        },
        {
            "input": "DEDDAEAEEBA\nECAEEBBE",
            "output": "5"
        },
        {
            "input": "CBAAEBEAABBE\nDCDDABDA",
            "output": "4"
        },
        {
            "input": "EAEABEEDADBEC\nEBBCCCDDEDDDB",
            "output": "6"
        },
        {
            "input": "CACBBBCA\nADBCAEEACACCEA",
            "output": "5"
        },
        {
            "input": "ADDABEBD\nCCACECBAC",
            "output": "3"
        },
        {
            "input": "DCBEA\nECAACECCBDEA",
            "output": "4"
        },
        {
            "input": "DBCAB\nBBAED",
            "output": "2"
        },
        {
            "input": "BBCAECBEEBEDCA\nADAEDDA",
            "output": "4"
        },
        {
            "input": "CAADBCD\nBECEACCDABA",
            "output": "4"
        },
        {
            "input": "ADCCECEBB\nAEAAAE",
            "output": "3"
        },
        {
            "input": "BECEEBACBCB\nDCEDBDDAACCDDC",
            "output": "6"
        },
        {
            "input": "EDCABDDBEAB\nBCBBDDDCEEB",
            "output": "6"
        },
        {
            "input": "EBECCD\nCAEBDDEADE",
            "output": "4"
        },
        {
            "input": "ADDAA\nCBDCBBCBDDCEDC",
            "output": "2"
        },
        {
            "input": "DBABEDC\nCCADABADDCEC",
            "output": "5"
        },
        {
            "input": "AAADE\nEEBEDDD",
            "output": "1"
        },
        {
            "input": "CDEEEDABEBD\nAECEAE",
            "output": "4"
        },
        {
            "input": "BBECB\nBACCCCE",
            "output": "2"
        },
        {
            "input": "CABCECDCDA\nADBBABC",
            "output": "3"
        },
        {
            "input": "ECABADBA\nDBDBAADC",
            "output": "4"
        },
        {
            "input": "EDCAEDABDECED\nCBDBECDD",
            "output": "6"
        },
        {
            "input": "CCCBAE\nABEEDBBBBBADBC",
            "output": "2"
        },
        {
            "input": "CEAAEBEAC\nEAACDEACCCBDA",
            "output": "6"
        },
        {
            "input": "BBCBBBA\nBDDBBDD",
            "output": "3"
        },
        {
            "input": "CBABDEBCDECDEA\nABCDE",
            "output": "5"
        },
        {
            "input": "ACCABBEBAEACD\nCCACEAD",
            "output": "6"
        },
        {
            "input": "CBDCAADBDCDCAEE\nABCBBB",
            "output": "3"
        },
        {
            "input": "ABBEC\nECDEA",
            "output": "2"
        },
        {
            "input": "CDBCD\nDEBBDBC",
            "output": "3"
        },
        {
            "input": "CCBACDCD\nABBADAC",
            "output": "4"
        },
        {
            "input": "DEAADABACCBC\nECBEEDA",
            "output": "3"
        },
        {
            "input": "CCADAB\nDCEECDD",
            "output": "3"
        },
        {
            "input": "ECCBC\nBDCBEEBDABCCEA",
            "output": "3"
        },
        {
            "input": "ADDAACDE\nBADBAADABADBD",
            "output": "6"
        },
        {
            "input": "ADCAAABADBB\nECECBEEDD",
            "output": "3"
        },
        {
            "input": "EDCBCCCE\nABBAEB",
            "output": "2"
        },
        {
            "input": "BEBADCAD\nACABACBACEBEB",
            "output": "4"
        },
        {
            "input": "CABEEEBDC\nBDDBCAE",
            "output": "3"
        },
        {
            "input": "ADADCEAEEEAEE\nECEDEB",
            "output": "3"
        },
        {
            "input": "ECDADACDEAD\nADCBBBDEDAA",
            "output": "6"
        },
        {
            "input": "DAEABECCDB\nAEBCCDEAEECBEBC",
            "output": "7"
        },
        {
            "input": "EBEDCBCBAEA\nBDDBBCCA",
            "output": "5"
        },
        {
            "input": "CACDEBECDDCD\nBBEEEACCACAAEDD",
            "output": "6"
        },
        {
            "input": "DEBECDBC\nBEADCEAA",
            "output": "4"
        },
        {
            "input": "BBACBEAADBB\nECCCDEB",
            "output": "3"
        },
        {
            "input": "DCEAEBCAC\nADDBBE",
            "output": "2"
        },
        {
            "input": "BAEADAAEBBDEE\nDBDCCDACB",
            "output": "4"
        },
        {
            "input": "ACAADBCDECAA\nAADEAC",
            "output": "5"
        },
        {
            "input": "DADCEEEEB\nEBECBBAAAB",
            "output": "3"
        },
        {
            "input": "ACBED\nBECACCEACDBAC",
            "output": "4"
        },
        {
            "input": "DBBBDDACDEBEBC\nABDAEEBCEEDB",
            "output": "7"
        },
        {
            "input": "ECABBBD\nABCCEB",
            "output": "3"
        },
        {
            "input": "ADBEEABDD\nBCEBABC",
            "output": "4"
        },
        {
            "input": "AAEACCEEBCD\nBCCAECCDBAADBCB",
            "output": "6"
        },
        {
            "input": "CBBDDEBDDE\nACDDEBDEEBEBAE",
            "output": "7"
        },
        {
            "input": "BDEDEED\nAADBBBBCDDADBD",
            "output": "4"
        },
        {
            "input": "EECEEA\nDCECEDDE",
            "output": "4"
        },
        {
            "input": "CBDEBDCC\nADDDDD",
            "output": "2"
        },
        {
            "input": "EDCAD\nEEDEAA",
            "output": "3"
        },
        {
            "input": "BACEDDC\nCAAEC",
            "output": "3"
        },
        {
            "input": "CAAECABCCDABEE\nCCDDBCEDB",
            "output": "6"
        },
        {
            "input": "CDBCBB\nDEACB",
            "output": "3"
        },
        {
            "input": "EBDCBDAEECECBAA\nBECAEEE",
            "output": "6"
        },
        {
            "input": "DEDAEDDBADDBDD\nDECAADB",
            "output": "6"
        },
        {
            "input": "DCEABCE\nDBABCEA",
            "output": "5"
        },
        {
            "input": "CBBCCCACDABDEC\nADDEDECAABEDB",
            "output": "5"
        },
        {
            "input": "BCEEEBDEECAA\nEBBECABCDCC",
            "output": "5"
        },
        {
            "input": "ADBEDDACABACAD\nADAEEDBDDACCCBD",
            "output": "9"
        },
        {
            "input": "EEBEBCCAECEEBBC\nBDAAEAAEAB",
            "output": "5"
        },
        {
            "input": "ECDADBADBC\nDAACCBDCC",
            "output": "5"
        },
        {
            "input": "BDDCBBEA\nDACEA",
            "output": "4"
        },
        {
            "input": "BCACBAECCE\nAAEDDBCD",
            "output": "4"
        },
        {
            "input": "CDDCD\nADCEAADDAEEBAC",
            "output": "4"
        },
        {
            "input": "CACBEBBBDEDEBD\nAABEDA",
            "output": "4"
        },
        {
            "input": "DBCDEAAADB\nDBEEBDCDCDEDCAE",
            "output": "6"
        },
        {
            "input": "CDDBDDBDDAA\nACEDEECBEEBEDD",
            "output": "6"
        },
        {
            "input": "ECCBDDACDEDEBBB\nCBEEAECBDBBA",
            "output": "7"
        },
        {
            "input": "ECDEBEACEEDABAD\nDCDBEDDDA",
            "output": "6"
        },
        {
            "input": "EEECCBBDCC\nAEBADCCACBCCEC",
            "output": "6"
        },
        {
            "input": "BBEDECEBB\nDCBCECCA",
            "output": "3"
        },
        {
            "input": "BCEAE\nADEBCACD",
            "output": "3"
        },
        {
            "input": "ECBACEDE\nDEEAEADBBAEAA",
            "output": "5"
        },
        {
            "input": "CEDCADAEAC\nCEBBD",
            "output": "3"
        },
        {
            "input": "BBEACEC\nBAEBCDADBACDABB",
            "output": "4"
        },
        {
            "input": "AACACBCEBCE\nEEBACDBBDC",
            "output": "5"
        },
        {
            "input": "ECADEABBDBEDDB\nEECDDCCE",
            "output": "5"
        },
        {
            "input": "CBAAABDECBBA\nBAECEABEBBDAE",
            "output": "8"
        },
        {
            "input": "ABEDBDBD\nBCDACCACBDB",
            "output": "5"
        },
        {
            "input": "ABDBD\nADCEEADED",
            "output": "3"
        },
        {
            "input": "DDBAEABEEDDA\nEBBAACD",
            "output": "4"
        },
        {
            "input": "BBBBDEDD\nDDABBECAA",
            "output": "3"
        },
        {
            "input": "EBACEBDA\nBDBCEABBDCBDB",
            "output": "5"
        },
        {
            "input": "DECEBACEBB\nBCEBABCBABACDB",
            "output": "7"
        },
        {
            "input": "BAEAACCBE\nDCCBB",
            "output": "3"
        },
        {
            "input": "EEAABBA\nEEAEDBC",
            "output": "4"
        },
        {
            "input": "ECDDEBCDBABBEAC\nDDECECBDACDCCD",
            "output": "7"
        },
        {
            "input": "ABCEAEBAEBE\nCCDECAEBEE",
            "output": "7"
        },
        {
            "input": "AADECCDCBBCAD\nCCBDA",
            "output": "4"
        },
        {
            "input": "ECAEEAA\nDDCDEECEBAECDC",
            "output": "4"
        },
        {
            "input": "BEDCDBCB\nDCEAA",
            "output": "2"
        },
        {
            "input": "EDCAEBBEAAAADB\nBBCBDDAA",
            "output": "4"
        },
        {
            "input": "ECCBCAEB\nBBCEDB",
            "output": "4"
        },
        {
            "input": "ADCCC\nEADEBCBDAB",
            "output": "3"
        },
        {
            "input": "CEEAEABCA\nEDADABD",
            "output": "4"
        },
        {
            "input": "CAEBCEE\nDCABACBEAAA",
            "output": "5"
        },
        {
            "input": "ACEADED\nBDACDDBB",
            "output": "4"
        },
        {
            "input": "DEBEDD\nDBEBCEDEDC",
            "output": "6"
        },
        {
            "input": "ADEDDC\nBBCABBDDDAEBC",
            "output": "5"
        },
        {
            "input": "DDBADCECECADB\nBCBDDDAECAEBC",
            "output": "7"
        },
        {
            "input": "ABAEDE\nEDADDCB",
            "output": "2"
        },
        {
            "input": "AEDBDAAB\nECBEBADBBEA",
            "output": "4"
        },
        {
            "input": "ECDAEBBD\nDAAADCCB",
            "output": "3"
        },
        {
            "input": "DEAEDAEDBBCBBBB\nCDDDDBACDBBEBDC",
            "output": "8"
        },
        {
            "input": "CEABDB\nBBECC",
            "output": "2"
        },
        {
            "input": "DCEDEDEDC\nCCECCEDADB",
            "output": "5"
        },
        {
            "input": "CEBBBAEC\nEADBCDCCAEDCAAE",
            "output": "5"
        },
        {
            "input": "BBAEAEBEBAEE\nACDBE",
            "output": "3"
        },
        {
            "input": "ECAAEDBADCD\nCEACECC",
            "output": "4"
        },
        {
            "input": "CDADE\nABCEDC",
            "output": "2"
        },
        {
            "input": "ECDCCAC\nCBACBDCEEAA",
            "output": "4"
        },
        {
            "input": "DEDCBBE\nDEACD",
            "output": "3"
        },
        {
            "input": "EBBCACE\nBBBEDDBEBDBAEBC",
            "output": "5"
        },
        {
            "input": "ABBCBAAECD\nEDAADBCAA",
            "output": "5"
        },
        {
            "input": "EEEECEEADAB\nBBBEECCB",
            "output": "4"
        },
        {
            "input": "DDAEEB\nDADBCBEABB",
            "output": "4"
        },
        {
            "input": "ADEEAACDDBCA\nCBCEAEACDCBDDDA",
            "output": "7"
        },
        {
            "input": "ACADDDE\nCEDADBDBDBCAD",
            "output": "5"
        },
        {
            "input": "ABACCD\nCEEBEDECECCCBA",
            "output": "3"
        },
        {
            "input": "ACDCBD\nBECDEEC",
            "output": "3"
        },
        {
            "input": "EDAEDCC\nBBBCBEDBBBAAD",
            "output": "4"
        },
        {
            "input": "BBBDCBAE\nBDBDDBEEA",
            "output": "5"
        },
        {
            "input": "EEBDDCDADADBDCA\nAADCEBDDECDADCC",
            "output": "9"
        },
        {
            "input": "BDDCDA\nCEADAB",
            "output": "3"
        },
        {
            "input": "EEEDAACADCDCBBE\nAABDCEDCEDACAEA",
            "output": "8"
        },
        {
            "input": "EEEABEAABDBEE\nBBDBCCBBEEEBEB",
            "output": "6"
        },
        {
            "input": "BAEEBDBEA\nBBDAD",
            "output": "4"
        },
        {
            "input": "EDCDEBDCE\nDAADEAEE",
            "output": "4"
        },
        {
            "input": "BBBEBBAB\nCBACEECC",
            "output": "2"
        },
        {
            "input": "ADADBBAECDB\nBEDADCBECBDBBE",
            "output": "8"
        },
        {
            "input": "ECDBADDADCECC\nADADBDEA",
            "output": "5"
        },
        {
            "input": "CCBDCBDBAB\nDEDDCADABD",
            "output": "5"
        },
        {
            "input": "DDEDBCCDEAACEA\nBDAAABBE",
            "output": "5"
        },
        {
            "input": "DDDBADDDAEB\nCBACEDDCACCC",
            "output": "5"
        },
        {
            "input": "ECCDAADBCDBBDC\nDEEEEEEDAD",
            "output": "4"
        },
        {
            "input": "ADECADDCA\nDCEDCEB",
            "output": "4"
        },
        {
            "input": "BEDEBA\nDEECEADEDE",
            "output": "3"
        },
        {
            "input": "AACCEA\nEBAABB",
            "output": "2"
        },
        {
            "input": "EACEDDEDC\nAABBBADBCDDD",
            "output": "5"
        },
        {
            "input": "EBAEBCCAADE\nEBEADDE",
            "output": "6"
        },
        {
            "input": "ABAACCDECCC\nBECCAACDBBDC",
            "output": "6"
        },
        {
            "input": "CCADDDECE\nABBBCBAEBEBDEE",
            "output": "5"
        },
        {
            "input": "BBCAA\nBEBEACB",
            "output": "3"
        },
        {
            "input": "BCBCDBD\nDBDCCDBACEE",
            "output": "5"
        },
        {
            "input": "BEDBDEACCCD\nBCECAEDAE",
            "output": "4"
        },
        {
            "input": "AADDACBCABE\nCBEBBEBEEAA",
            "output": "4"
        },
        {
            "input": "ADBADCBCB\nADDAEADBDCD",
            "output": "6"
        },
        {
            "input": "CDAAEDADBA\nCEBBDDDDBEAE",
            "output": "6"
        },
        {
            "input": "DAEAEADDBAADC\nAAAEAECACBBCD",
            "output": "7"
        },
        {
            "input": "AECBDDBDBECEBE\nDEECAD",
            "output": "3"
        },
        {
            "input": "BDDDDCADBC\nACAABCDAEEA",
            "output": "4"
        },
        {
            "input": "BDDBAECDADABCCC\nDCACBBCDDE",
            "output": "5"
        },
        {
            "input": "DCBADCBC\nBAAEBAAEDECEBC",
            "output": "6"
        },
        {
            "input": "AEADCACEEBE\nBCDDEEEDEDDA",
            "output": "4"
        },
        {
            "input": "EECEBBBBDE\nCCCEEB",
            "output": "3"
        },
        {
            "input": "BEADBACCBEBEC\nABEBEBD",
            "output": "5"
        },
        {
            "input": "AACECEBB\nACAAABAE",
            "output": "3"
        },
        {
            "input": "EAAEC\nEACCECCBDBCCAA",
            "output": "4"
        },
        {
            "input": "BCCADEEB\nDDBDCAABBDC",
            "output": "4"
        },
        {
            "input": "ACACBDBBCAA\nCBCEEABBBECC",
            "output": "6"
        },
        {
            "input": "DCEAECCAADD\nAECECCAA",
            "output": "6"
        },
        {
            "input": "CBDECEDE\nDBBBAADDED",
            "output": "4"
        },
        {
            "input": "BBADAEABBE\nAEDDCA",
            "output": "3"
        },
        {
            "input": "DBBAEB\nDECEEBABA",
            "output": "4"
        },
        {
            "input": "CBDCA\nADCEEBABDCCB",
            "output": "4"
        },
        {
            "input": "ECDCDDBEAEEDD\nCCDABBBDA",
            "output": "5"
        },
        {
            "input": "DECEAD\nEBABBCAECBAD",
            "output": "5"
        },
        {
            "input": "DCAEAEDDA\nABCADAEAACDDBB",
            "output": "6"
        },
        {
            "input": "DECDACABACBBEEC\nABBBBEDD",
            "output": "5"
        },
        {
            "input": "BEDDCBDBEADEECA\nCCAAADDCBABEA",
            "output": "7"
        },
        {
            "input": "BBDBDCBDC\nBDBDCAAEA",
            "output": "5"
        },
        {
            "input": "EAAEEADA\nEEADCBCDDD",
            "output": "4"
        },
        {
            "input": "BEACCEEEBD\nDCBDAAABACBB",
            "output": "4"
        },
        {
            "input": "EDDEECDCEBCBDCA\nBBDBDCEDA",
            "output": "6"
        },
        {
            "input": "CECBEECDECBEE\nDBABBBAEEADCCA",
            "output": "5"
        },
        {
            "input": "CCBBEEDDAE\nEDADEBABACABCA",
            "output": "4"
        },
        {
            "input": "CAACAEAAB\nBDDEBBEBE",
            "output": "2"
        },
        {
            "input": "BCCAAEAEACDACED\nEDBCBDEC",
            "output": "4"
        },
        {
            "input": "ABEDCBCEC\nCAEBEEEDCBD",
            "output": "6"
        },
        {
            "input": "ABBCACBCBEAAA\nCAEDCBED",
            "output": "5"
        },
        {
            "input": "ACDABBCEECDCCC\nBCAEBCECE",
            "output": "6"
        },
        {
            "input": "DDECDCCB\nCCBCDCA",
            "output": "3"
        },
        {
            "input": "EEADBCEE\nEDECBDC",
            "output": "4"
        },
        {
            "input": "EBEEDAACCBEBAA\nBDCACD",
            "output": "4"
        },
        {
            "input": "DCABDE\nACDCBD",
            "output": "4"
        },
        {
            "input": "CABEBDE\nBCBDEBAD",
            "output": "5"
        },
        {
            "input": "EEEADE\nBDAADAB",
            "output": "2"
        },
        {
            "input": "EABACA\nEDBCEECCCE",
            "output": "3"
        },
        {
            "input": "BCECDCBE\nBCACB",
            "output": "4"
        },
        {
            "input": "DCDDBCBDAEEEAC\nDECCCAACADECE",
            "output": "6"
        },
        {
            "input": "ECBCDD\nDDBAB",
            "output": "2"
        },
        {
            "input": "EDEADACCBDE\nADBDDCCCA",
            "output": "4"
        },
        {
            "input": "DDADA\nAECAEBAEEECCCC",
            "output": "2"
        },
        {
            "input": "DCBABAADDDEECA\nCADDADCAEECCCE",
            "output": "8"
        },
        {
            "input": "DAEDBC\nDBDBDAAAC",
            "output": "4"
        },
        {
            "input": "EABDDDBC\nBDEBCDBB",
            "output": "4"
        },
        {
            "input": "CEEBAD\nADECDDABEE",
            "output": "3"
        },
        {
            "input": "BAAEADDACAEBED\nCCCBEDAACECC",
            "output": "6"
        },
        {
            "input": "BDACEAEEECDABAD\nCECBDCBAA",
            "output": "6"
        },
        {
            "input": "CEEBAEAEC\nAEADBBDCEECECD",
            "output": "5"
        },
        {
            "input": "DCEDDDED\nCADADBDCBDCDD",
            "output": "5"
        },
        {
            "input": "DAEBEBAEADDEAAE\nAECEAEBDCBC",
            "output": "6"
        },
        {
            "input": "ABEBAAB\nCCCEADA",
            "output": "3"
        },
        {
            "input": "ADBCAEADBDDD\nBDEBCEACDAEB",
            "output": "7"
        },
        {
            "input": "EDACBEBA\nBDDEECCBBA",
            "output": "5"
        },
        {
            "input": "CCCABACEDDEAE\nCCDBE",
            "output": "4"
        },
        {
            "input": "AABEA\nCEBDDAADDAE",
            "output": "3"
        },
        {
            "input": "AABACEEBCEABCAC\nBCEDBBBCCCBCD",
            "output": "7"
        },
        {
            "input": "DADECABEAAECDA\nBDDBDEBBAAE",
            "output": "7"
        },
        {
            "input": "BCAADDCEBB\nABEDDECDADCCAE",
            "output": "6"
        },
        {
            "input": "DEDBACB\nDEADCCEB",
            "output": "5"
        },
        {
            "input": "ABDEAACDC\nAABAACCEDDE",
            "output": "6"
        },
        {
            "input": "CBEBC\nECEAE",
            "output": "2"
        },
        {
            "input": "DEDABCDDDDCC\nEBADDBADDBDAECC",
            "output": "8"
        },
        {
            "input": "ACCEABD\nEDEADECCABBCEBB",
            "output": "5"
        },
        {
            "input": "EBCCADAC\nEBBCCBBE",
            "output": "4"
        },
        {
            "input": "EAEBCCDEC\nBCCEAEBCEADADCC",
            "output": "7"
        },
        {
            "input": "BEAADDACCBDAB\nBBBDABBCBBABB",
            "output": "7"
        },
        {
            "input": "ABDEABDCCACEC\nBCCEEC",
            "output": "5"
        },
        {
            "input": "ECEDCDE\nDECECEEDBD",
            "output": "5"
        },
        {
            "input": "DEEEDC\nBADEBAEAAD",
            "output": "4"
        },
        {
            "input": "BDBBEEDABDDEECA\nCEEBBBD",
            "output": "4"
        },
        {
            "input": "CDADABABAEBC\nACACDEBE",
            "output": "5"
        },
        {
            "input": "BDCBEEECBDDCBEE\nADECCEADAEECDD",
            "output": "8"
        },
        {
            "input": "DDEEAD\nEBDEAAEAA",
            "output": "4"
        },
        {
            "input": "BECCBBDAEBAE\nEEEBECEB",
            "output": "5"
        },
        {
            "input": "DAACDDCBBBCB\nCCBDBBAADCEAAD",
            "output": "6"
        },
        {
            "input": "CECDB\nABCABAAECCEDD",
            "output": "4"
        },
        {
            "input": "EDEDBCBAEABAADE\nAACDDAAADCADE",
            "output": "8"
        },
        {
            "input": "EBADB\nBDBBABBDBABDD",
            "output": "4"
        },
        {
            "input": "CCEADC\nDACCBCADEDDACA",
            "output": "5"
        },
        {
            "input": "ADCDDDAAE\nDCEEDACDECBEEC",
            "output": "5"
        },
        {
            "input": "CADDEEDABDBC\nBBDAACADDBEA",
            "output": "6"
        },
        {
            "input": "CDDCAABBABCDE\nABCBDDBCEDA",
            "output": "6"
        },
        {
            "input": "DCDBEC\nEDDEEAD",
            "output": "3"
        },
        {
            "input": "AACCC\nABAEDBB",
            "output": "2"
        },
        {
            "input": "EBECBADDCA\nEBAEABEAACAEBB",
            "output": "7"
        },
        {
            "input": "CDBEAE\nECCDBABACAD",
            "output": "4"
        },
        {
            "input": "ABCDAED\nCAACC",
            "output": "2"
        },
        {
            "input": "BCEDEACD\nADDEAEADCDECEB",
            "output": "5"
        },
        {
            "input": "DABAEAABAEA\nCCCEAEECCAA",
            "output": "4"
        },
        {
            "input": "CDEEBBAD\nCCADEDBACDCEE",
            "output": "6"
        },
        {
            "input": "BCAECCD\nBCBBDCACEDABDAC",
            "output": "5"
        },
        {
            "input": "BBBCE\nCBABBBDCDAC",
            "output": "4"
        },
        {
            "input": "CBDCDACDED\nBACBABA",
            "output": "3"
        },
        {
            "input": "AACDDBBD\nAAAEDDCBCAEEDDB",
            "output": "6"
        },
        {
            "input": "ADABDDCCBAEBDCB\nCAEBDCACA",
            "output": "6"
        },
        {
            "input": "DADEDEBD\nCCCDCBDBC",
            "output": "3"
        },
        {
            "input": "DBEDEBADBA\nCCCAEDCEDBCDE",
            "output": "5"
        },
        {
            "input": "DDAABEEECABBABC\nDCDDBA",
            "output": "4"
        },
        {
            "input": "AEBEDCED\nADADDCCCBBADEC",
            "output": "4"
        },
        {
            "input": "DEAABEDCCA\nDACCBCEACBEAEEC",
            "output": "6"
        },
        {
            "input": "CEAEADBEEEB\nDECBEA",
            "output": "3"
        },
        {
            "input": "BDBBDCDDEBADBAE\nEBCEBC",
            "output": "4"
        },
        {
            "input": "DCEBCECE\nADBAD",
            "output": "2"
        },
        {
            "input": "EACDBDBAEEDAB\nDACDDEADDEC",
            "output": "6"
        },
        {
            "input": "BBBABEBB\nACADBEAB",
            "output": "4"
        },
        {
            "input": "ADAEDDACAB\nBCEEAB",
            "output": "3"
        },
        {
            "input": "CDBEBEEACEE\nACBDBCACDCEBD",
            "output": "6"
        },
        {
            "input": "DCBBBCBEE\nDEADBADCAAAC",
            "output": "3"
        },
        {
            "input": "BBBAACBBAACCE\nADBDBACAA",
            "output": "6"
        },
        {
            "input": "BECCEBCECAADDC\nEDBEBCCDDBBE",
            "output": "7"
        },
        {
            "input": "CACDEEBAB\nCCEEDACCEEDBEDD",
            "output": "6"
        },
        {
            "input": "EDBCADCBADCDAEE\nAEEADBBBB",
            "output": "4"
        },
        {
            "input": "CDDECDEDDCEC\nEADBE",
            "output": "3"
        },
        {
            "input": "AAACAACCEACDAED\nACADBD",
            "output": "5"
        },
        {
            "input": "CDAECAE\nABBACDAEAAE",
            "output": "6"
        },
        {
            "input": "DCDAD\nADCADEA",
            "output": "4"
        },
        {
            "input": "EACECDCBBDDBEE\nBDEBACABE",
            "output": "5"
        },
        {
            "input": "BCEBB\nBACCADABEBDECCD",
            "output": "4"
        },
        {
            "input": "EACAECCA\nDDBDCECBD",
            "output": "3"
        },
        {
            "input": "EBACBAD\nBACBEAABCE",
            "output": "5"
        },
        {
            "input": "ACBBAAABAEABA\nDAECAAAEEDDD",
            "output": "6"
        },
        {
            "input": "BBBEC\nEBDDEBB",
            "output": "3"
        },
        {
            "input": "BEDCEDBEED\nEEEBDEBCCBCEBDB",
            "output": "6"
        },
        {
            "input": "ECEBCD\nEAADBABDCABAAA",
            "output": "3"
        },
        {
            "input": "CBDCE\nCBBEDEA",
            "output": "4"
        },
        {
            "input": "DEAAECADEDB\nADCDCAA",
            "output": "3"
        },
        {
            "input": "DEBCAEBED\nDBDBBA",
            "output": "3"
        },
        {
            "input": "CCCBDEC\nDCECDADDDEACEB",
            "output": "5"
        },
        {
            "input": "EADABA\nABDCC",
            "output": "2"
        },
        {
            "input": "CCBDCADBCDAABC\nCCBEDBADDE",
            "output": "7"
        },
        {
            "input": "AAAEBDCABABDEC\nBDBADBBDB",
            "output": "6"
        },
        {
            "input": "ADCAAEACDDBEAE\nACECBCDABBB",
            "output": "6"
        },
        {
            "input": "DCCCC\nBACADCECA",
            "output": "3"
        },
        {
            "input": "ABEEEEDEABEA\nBCCDBDECD",
            "output": "4"
        },
        {
            "input": "CDCEEDDABADAB\nDEBCCBBDCAB",
            "output": "6"
        },
        {
            "input": "CEACAADCDEB\nBDDADCBDCC",
            "output": "4"
        },
        {
            "input": "ACCDBEAAEEDB\nCDBAAABDABADED",
            "output": "7"
        },
        {
            "input": "AEEEBDEBEDEAC\nEBBDAEEDDC",
            "output": "7"
        },
        {
            "input": "BBCADDCDC\nCBDBEABAB",
            "output": "3"
        },
        {
            "input": "EBCBCDCCDCB\nCCDCDCBEAC",
            "output": "7"
        },
        {
            "input": "CDBDECEEEE\nCDBCBA",
            "output": "4"
        },
        {
            "input": "CAEDEBADA\nDEECDD",
            "output": "3"
        },
        {
            "input": "CBACEDCEDACCD\nCAABDBBCCEAAAE",
            "output": "6"
        },
        {
            "input": "EBDECCDA\nAAAEEECD",
            "output": "4"
        },
        {
            "input": "DBDDADEAEDC\nAADDECBBEAEBAA",
            "output": "5"
        },
        {
            "input": "EBBEAEBAB\nAEAEAEE",
            "output": "4"
        },
        {
            "input": "DDECCABCD\nAAADCEADACDABEA",
            "output": "5"
        },
        {
            "input": "BDCDBADEEC\nEDBAACEADDE",
            "output": "5"
        },
        {
            "input": "AAEAACCCCDAC\nDCCBCCCDCADCCCC",
            "output": "7"
        },
        {
            "input": "BAADDECAEBEEBEC\nEBAEEBCADDBDAB",
            "output": "7"
        },
        {
            "input": "DBCAAACCDABAECB\nECDABCDCDAAA",
            "output": "7"
        },
        {
            "input": "BDBEBEEBBBCBA\nCBCBDEAE",
            "output": "4"
        },
        {
            "input": "DEEBD\nBBCAABD",
            "output": "2"
        },
        {
            "input": "CDAEBAD\nABCCEEA",
            "output": "3"
        },
        {
            "input": "AEBABBBCB\nCBCEAADAEAE",
            "output": "3"
        },
        {
            "input": "ACBEECBDDCDE\nAEABCDAABCBDEBD",
            "output": "7"
        },
        {
            "input": "CECABBAEE\nEEBDEDCAAEA",
            "output": "5"
        },
        {
            "input": "EBDADEAC\nEEEABBE",
            "output": "3"
        },
        {
            "input": "BAEAECAAB\nCBCEECACD",
            "output": "5"
        },
        {
            "input": "DCAAEDCAC\nCDACABA",
            "output": "4"
        },
        {
            "input": "ACBEACC\nBBCACE",
            "output": "3"
        },
        {
            "input": "DECBDBBEB\nCDCEBAEDBEE",
            "output": "6"
        },
        {
            "input": "DDCECBADABA\nDACDBB",
            "output": "4"
        },
        {
            "input": "ADCBDAEEEADEDC\nBEACEDAB",
            "output": "5"
        },
        {
            "input": "ADCCBDDBCA\nCAABE",
            "output": "2"
        },
        {
            "input": "CCCCDAACAAADCC\nAABCCCBBACCED",
            "output": "6"
        },
        {
            "input": "DEDAEAEEDCBDB\nEBCEBDAAEBCB",
            "output": "7"
        },
        {
            "input": "CADEEEE\nBACACADEAE",
            "output": "5"
        },
        {
            "input": "DCAEDDBBAEEEC\nADDBEECDDEBDED",
            "output": "7"
        },
        {
            "input": "CDBABBCEA\nADBED",
            "output": "3"
        },
        {
            "input": "DDEDBECDDEAD\nCBACECCADEB",
            "output": "5"
        },
        {
            "input": "BAEECBDACDD\nEACBCBCCDDCCCB",
            "output": "6"
        },
        {
            "input": "DEDBAACB\nADEEDBEEDA",
            "output": "5"
        },
        {
            "input": "ACCDDDBA\nCBABACCABCACA",
            "output": "5"
        },
        {
            "input": "CEEEEEADEACAEDB\nADACDABAEDA",
            "output": "7"
        },
        {
            "input": "BACCDBA\nEBCAE",
            "output": "3"
        },
        {
            "input": "CADADDBEDE\nDBBDA",
            "output": "3"
        },
        {
            "input": "CEBEEDD\nABBBDAAC",
            "output": "2"
        },
        {
            "input": "AEBECBD\nAAACDBAEBCDEEE",
            "output": "5"
        },
        {
            "input": "DCCAAABCEADA\nDECDEEEECCCCB",
            "output": "4"
        },
        {
            "input": "DBABDBBA\nEEDDEDCAAAEBC",
            "output": "3"
        },
        {
            "input": "CCADDDCEDEC\nDBDDAECCCBE",
            "output": "5"
        },
        {
            "input": "ACCEEABADEEBDBA\nEEBAEACCD",
            "output": "6"
        },
        {
            "input": "BDABBADEEADDAB\nAAEEB",
            "output": "5"
        },
        {
            "input": "CBDCEC\nCADBBDBAD",
            "output": "3"
        },
        {
            "input": "CECECECC\nACECAAADDEBDEC",
            "output": "6"
        },
        {
            "input": "EACBB\nACACDEDABAEAAB",
            "output": "4"
        },
        {
            "input": "DBCEBAAEAB\nBACBEADAADAAAB",
            "output": "7"
        },
        {
            "input": "EECCACECDEAE\nCDEDEEBBAEBBA",
            "output": "6"
        },
        {
            "input": "EBDEEDDD\nAABAEBCB",
            "output": "2"
        },
        {
            "input": "ACCDEBCED\nDDEAEACA",
            "output": "3"
        },
        {
            "input": "BCBADCCEECDBAD\nDEABEBC",
            "output": "4"
        },
        {
            "input": "DBBCCDBBBDEE\nCEEEDDEADCEECBB",
            "output": "5"
        },
        {
            "input": "BACBCAACB\nCEEDD",
            "output": "1"
        },
        {
            "input": "ECBECBCDEDAEE\nDEDEE",
            "output": "5"
        },
        {
            "input": "DCDAB\nEBBBC",
            "output": "1"
        },
        {
            "input": "DBACDDABABEE\nDEDEBCEDADDEDAE",
            "output": "7"
        },
        {
            "input": "DEADBEEA\nCBABBDECAEA",
            "output": "5"
        },
        {
            "input": "EDBACBDDCDD\nBCBCAEAEDCEAECC",
            "output": "5"
        },
        {
            "input": "AABBDAB\nCCAAEEADDBCD",
            "output": "4"
        },
        {
            "input": "CCCDECEDD\nCDABB",
            "output": "2"
        },
        {
            "input": "DABBEBBDDEE\nEEADADABAAECEB",
            "output": "5"
        },
        {
            "input": "DDCCC\nACBCCEE",
            "output": "3"
        },
        {
            "input": "CABBDABDDECDAC\nCEACEBEDD",
            "output": "5"
        },
        {
            "input": "ACCAECCEBDAA\nCEADBC",
            "output": "3"
        },
        {
            "input": "ECBBCDDBDCAEEE\nBEAABAEDBEAA",
            "output": "5"
        },
        {
            "input": "DEAEDADC\nECEBADE",
            "output": "4"
        },
        {
            "input": "BABEBAEADCCACAA\nCECBBBDEDEDE",
            "output": "5"
        },
        {
            "input": "EEADD\nDAEEDEC",
            "output": "3"
        },
        {
            "input": "CAADBCBBCAD\nEDCAA",
            "output": "3"
        },
        {
            "input": "CCBACDEBEBBAD\nDBBCCBCAE",
            "output": "5"
        },
        {
            "input": "BCDCBAADC\nACBCDAEBCEEA",
            "output": "5"
        },
        {
            "input": "BCABE\nBBABDDEE",
            "output": "4"
        },
        {
            "input": "CBCDBCBABB\nEAACC",
            "output": "2"
        },
        {
            "input": "EECDCDAACC\nEDDDDBDBCB",
            "output": "4"
        },
        {
            "input": "DDACCDDA\nBDECE",
            "output": "2"
        },
        {
            "input": "CACAAACAAD\nDBECACCDEDCDAAC",
            "output": "6"
        },
        {
            "input": "CCEBEBBABDCED\nEAEBD",
            "output": "4"
        },
        {
            "input": "EBECEBCD\nBCAEBDACE",
            "output": "5"
        },
        {
            "input": "CEBEDBA\nBAEAECE",
            "output": "3"
        },
        {
            "input": "DAEECEA\nDBCDAEAEA",
            "output": "5"
        },
        {
            "input": "DABEBE\nCBCEADEBCEA",
            "output": "4"
        },
        {
            "input": "CDECBA\nCBDBAABEBB",
            "output": "4"
        },
        {
            "input": "DDDEDEBDDDBEE\nEBBBAABB",
            "output": "3"
        },
        {
            "input": "BBEAEBEED\nCEDCACBECCBEBB",
            "output": "5"
        },
        {
            "input": "CCDDA\nCADDCECDEAABEE",
            "output": "4"
        },
        {
            "input": "EAACDAC\nBCCBCADDBDAABBE",
            "output": "3"
        },
        {
            "input": "AEBBDADEAECA\nAEEDDEDEEDBC",
            "output": "7"
        },
        {
            "input": "CADAEECDBB\nBACED",
            "output": "3"
        },
        {
            "input": "ABEADAEEDED\nCABEEEBBDDD",
            "output": "7"
        },
        {
            "input": "DAAEDCAEDBDEDEC\nBCAEBCEBA",
            "output": "5"
        },
        {
            "input": "DEBCCECA\nEEDDDCDBDB",
            "output": "3"
        },
        {
            "input": "BADAEAA\nEDBACAE",
            "output": "4"
        },
        {
            "input": "CDEDEBAEAA\nDECEEAABBCBDEAD",
            "output": "6"
        },
        {
            "input": "EBBCAEEECBEAEE\nAABDEDEEDEADA",
            "output": "6"
        },
        {
            "input": "AEABECEBBBACE\nEBCECBB",
            "output": "6"
        },
        {
            "input": "ABCBDDAAA\nADAEEDD",
            "output": "3"
        },
        {
            "input": "BEDCEBBCBCDBBBD\nDCDBCAABEADEAAE",
            "output": "6"
        },
        {
            "input": "CBDABAAAEDB\nCEDDDDADCAE",
            "output": "5"
        },
        {
            "input": "ADCED\nCCDAABBCCDA",
            "output": "3"
        },
        {
            "input": "EECCAEDBCC\nEDEEACBACBB",
            "output": "5"
        },
        {
            "input": "ACBADCDECDEAE\nDEBABEDABAA",
            "output": "5"
        },
        {
            "input": "DBDBEBEDDEAEBB\nBCBDCCCBCEEE",
            "output": "6"
        },
        {
            "input": "DBECBEEAE\nBDDBCCADDE",
            "output": "5"
        },
        {
            "input": "ACCEDDCDABBDEE\nBCABED",
            "output": "4"
        },
        {
            "input": "DDDCBCBECBDAAEB\nDDAECBCDECDC",
            "output": "8"
        },
        {
            "input": "EEEDECBDEE\nCEDAA",
            "output": "2"
        },
        {
            "input": "AEEEDEDBBDAAAD\nBDAABCCCB",
            "output": "4"
        },
        {
            "input": "EBCCEDBDADD\nDBEECDDEAD",
            "output": "6"
        },
        {
            "input": "BBBABBABABAD\nAEEABBBDDDEE",
            "output": "5"
        },
        {
            "input": "AEECC\nBBCDCCBBBC",
            "output": "2"
        },
        {
            "input": "EBEBECEADBD\nCCBAEDEBABD",
            "output": "6"
        },
        {
            "input": "EEAAC\nCBEABDADCBB",
            "output": "4"
        },
        {
            "input": "BECBBCEAABABCAB\nBEDEEBECABB",
            "output": "7"
        },
        {
            "input": "ADABCDBDECDBC\nEADBDCBAEBAAED",
            "output": "7"
        },
        {
            "input": "DCEDEDCEACAADBD\nEAAADBCEACEC",
            "output": "6"
        },
        {
            "input": "CCBEDBADBB\nAACADCABABDDB",
            "output": "6"
        },
        {
            "input": "CABBBEBACDA\nBDAEC",
            "output": "3"
        },
        {
            "input": "EBEAECEDDA\nECCEBB",
            "output": "3"
        },
        {
            "input": "ECEDACEEDC\nEABEBDA",
            "output": "4"
        },
        {
            "input": "DBECDBAABAE\nDDEECABCEED",
            "output": "6"
        },
        {
            "input": "DEAEBCECDDCDAE\nAEEEB",
            "output": "4"
        },
        {
            "input": "EADDEBCD\nDDDBBBBECBDB",
            "output": "5"
        },
        {
            "input": "ECAAA\nBBADABCBDBEEDCB",
            "output": "2"
        },
        {
            "input": "EEACACDCBBC\nDACEEDDADEEEAB",
            "output": "5"
        },
        {
            "input": "DCBBECBCDCD\nCBEEABEAD",
            "output": "5"
        },
        {
            "input": "ECACB\nCEBCEBBEADEEAE",
            "output": "3"
        },
        {
            "input": "DCCCAEBDCDBEC\nACDAECCD",
            "output": "5"
        },
        {
            "input": "ABBDECAEEEC\nBCCDBBCB",
            "output": "3"
        },
        {
            "input": "BDDCBBABEB\nBBEDDCD",
            "output": "4"
        },
        {
            "input": "BDCDEBECECBBECA\nEDEDBDDD",
            "output": "3"
        },
        {
            "input": "CBDAEABCBBABDBD\nEADEDABCABEA",
            "output": "7"
        },
        {
            "input": "BEEBBDBCECA\nCBDEBAEECC",
            "output": "5"
        },
        {
            "input": "BEDABA\nDDDBABBECCBDAAB",
            "output": "5"
        },
        {
            "input": "AAABBCACCEBDABC\nDEAEEDEDB",
            "output": "4"
        },
        {
            "input": "AEDDCAECEA\nADEBDBEBB",
            "output": "4"
        },
        {
            "input": "BADBCABBDDBED\nDEADABAACDCA",
            "output": "5"
        },
        {
            "input": "BCBEDACAE\nAEAAC",
            "output": "3"
        },
        {
            "input": "DBCAABCEDABBB\nEDBAAABA",
            "output": "6"
        },
        {
            "input": "CAECBEACCCBDCCA\nADDBDC",
            "output": "4"
        },
        {
            "input": "CAADECEEECC\nDEEAABD",
            "output": "3"
        },
        {
            "input": "CBCADDBBCE\nBDCCEBACC",
            "output": "4"
        },
        {
            "input": "DEDBCEDBBECED\nCBEABBDAD",
            "output": "5"
        },
        {
            "input": "BCEBDCEBCCCAA\nDCABADD",
            "output": "4"
        },
        {
            "input": "CACDADAAB\nDECDBB",
            "output": "3"
        },
        {
            "input": "CCDADDDADABDAA\nBDABBDBACACCDEB",
            "output": "6"
        },
        {
            "input": "BADCAADCDAABD\nADCDBAB",
            "output": "6"
        },
        {
            "input": "DAEBECC\nADDEDEBDADAB",
            "output": "3"
        },
        {
            "input": "BECDEBDDADC\nACABCADC",
            "output": "5"
        },
        {
            "input": "BBADCBCCACABDEB\nDACCBDDAAE",
            "output": "6"
        },
        {
            "input": "BEACDEEEB\nCABBEB",
            "output": "3"
        },
        {
            "input": "CEECDBDEBB\nCBEAEABCC",
            "output": "4"
        },
        {
            "input": "EBEBABCDEBAB\nEBBBBCEAAACBDE",
            "output": "8"
        },
        {
            "input": "DBBDEDEDDCAEBAA\nAACDADBEACCACE",
            "output": "6"
        },
        {
            "input": "BDBAEAE\nCEDCBABDA",
            "output": "4"
        },
        {
            "input": "BBBAEAEACBC\nBDBAD",
            "output": "3"
        },
        {
            "input": "ECBECBADEDAECCE\nACECBDECDEBBDC",
            "output": "9"
        },
        {
            "input": "BBBEABECEADBBC\nACABCEEEACD",
            "output": "6"
        },
        {
            "input": "ABECAAEDECAEBDA\nECCCCCAAEE",
            "output": "6"
        },
        {
            "input": "CAACEBDCC\nACCBAADBA",
            "output": "4"
        },
        {
            "input": "DDEECCAEBB\nBBECABBC",
            "output": "5"
        },
        {
            "input": "ABCDCDDABCAACD\nDEABBDBDBEC",
            "output": "6"
        },
        {
            "input": "AADCDBCCA\nBEACDBBE",
            "output": "4"
        },
        {
            "input": "CBACEDEDBB\nADBDEC",
            "output": "3"
        },
        {
            "input": "EEDAECC\nABBCDCADCCECCA",
            "output": "5"
        },
        {
            "input": "ADEBEE\nCDABABE",
            "output": "3"
        },
        {
            "input": "CDBEEEBDAABECCC\nCBACBDDDBDCDCDE",
            "output": "7"
        },
        {
            "input": "CACBCAACDAAA\nCEADCABCEDEDCC",
            "output": "6"
        },
        {
            "input": "DCADADECBEEC\nACAADEEEECEA",
            "output": "8"
        },
        {
            "input": "ECDACBCCCBCEEDC\nBDAAEBACBCBEC",
            "output": "8"
        },
        {
            "input": "BBEBEC\nEAABA",
            "output": "2"
        },
        {
            "input": "EEBEBCCECBEEDAC\nABCAACABAEDE",
            "output": "6"
        },
        {
            "input": "CDCBC\nDADEBABACEB",
            "output": "3"
        },
        {
            "input": "BBBCCCECCBEEA\nCBAEAC",
            "output": "4"
        },
        {
            "input": "BACEDE\nEDAACEAEEBCBCEA",
            "output": "4"
        },
        {
            "input": "CDDBB\nCBAACADD",
            "output": "3"
        },
        {
            "input": "ADDDCAEE\nADAAEDDDD",
            "output": "4"
        },
        {
            "input": "EEEDCEDCAEAABE\nAEBDA",
            "output": "3"
        },
        {
            "input": "EEBCBCC\nBAEACBDCAAEBCCC",
            "output": "6"
        },
        {
            "input": "AADDCAEECDC\nAAAAA",
            "output": "3"
        },
        {
            "input": "DACCBACEBC\nAECDABDABB",
            "output": "5"
        },
        {
            "input": "EBBCBDDEAADA\nDDBCBDDBBDA",
            "output": "7"
        },
        {
            "input": "DDEEEDDBAA\nADAABBAEBEEDBCD",
            "output": "6"
        },
        {
            "input": "CBDEAABCDA\nCDEDEBE",
            "output": "4"
        },
        {
            "input": "CAEBBCBABDA\nEBABDECDABEAAA",
            "output": "7"
        },
        {
            "input": "EBDCECABBECCAAA\nDCCBC",
            "output": "5"
        },
        {
            "input": "ECCBAEADEAADBEC\nCCCCAEDDBDA",
            "output": "7"
        },
        {
            "input": "DCEDBEAC\nCCDAAADCEEBCBAB",
            "output": "5"
        },
        {
            "input": "BECDEDDDCCEDAC\nDEBCBEB",
            "output": "4"
        },
        {
            "input": "ECEAEADDEEECCDC\nCCBABDBDAE",
            "output": "5"
        },
        {
            "input": "EBCADEEABEE\nABDAAEC",
            "output": "4"
        },
        {
            "input": "ACDABDDCDDC\nCBEBBEEEDAAABBE",
            "output": "4"
        },
        {
            "input": "CDDABEDCBBDCE\nEBBCCCCEBCADCB",
            "output": "5"
        },
        {
            "input": "BDCBCDECEECB\nEADADDB",
            "output": "3"
        },
        {
            "input": "BCBBAB\nAAEEACADEADD",
            "output": "2"
        },
        {
            "input": "AADEDE\nDDACDDBBDB",
            "output": "3"
        },
        {
            "input": "EAABDAEABEB\nCEDAD",
            "output": "3"
        },
        {
            "input": "ECBDAEDADBECDD\nECBCBDEAECADE",
            "output": "9"
        },
        {
            "input": "CCACECEBAB\nEDDEACECEEA",
            "output": "6"
        },
        {
            "input": "BCEDADEEDE\nACDDACBDC",
            "output": "4"
        },
        {
            "input": "DDEADD\nBBABDAABBAE",
            "output": "2"
        },
        {
            "input": "ADDBCECECDD\nADAAEDCBCBEEEE",
            "output": "7"
        },
        {
            "input": "DBDCBDABDAEECE\nEDBBBEDCDCCCAAC",
            "output": "8"
        },
        {
            "input": "DDEDDCBCADC\nEBADAEEBDCCCDE",
            "output": "6"
        },
        {
            "input": "BCACBCCDECECAB\nACDAAABBE",
            "output": "5"
        },
        {
            "input": "CDBBBADBD\nEDBCDAACEBE",
            "output": "4"
        },
        {
            "input": "BDEBADBCCCCEE\nEAAEDAAEAACE",
            "output": "5"
        },
        {
            "input": "DADBBB\nACCDEDACAAACAD",
            "output": "3"
        },
        {
            "input": "AABAECCEAA\nBDBDAACC",
            "output": "4"
        },
        {
            "input": "BDDCACE\nABDDABBA",
            "output": "4"
        },
        {
            "input": "DDBDEB\nAEDCACDADCBAEE",
            "output": "4"
        },
        {
            "input": "ECBCAB\nDAAEEDABAD",
            "output": "3"
        },
        {
            "input": "DECADCB\nCEACCEABAAA",
            "output": "4"
        },
        {
            "input": "AEBEEED\nDAEBA",
            "output": "3"
        },
        {
            "input": "ECDBEEBC\nECEBBEEBAAC",
            "output": "7"
        },
        {
            "input": "BCACECABCB\nADCABCACDABDA",
            "output": "6"
        },
        {
            "input": "AACBB\nDCCCAC",
            "output": "2"
        },
        {
            "input": "DADEEB\nECEACBCDBDBEDEC",
            "output": "4"
        },
        {
            "input": "AEEBBC\nABDCCCB",
            "output": "3"
        },
        {
            "input": "CEBBABDAACDBCEC\nDEDDCEE",
            "output": "5"
        },
        {
            "input": "EACECCCBECE\nBBADBEBCBAD",
            "output": "4"
        },
        {
            "input": "BACEBC\nBDEBD",
            "output": "3"
        },
        {
            "input": "AEDBDBBCCCEEDEA\nEEDECCAD",
            "output": "5"
        },
        {
            "input": "CEEBAC\nEBEBABAEACC",
            "output": "5"
        },
        {
            "input": "EAAADEDADCCC\nEBDDEEAEBEAEABB",
            "output": "5"
        },
        {
            "input": "ABACAECA\nAEABDD",
            "output": "3"
        },
        {
            "input": "EEDDDBAEBDCBE\nDDEEDBCBBDC",
            "output": "7"
        },
        {
            "input": "BDDDBEDDCCE\nECCACA",
            "output": "3"
        },
        {
            "input": "CCBAEEDCDDEC\nCABBBCAAD",
            "output": "4"
        },
        {
            "input": "CECCBEC\nACDBDC",
            "output": "3"
        },
        {
            "input": "EBDDECC\nDBEEDDCBA",
            "output": "4"
        },
        {
            "input": "CCDDDEAAADDB\nEBDEADCEAADBBDD",
            "output": "7"
        },
        {
            "input": "BCDDADAA\nCCCCDCDECDDDDDA",
            "output": "5"
        },
        {
            "input": "BDCBDCADCD\nBCBCEEAECACCAE",
            "output": "6"
        },
        {
            "input": "AEBEDED\nAEDECADAADCEAAA",
            "output": "5"
        },
        {
            "input": "BBDBBCCBDA\nDCDDDECBE",
            "output": "4"
        },
        {
            "input": "AABCBBDDABCDCE\nCCEAEADBCDACA",
            "output": "7"
        },
        {
            "input": "EDCDDACE\nDCDBBACEAED",
            "output": "6"
        },
        {
            "input": "EADCDA\nEBDBECDCA",
            "output": "5"
        },
        {
            "input": "BCACC\nCAADCC",
            "output": "4"
        },
        {
            "input": "EBDCBEEEBDAAA\nACBEBEABE",
            "output": "5"
        },
        {
            "input": "DEDCEDBAEA\nCABBABCCADDE",
            "output": "4"
        },
        {
            "input": "EAECBABB\nADCBEDDE",
            "output": "3"
        },
        {
            "input": "CECDEBAAC\nADCEEEDCBCACB",
            "output": "6"
        },
        {
            "input": "CBDEBBDBACCEEAB\nDBAEE",
            "output": "5"
        },
        {
            "input": "AECABAE\nCBADCCCEAADCADE",
            "output": "5"
        },
        {
            "input": "EBBEEACACAA\nAECBBB",
            "output": "3"
        },
        {
            "input": "BEDABCAEA\nBAECDBDADEBB",
            "output": "6"
        },
        {
            "input": "BBECD\nDEEBEEDDBCDAAA",
            "output": "4"
        },
        {
            "input": "DAEBEBDADECBDAC\nACCDE",
            "output": "3"
        },
        {
            "input": "CCBAAABD\nBBDEDADDDA",
            "output": "3"
        },
        {
            "input": "DCBBDDB\nCAAADACDDBDCBBC",
            "output": "5"
        },
        {
            "input": "CDCACCBE\nEEDEB",
            "output": "2"
        },
        {
            "input": "ECEBCAECC\nBEBAEDDCEAABDDB",
            "output": "5"
        },
        {
            "input": "DAAADACCCAEC\nABBCCADDAB",
            "output": "4"
        },
        {
            "input": "EBBAADD\nACEEECABCD",
            "output": "3"
        },
        {
            "input": "EACCECEDC\nEEDDCACEEA",
            "output": "5"
        },
        {
            "input": "EDCDADBDACCAAD\nABDACC",
            "output": "6"
        },
        {
            "input": "BCEACCAEAA\nBBEDAEDAA",
            "output": "6"
        },
        {
            "input": "ABAEE\nBBBCBEBAACAEEAB",
            "output": "4"
        },
        {
            "input": "CBDCDCDEAAAC\nEBACADECAC",
            "output": "6"
        },
        {
            "input": "DEEBCB\nCEAAECEAED",
            "output": "3"
        },
        {
            "input": "DABDCE\nEDBDEECCBA",
            "output": "4"
        },
        {
            "input": "CACCEDACEC\nDCABEDBCB",
            "output": "5"
        },
        {
            "input": "AEEECD\nAADEB",
            "output": "2"
        },
        {
            "input": "EABEE\nEAABADEBDE",
            "output": "5"
        },
        {
            "input": "ADDDCDBACAACCE\nDBBEBCEBADACAA",
            "output": "7"
        },
        {
            "input": "DDACEBEAABCBB\nEACBAECC",
            "output": "5"
        },
        {
            "input": "EDACDBAEC\nADBBECCDDCADC",
            "output": "5"
        },
        {
            "input": "EAACACB\nCACCEEEDD",
            "output": "3"
        },
        {
            "input": "ABDCEEBE\nDCEBD",
            "output": "4"
        },
        {
            "input": "ACEDBCAACDBD\nCBDCD",
            "output": "4"
        },
        {
            "input": "EDBEACCDBEBDCDC\nEEDCEACDBDDBBDE",
            "output": "9"
        },
        {
            "input": "ADAADEACEECAB\nCCCED",
            "output": "2"
        },
        {
            "input": "BDEBEBEABCA\nEDBBEABBAB",
            "output": "7"
        },
        {
            "input": "BDEDCEDACCB\nEEBEAEEDD",
            "output": "4"
        },
        {
            "input": "BAEAA\nCACEEBAEBDD",
            "output": "3"
        },
        {
            "input": "BECCCDAABCEEEAE\nCBBDDC",
            "output": "3"
        },
        {
            "input": "ACDCAEDEDBECBAD\nADCBEC",
            "output": "6"
        },
        {
            "input": "EBBEDBCAD\nCBBCCCCAE",
            "output": "4"
        },
        {
            "input": "BCCDDBAAEE\nCCDDCBCEACCB",
            "output": "6"
        },
        {
            "input": "BEEEBAEBECDC\nACCBD",
            "output": "3"
        },
        {
            "input": "CAEDACCEEC\nDAEEBABBBBE",
            "output": "4"
        },
        {
            "input": "ECDCBCEBADEC\nBABCCBCCBDEEBCA",
            "output": "8"
        },
        {
            "input": "ADCCDBBDDDEDBA\nACADEBDDBACB",
            "output": "8"
        },
        {
            "input": "DBCEBDAD\nCDDACDCCEEECDBA",
            "output": "5"
        },
        {
            "input": "DCDACBEBDB\nDDDAD",
            "output": "4"
        },
        {
            "input": "ACCBEAEB\nBDAEEDB",
            "output": "4"
        },
        {
            "input": "DBDABBCED\nDEAECEDBB",
            "output": "5"
        },
        {
            "input": "EAAECDEDBBEEBC\nDBABDDDABDBAAB",
            "output": "6"
        },
        {
            "input": "AEACEEA\nECAEAABAAABBAA",
            "output": "4"
        },
        {
            "input": "AEADBDECD\nBDACEDDBDCCD",
            "output": "7"
        },
        {
            "input": "EDBEBEABACCDB\nCECDABEEECC",
            "output": "7"
        },
        {
            "input": "EDEDDCBCBDDEAC\nEEADDAAAEAAEBCD",
            "output": "7"
        },
        {
            "input": "EAACCDEA\nEABEB",
            "output": "3"
        },
        {
            "input": "EEAAD\nBECDEADECCD",
            "output": "4"
        },
        {
            "input": "ACDCBECADACDBE\nBBBCEEDAC",
            "output": "5"
        },
        {
            "input": "DDAACBCB\nDDEEECEDDA",
            "output": "3"
        },
        {
            "input": "ADABDEADEAEECC\nCADEDEADD",
            "output": "6"
        },
        {
            "input": "EAEECEDABCED\nCDBDBBBAECE",
            "output": "5"
        },
        {
            "input": "CDDBDE\nAABDBBCBCAEAD",
            "output": "3"
        },
        {
            "input": "EDBBCDCECECE\nEDECEDACBECDBB",
            "output": "7"
        },
        {
            "input": "BECCDEBCCCB\nAACACEECEECDA",
            "output": "5"
        },
        {
            "input": "EDDABBBD\nBCEBEABD",
            "output": "4"
        },
        {
            "input": "CEBAADDAADEDE\nBDEBCE",
            "output": "4"
        },
        {
            "input": "ABADDCAD\nCADDDECCEDEB",
            "output": "5"
        },
        {
            "input": "DDBEBABCC\nACDEEABCAEDDDEC",
            "output": "6"
        },
        {
            "input": "CEBEBBBBECA\nCEABCDECDAC",
            "output": "6"
        },
        {
            "input": "EDCDECBBDACEDEA\nEDDDBBBECDDEA",
            "output": "9"
        },
        {
            "input": "BECBCEBBC\nEAACEBB",
            "output": "5"
        },
        {
            "input": "AADAEBEACBBACBD\nDABCEC",
            "output": "5"
        },
        {
            "input": "AEBCCBEDCADABC\nBBDEDAEEAC",
            "output": "7"
        },
        {
            "input": "ADBECCAB\nAAADBBADAADCDEB",
            "output": "5"
        },
        {
            "input": "BEBECC\nEBACEDDE",
            "output": "3"
        },
        {
            "input": "EEEABDDE\nEAEAE",
            "output": "4"
        },
        {
            "input": "DABDCCDAA\nDAAACCBBCCA",
            "output": "6"
        },
        {
            "input": "DEABE\nCBABD",
            "output": "2"
        },
        {
            "input": "DDECCB\nDBADAACB",
            "output": "4"
        },
        {
            "input": "ABBECBDBDCDCEB\nEDDDEADDEADCAC",
            "output": "5"
        },
        {
            "input": "AAECEBCD\nBDEEECADDB",
            "output": "4"
        },
        {
            "input": "ABBEAECBEDACB\nECCCEEACDA",
            "output": "5"
        },
        {
            "input": "BBCDEEDEBBCBCBC\nBAAAC",
            "output": "2"
        },
        {
            "input": "BDDBEBEACBAABED\nEBBCCEBEEBCBB",
            "output": "8"
        },
        {
            "input": "EACBC\nCADCBC",
            "output": "4"
        },
        {
            "input": "BDCAEBE\nBDECCECDCE",
            "output": "5"
        },
        {
            "input": "EEDDEEACCBAE\nBDBAABCA",
            "output": "4"
        },
        {
            "input": "DCAACB\nEABDCDCCBCAA",
            "output": "4"
        },
        {
            "input": "AEAACBA\nCEAEDC",
            "output": "3"
        },
        {
            "input": "DAEEBCBC\nECCDBE",
            "output": "3"
        },
        {
            "input": "BDCBDA\nEEDEDBDDDAEECD",
            "output": "4"
        },
        {
            "input": "BBADB\nDACCCDBAB",
            "output": "3"
        },
        {
            "input": "EBECBBACA\nCCCEC",
            "output": "2"
        },
        {
            "input": "EDBEEDADCCEB\nBBEBABEBDACEC",
            "output": "7"
        },
        {
            "input": "BCECACEBEB\nBBCABEAAD",
            "output": "5"
        },
        {
            "input": "ABAABCCCCBE\nEEDEDDCA",
            "output": "1"
        },
        {
            "input": "DCBCBCDAEEAACA\nADAAB",
            "output": "3"
        },
        {
            "input": "ECABECCEB\nECACABACA",
            "output": "5"
        },
        {
            "input": "ACEAACDBDD\nCBEEEAEBBBCABCC",
            "output": "5"
        },
        {
            "input": "BCBCEBEECAE\nBBBDDDDEAE",
            "output": "6"
        },
        {
            "input": "AAEBBEAECCE\nEEDEDD",
            "output": "3"
        },
        {
            "input": "CBBEAADCDECB\nDCCBEADBECAD",
            "output": "7"
        },
        {
            "input": "ECCBCEECAAEBB\nCCCECCB",
            "output": "6"
        },
        {
            "input": "BEACEE\nCBAAD",
            "output": "2"
        },
        {
            "input": "CBAADEB\nCEDADB",
            "output": "4"
        },
        {
            "input": "BBDEC\nBDDBA",
            "output": "2"
        },
        {
            "input": "ECAEEBCA\nABBCEAAEABAA",
            "output": "5"
        },
        {
            "input": "BDABDCECB\nACCDBEECC",
            "output": "4"
        },
        {
            "input": "EBDCCD\nBEEBABBDB",
            "output": "3"
        },
        {
            "input": "ADACEAEDDABE\nCEBDBEB",
            "output": "5"
        },
        {
            "input": "CABEEADDCE\nAACEBAACEBB",
            "output": "5"
        },
        {
            "input": "EBDDBEDD\nCBABECAD",
            "output": "4"
        },
        {
            "input": "DEEAA\nBCDABAEDAAEDEDD",
            "output": "4"
        },
        {
            "input": "DEBCADA\nDABDBCE",
            "output": "3"
        },
        {
            "input": "BECAEAADBDDEDC\nBEEAEEBCDE",
            "output": "7"
        },
        {
            "input": "DDEBEDEAAADBD\nEEABD",
            "output": "5"
        },
        {
            "input": "BADBEDDDDCDCA\nDACEAEDDCDAA",
            "output": "7"
        },
        {
            "input": "AABCDECEC\nACAABEED",
            "output": "5"
        },
        {
            "input": "BECDAE\nBDECCDDE",
            "output": "5"
        },
        {
            "input": "AEECBE\nACDECB",
            "output": "4"
        },
        {
            "input": "DEBEBBABEB\nEECDDAD",
            "output": "3"
        },
        {
            "input": "DABEDBCBBBD\nEADABBDBE",
            "output": "5"
        },
        {
            "input": "CBCABBCEACADBDD\nDDCCB",
            "output": "3"
        },
        {
            "input": "DEEAECCC\nBBADDCCCDDDE",
            "output": "4"
        },
        {
            "input": "DDDABEADA\nCCCBCCCCAEC",
            "output": "2"
        },
        {
            "input": "CDACCEACEECE\nEDCABBAC",
            "output": "4"
        },
        {
            "input": "EBECCBDEBA\nAAAEDCBEDEC",
            "output": "5"
        },
        {
            "input": "BBECACECCAACBAC\nDDBAEBEAACDEBAD",
            "output": "8"
        },
        {
            "input": "CEEBDDB\nBDCCBC",
            "output": "3"
        },
        {
            "input": "DCDABDCECDCEEC\nCCCCC",
            "output": "5"
        },
        {
            "input": "DCEDBBABBB\nEDBEEDDBDBD",
            "output": "5"
        },
        {
            "input": "ADDCDCC\nBBECDADEEDACE",
            "output": "4"
        },
        {
            "input": "ECCCAC\nDEADD",
            "output": "2"
        },
        {
            "input": "DABDBBBBACBEA\nCAACBECDBBEEA",
            "output": "7"
        },
        {
            "input": "DCCAAAEBDBDCBAA\nAACCBD",
            "output": "4"
        },
        {
            "input": "EAABDC\nBCECDEDA",
            "output": "2"
        },
        {
            "input": "CECDEDCEEBB\nACABBADECADCDC",
            "output": "6"
        },
        {
            "input": "BDDEBBAA\nCDDBCAED",
            "output": "4"
        },
        {
            "input": "DDEEBBDDAACECD\nCEBADEDCEDE",
            "output": "7"
        },
        {
            "input": "BBAEAA\nCBAEDBCCABDAECA",
            "output": "5"
        },
        {
            "input": "BAEECDE\nEBACBDEDDEBA",
            "output": "5"
        },
        {
            "input": "DDCACECB\nEBCCCB",
            "output": "4"
        },
        {
            "input": "BBACADDDEDEDA\nABEADCA",
            "output": "4"
        },
        {
            "input": "ECAABDCCCAADA\nECBACAACB",
            "output": "6"
        },
        {
            "input": "CEEEAADACAECC\nDBEECCAD",
            "output": "4"
        },
        {
            "input": "ECDDDEAABBAABAE\nDAADBADDADBDDD",
            "output": "7"
        },
        {
            "input": "BCCEBDACCCAEE\nEDACBBBC",
            "output": "5"
        },
        {
            "input": "CABDBABBEABE\nAACEECABAB",
            "output": "5"
        },
        {
            "input": "EECEDCAEBC\nDEACDBCADEDEB",
            "output": "7"
        },
        {
            "input": "BEDDDCAAECCDA\nEAEEBAAEC",
            "output": "5"
        },
        {
            "input": "BECCCCADEDCDDAB\nEAEEDAEA",
            "output": "5"
        },
        {
            "input": "CACAAADD\nCDEEAA",
            "output": "3"
        },
        {
            "input": "CDECADDB\nCADDEEAACDDDDA",
            "output": "6"
        },
        {
            "input": "BCCDBBCA\nAEDCDACEB",
            "output": "3"
        },
        {
            "input": "CEEAECAABE\nEBADCCEDDBCBE",
            "output": "6"
        },
        {
            "input": "DBCCCACDDEBBE\nDBADDCDE",
            "output": "6"
        },
        {
            "input": "ECEBDDCEAEBE\nDDEBBCDEDEEADBB",
            "output": "7"
        },
        {
            "input": "DABDBDCBBCB\nDAABCCAECBEEBB",
            "output": "7"
        },
        {
            "input": "BAADCCC\nCAACA",
            "output": "3"
        },
        {
            "input": "CACEADDDCAEDABD\nACBBBBAACEDBCAC",
            "output": "7"
        },
        {
            "input": "AECBBEC\nADCBBAAB",
            "output": "4"
        },
        {
            "input": "BBEBED\nAAEECDDCE",
            "output": "3"
        },
        {
            "input": "BDDEBABBD\nBBAAAAEEEEA",
            "output": "3"
        },
        {
            "input": "CACECCA\nBBDEDBBCCADBCD",
            "output": "4"
        },
        {
            "input": "EBBBBADCBEEDDA\nEDBDCEEBEC",
            "output": "6"
        },
        {
            "input": "BCCBAEDBACCCBBA\nEEBABADEDBCACCD",
            "output": "9"
        },
        {
            "input": "DACCACDB\nBEBDDAAEAD",
            "output": "4"
        },
        {
            "input": "BAEECEDCC\nDADEDBABACE",
            "output": "4"
        },
        {
            "input": "ABCBCDE\nEABCCEEEBCEDD",
            "output": "6"
        },
        {
            "input": "ABBCEEBEBEDADCC\nDDEEAEECECDE",
            "output": "6"
        },
        {
            "input": "BEBBDAD\nCBACCAB",
            "output": "2"
        },
        {
            "input": "ECEADA\nDDDCCBADAD",
            "output": "4"
        },
        {
            "input": "DCAABDBA\nBCCDDEB",
            "output": "3"
        },
        {
            "input": "DEDAAECCCCEDC\nDDEED",
            "output": "5"
        },
        {
            "input": "ACAECCCBE\nBBCBDCCEBBC",
            "output": "4"
        },
        {
            "input": "ECECDCD\nAABCBEBDC",
            "output": "4"
        },
        {
            "input": "ECCDBDABCDBCB\nBEACCC",
            "output": "4"
        },
        {
            "input": "EEBCEEBBACEBC\nBDDDCBDAEACBE",
            "output": "6"
        },
        {
            "input": "CDABA\nAABCAAACBCC",
            "output": "3"
        },
        {
            "input": "CCABDB\nEEBADBBEA",
            "output": "3"
        },
        {
            "input": "BDBAE\nCBCDEABDABEB",
            "output": "5"
        },
        {
            "input": "CCDDEBBD\nBECBCEECBCAEAB",
            "output": "5"
        },
        {
            "input": "CDCBCCC\nADCAC",
            "output": "3"
        },
        {
            "input": "AEEDBEAECBCEA\nDEBCBDCCEABB",
            "output": "7"
        },
        {
            "input": "ADBEBBCD\nEEABEADADC",
            "output": "4"
        },
        {
            "input": "BABBECCEEADBE\nAEAECC",
            "output": "4"
        },
        {
            "input": "AAACCDBABACEC\nDDDAA",
            "output": "3"
        },
        {
            "input": "DEDBBDE\nABCEBBAAEDAA",
            "output": "4"
        },
        {
            "input": "DDEBCAAA\nCACBABBAC",
            "output": "4"
        },
        {
            "input": "CBAACDBADBDDB\nCEDBEDDABEEC",
            "output": "6"
        },
        {
            "input": "ACCCECABCB\nDACEAAABDADDC",
            "output": "6"
        },
        {
            "input": "EEAECDCCDDECC\nBABBA",
            "output": "1"
        },
        {
            "input": "ACDCDEDCCDB\nCAECBCDEADBC",
            "output": "7"
        },
        {
            "input": "EABECD\nAAECAEBCBDCBC",
            "output": "5"
        },
        {
            "input": "AABCDDCEC\nDACDECEAEEAAC",
            "output": "6"
        },
        {
            "input": "BCDBCBECABAEC\nCEEAADAEA",
            "output": "5"
        },
        {
            "input": "DBCBADDBDD\nBCCDBCDCBACDC",
            "output": "6"
        },
        {
            "input": "ABCEBB\nBABBC",
            "output": "3"
        },
        {
            "input": "BBAEDBA\nADECADADBACC",
            "output": "5"
        },
        {
            "input": "ABEBBEBA\nADECBCDABBDE",
            "output": "5"
        },
        {
            "input": "AACCBEAEACEADD\nEDCDEE",
            "output": "3"
        },
        {
            "input": "CCCCBCBEDCBABEB\nAAAAACBD",
            "output": "3"
        },
        {
            "input": "DDBCADBCEC\nDEBCDCDDCEDBCBE",
            "output": "7"
        },
        {
            "input": "CCDBACACDCCBED\nCDDDDACBE",
            "output": "6"
        },
        {
            "input": "CEBECCDCCDBBAAA\nCDBADABDBDD",
            "output": "5"
        },
        {
            "input": "ADAAECCE\nCBDADC",
            "output": "3"
        },
        {
            "input": "BCCBBE\nDDBBBBECEDD",
            "output": "4"
        },
        {
            "input": "ABCEABCABADAD\nDEADAEAB",
            "output": "4"
        },
        {
            "input": "CEEEEBBC\nDCBAABDDB",
            "output": "3"
        },
        {
            "input": "BCEDDEDADBBACED\nBABDEDB",
            "output": "5"
        },
        {
            "input": "ABDBDEDEABCCBA\nBEEAEDAA",
            "output": "5"
        },
        {
            "input": "AABDC\nCDDDCEDABCA",
            "output": "3"
        },
        {
            "input": "BBDAA\nBDEDBABEDB",
            "output": "3"
        },
        {
            "input": "EBBEE\nABDCEACAEC",
            "output": "3"
        },
        {
            "input": "CEABDC\nBDDDDABCAC",
            "output": "3"
        },
        {
            "input": "BDACEC\nCEAECC",
            "output": "3"
        },
        {
            "input": "DDCCA\nDCDEAEDEDBB",
            "output": "3"
        },
        {
            "input": "CACEBEDEDABA\nDCCABDCAEDA",
            "output": "7"
        },
        {
            "input": "AEABEDBA\nEDDCA",
            "output": "3"
        },
        {
            "input": "BAEEEBDC\nBCDDBEDADEBCC",
            "output": "5"
        },
        {
            "input": "CCBAEBEDA\nBBEAAEBDDCC",
            "output": "5"
        },
        {
            "input": "ABEBBB\nEBEBEABEE",
            "output": "4"
        },
        {
            "input": "EAEDABDEC\nAECCA",
            "output": "3"
        },
        {
            "input": "CECCDBAB\nDBCEABDDEDAABBA",
            "output": "5"
        },
        {
            "input": "CAAECABBC\nDBDEBBBBDBBB",
            "output": "3"
        },
        {
            "input": "EADDA\nEDBCEBECDECEB",
            "output": "3"
        },
        {
            "input": "AEEAABDADCBDBD\nACBBDEDCEBDC",
            "output": "7"
        },
        {
            "input": "AABCECABEB\nCADEEEBC",
            "output": "4"
        },
        {
            "input": "CDACADC\nEEDCADBE",
            "output": "4"
        },
        {
            "input": "DCAAADAA\nCBEAAECAAADBB",
            "output": "6"
        },
        {
            "input": "EBEABCACDCBA\nBBBEDCACBAAAA",
            "output": "7"
        },
        {
            "input": "ACCDBBCCCCCCA\nBDDBD",
            "output": "2"
        },
        {
            "input": "BBBCDCBCDDC\nCAEBBEBADDA",
            "output": "5"
        },
        {
            "input": "EAECE\nEBAAADB",
            "output": "2"
        },
        {
            "input": "CBBBCDAABCDBA\nBABADCBEDBA",
            "output": "7"
        },
        {
            "input": "DEEBBDCDEDBADBC\nAAEEECAACBEDE",
            "output": "5"
        },
        {
            "input": "CECADC\nDADDDE",
            "output": "2"
        },
        {
            "input": "BDDAADD\nCDECDABCABBBA",
            "output": "4"
        },
        {
            "input": "BBBCBEECEC\nAEBCEBAADDD",
            "output": "3"
        },
        {
            "input": "CCCEAEABCDDE\nEABCE",
            "output": "5"
        },
        {
            "input": "DEAEDDACECEEDD\nBEDBEBBCEDEAEA",
            "output": "6"
        },
        {
            "input": "EACBDDDD\nDEEADBEEAACB",
            "output": "4"
        },
        {
            "input": "EDEDADDDEEDC\nBCECCDAA",
            "output": "3"
        },
        {
            "input": "ADBAE\nCBAEEDCEDCDE",
            "output": "3"
        },
        {
            "input": "CEEACCED\nCEBCAEDDABAE",
            "output": "5"
        },
        {
            "input": "DACECAAEDEBCDB\nAADEABDECDABAE",
            "output": "8"
        },
        {
            "input": "AABCEAECACAEE\nBADDCBAAECCDA",
            "output": "7"
        },
        {
            "input": "EAEDDEDEAE\nADCDEBBD",
            "output": "5"
        },
        {
            "input": "BBACD\nBDBEEDBDDBB",
            "output": "3"
        },
        {
            "input": "BBCDAA\nCADCDEEE",
            "output": "2"
        },
        {
            "input": "CDDADDEDECDAB\nDEAAAED",
            "output": "4"
        },
        {
            "input": "ABDECAAAAAACBE\nEDECBA",
            "output": "4"
        },
        {
            "input": "DEAAEBACADEDCAD\nDCCACCBD",
            "output": "5"
        },
        {
            "input": "DDBADB\nBCBADCDAAE",
            "output": "3"
        },
        {
            "input": "ACBEEEDE\nBDACACEEEBEB",
            "output": "6"
        },
        {
            "input": "ADCABACDE\nABDDBABCDDBCEC",
            "output": "7"
        },
        {
            "input": "CAECDBB\nABBDCDBBD",
            "output": "5"
        },
        {
            "input": "CBCBECDEBACEDB\nCCCABBD",
            "output": "5"
        },
        {
            "input": "ECCEDECADCACAC\nBCCCD",
            "output": "4"
        },
        {
            "input": "ACBBEA\nBAADDDCDDAEEEEA",
            "output": "4"
        },
        {
            "input": "BACDCAC\nBEEABCADBEA",
            "output": "5"
        },
        {
            "input": "DDEECCDBEEABED\nBDBCD",
            "output": "3"
        },
        {
            "input": "CACCCDDB\nDEEEDDBBAEECE",
            "output": "3"
        },
        {
            "input": "CADECDCE\nDADCACDDBDCECB",
            "output": "6"
        },
        {
            "input": "BAABAEEA\nBDEBBCCCDDBCAC",
            "output": "3"
        },
        {
            "input": "EDEDBCCEDA\nCABBCDDE",
            "output": "3"
        },
        {
            "input": "CDEDCBACCDCE\nADCBADDCAEB",
            "output": "7"
        },
        {
            "input": "CAEDC\nECCCBD",
            "output": "2"
        },
        {
            "input": "BBBABCBBBCDADEA\nDAABBCED",
            "output": "5"
        },
        {
            "input": "BDCADCEBA\nDBBBEBDAEEAEBB",
            "output": "5"
        },
        {
            "input": "AEDDCDAD\nBDCCA",
            "output": "3"
        },
        {
            "input": "EDEEDDBABBB\nEADBECCDBA",
            "output": "6"
        },
        {
            "input": "EEDEBABAC\nDEBDEAEDECBE",
            "output": "5"
        },
        {
            "input": "AACECCDD\nCEBCAEEDE",
            "output": "4"
        },
        {
            "input": "DCEBE\nDCBDCDEBBE",
            "output": "5"
        },
        {
            "input": "AAEBADCDBC\nEABEBDDDAE",
            "output": "5"
        },
        {
            "input": "EEDECAEBA\nDCABDCDEEBCB",
            "output": "5"
        },
        {
            "input": "BBCBCBEAEBBAEA\nAEDAEACD",
            "output": "5"
        },
        {
            "input": "DEABBDD\nBBCBBABCEBBCE",
            "output": "3"
        },
        {
            "input": "EBDDDE\nCAEDBCACBCACAC",
            "output": "2"
        },
        {
            "input": "BDBECB\nBDCCCD",
            "output": "3"
        },
        {
            "input": "ECDEAA\nDDEBBEEEBADABD",
            "output": "4"
        },
        {
            "input": "AEDADBACE\nAEDABCCBEAEE",
            "output": "7"
        },
        {
            "input": "DDBEACEBDC\nDCDBEBECECBA",
            "output": "7"
        },
        {
            "input": "ADADADDA\nBAADDABCED",
            "output": "5"
        },
        {
            "input": "CDBEACEDEEEEA\nBDDBBAADCDCBD",
            "output": "5"
        },
        {
            "input": "AEBAEBECCBAB\nDCBDAAA",
            "output": "3"
        },
        {
            "input": "ECCDEADCDDDA\nBCDACCBEBB",
            "output": "4"
        },
        {
            "input": "DACCEE\nCCACBBBEBDDDAE",
            "output": "4"
        },
        {
            "input": "BCDADBABCACAEDA\nDEEEEEDECAB",
            "output": "4"
        },
        {
            "input": "DCBBCECC\nAAADEACC",
            "output": "4"
        },
        {
            "input": "AAEDAC\nAECCBBD",
            "output": "3"
        },
        {
            "input": "DEBACBEABBE\nBAAAEDBEAC",
            "output": "5"
        },
        {
            "input": "DCADBAAEEACD\nDBEACADEABEC",
            "output": "7"
        },
        {
            "input": "DAEBEBCBEDAEC\nBDBDBDDBD",
            "output": "5"
        },
        {
            "input": "DDEDCECB\nCBEACBA",
            "output": "4"
        },
        {
            "input": "CAACDDEDAECBB\nBCABBBABC",
            "output": "4"
        },
        {
            "input": "EBDACCAED\nCBAEBD",
            "output": "4"
        },
        {
            "input": "CACBA\nDEBDEEDEAEB",
            "output": "2"
        },
        {
            "input": "ADCCCABBAB\nECDADDC",
            "output": "3"
        },
        {
            "input": "BDDEDDAEBCCB\nBCDBDAABDBBB",
            "output": "6"
        },
        {
            "input": "AEBCCAAEAC\nDADECAEEC",
            "output": "6"
        },
        {
            "input": "BEAEDBDEADBA\nBCACC",
            "output": "2"
        },
        {
            "input": "DDCBAE\nCDBCDBE",
            "output": "4"
        },
        {
            "input": "CDBEDCAEAAD\nEEADABCAEDAAE",
            "output": "7"
        },
        {
            "input": "ABDDBABCACDC\nBECEAEDEEBBBCB",
            "output": "5"
        },
        {
            "input": "DAAAEBDCDDDB\nDDDDCAEBAEA",
            "output": "5"
        },
        {
            "input": "CCCADB\nBACCDD",
            "output": "3"
        },
        {
            "input": "DBDCCA\nCEBDECDBDCAAB",
            "output": "5"
        },
        {
            "input": "BACABDDE\nAEBECBCECC",
            "output": "4"
        },
        {
            "input": "EDDEDEDBBACDCCE\nEDDABCBEBAACEB",
            "output": "8"
        },
        {
            "input": "ADACCBECE\nBAAABAEBAA",
            "output": "4"
        },
        {
            "input": "CDBCBA\nBCDDCACDAEAA",
            "output": "4"
        },
        {
            "input": "CBCCABBADAAEA\nCAECBAEDCBCCCCC",
            "output": "5"
        },
        {
            "input": "EABDBEAAA\nBDDAAEBCDBAEBBB",
            "output": "5"
        },
        {
            "input": "CCBAABC\nCBCADABEB",
            "output": "5"
        },
        {
            "input": "BAEBEE\nCBDCADEEDBEAACC",
            "output": "5"
        },
        {
            "input": "BBCBCDCCAB\nAEBABD",
            "output": "3"
        },
        {
            "input": "AEABCDCBAADC\nEEDBABDADD",
            "output": "6"
        },
        {
            "input": "DDEECC\nADABECEADECE",
            "output": "4"
        },
        {
            "input": "CDBEACBDD\nCBDABEEDAACBCA",
            "output": "7"
        },
        {
            "input": "CBBCBDAAAEBDEEB\nABADABE",
            "output": "5"
        },
        {
            "input": "ADDEACABDACECEE\nCECECEAEDDBB",
            "output": "6"
        },
        {
            "input": "CBBDDE\nACEDABBCCCCCD",
            "output": "4"
        },
        {
            "input": "AACACAEA\nECEAACEACBA",
            "output": "6"
        },
        {
            "input": "EBACBECEDEAEC\nAEDEDDBDBAD",
            "output": "5"
        }
    ]
}