{
    "id": "majority_element",
    "title": "Majority Element",
    "description": "Given an array of size N, find the majority element. The majority element is the element that appears more than floor(N/2) times. Assume that the majority element always exists in the array.",
    "input_format": "Space-separated integers representing the array elements.",
    "output_format": "The majority element.",
    "constraints": {
        "N": "1 <= N <= 1000",
        "element": "-10^9 <= element <= 10^9"
    },
    "judge_mode": "FIRST_FAIL",
    "time_limit": 1,
    "sample_test_cases": [
        {
            "input": "3 2 3",
            "output": "3"
        },
        {
            "input": "2 2 1 1 1 2 2",
            "output": "2"
        }
    ],
    "hidden_test_cases": [
        {
            "input": "70 70 70 23 41 70 70 39 82 1 72 70 58 70 70",
            "output": "70"
        },
        {
            "input": "23 9 30 97 23 23 23 96 23 21 23 23",
            "output": "23"
        },
        {
            "input": "43 36 26 63 63 63 63 63 63 99 63 78",
            "output": "63"
        },
        {
            "input": "5 5 5 72 5 5 94 56",
            "output": "5"
        },
        {
            "input": "18 18 26",
            "output": "18"
        },
        {
            "input": "71 53 53 36 53 53 53 16",
            "output": "53"
        },
        {
            "input": "29 29 99 29 29 29 29 66 29 39 87 71",
            "output": "29"
        },
        {
            "input": "77 53 60 74 74 74 53 74 74 74 74 60 74 81",
            "output": "74"
        },
        {
            "input": "16 93 16 68 16 16 17",
            "output": "16"
        },
        {
            "input": "54 54 58 62 54 54 54 73 54 66 54 94 54 22",
            "output": "54"
        },
        {
            "input": "39 39 39 86 39 77 1 39 39 46 41 39 39 4 54",
            "output": "39"
        },
        {
            "input": "25 88 68 77 87 77 77 77 77 14 77 77",
            "output": "77"
        },
        {
            "input": "78 78 75",
            "output": "78"
        },
        {
            "input": "77 51 77 32 68 77 77 77 77 77 81 57",
            "output": "77"
        },
        {
            "input": "9 64 9 9 58 27 9 9",
            "output": "9"
        },
        {
            "input": "96 83 10 1 83 22 38 49 83 83 83 83 83 83",
            "output": "83"
        },
        {
            "input": "9 9 92",
            "output": "9"
        },
        {
            "input": "4 4 4 40",
            "output": "4"
        },
        {
            "input": "53 53 80",
            "output": "53"
        },
        {
            "input": "55 55 55 55 83 55 55 77 71 60",
            "output": "55"
        },
        {
            "input": "34 34 34 91 29 34",
            "output": "34"
        },
        {
            "input": "61 41 53 53 53 98 53 53 3 22 53 53 14 53",
            "output": "53"
        },
        {
            "input": "75 47 37 47 47 47 31 47 100 47 47 15 16 47",
            "output": "47"
        },
        {
            "input": "90 41 90 90 90 12 75 45 90 90 12",
            "output": "90"
        },
        {
            "input": "33 74 33 33 33 33 88 33 28 31 73 33",
            "output": "33"
        },
        {
            "input": "64 93 23 93 93 74 48 93 93 93 78 93",
            "output": "93"
        },
        {
            "input": "83 36 83 83 83 17 94",
            "output": "83"
        },
        {
            "input": "81 36 36 36 66 36 36 61 80",
            "output": "36"
        },
        {
            "input": "4 68 68 68",
            "output": "68"
        },
        {
            "input": "21 45 48 45 45 45 48 9 45 54 100 45 45",
            "output": "45"
        },
        {
            "input": "3 37 3 3 71 87 3 21 3",
            "output": "3"
        },
        {
            "input": "65 65 60 89 65 98 65 48 65",
            "output": "65"
        },
        {
            "input": "5 42 5 80 5 5 5 79 14 5 5 80",
            "output": "5"
        },
        {
            "input": "7 69 69",
            "output": "69"
        },
        {
            "input": "64 74 89 47 47 47 45 1 47 42 47 47 47 47 96",
            "output": "47"
        },
        {
            "input": "35 35 31 35 35 30 19 84 35 13 35 35 35 89",
            "output": "35"
        },
        {
            "input": "91 5 5 5 5 5 98 5 28 24 5 92 39",
            "output": "5"
        },
        {
            "input": "96 96 79 22 96 96 29 45 96",
            "output": "96"
        },
        {
            "input": "7 7 1",
            "output": "7"
        },
        {
            "input": "12 60 12 90 45 12 12 86 12 12 6 12 12 74",
            "output": "12"
        },
        {
            "input": "12 78 78 32 78 78 64 78 78 30 37",
            "output": "78"
        },
        {
            "input": "40 36 74 14 36 36 36 11 36 36 36 97 36 70",
            "output": "36"
        },
        {
            "input": "10 29 64 64 64 64 64 51 87 64 44",
            "output": "64"
        },
        {
            "input": "18 18 18 12",
            "output": "18"
        },
        {
            "input": "14 14 27 76 84 14 85 14 14 14",
            "output": "14"
        },
        {
            "input": "36 36 36 10 36 18 36 51 36 99",
            "output": "36"
        },
        {
            "input": "82 68 82 82 82 47",
            "output": "82"
        },
        {
            "input": "15 15 88 15 14 15 77 86 15 76 15",
            "output": "15"
        },
        {
            "input": "29 41 29 15 15 63 84 15 15 15 15 15 91",
            "output": "15"
        },
        {
            "input": "35 98 88 88 35 88 88 88 23 88 88 37 46",
            "output": "88"
        },
        {
            "input": "26 47 2 26 26",
            "output": "26"
        },
        {
            "input": "70 11 70 70 70 70 44 94 70 70 80 66 94 70 27",
            "output": "70"
        },
        {
            "input": "78 31 56 12 31 31 31 31 31",
            "output": "31"
        },
        {
            "input": "53 26 19 19 2 19 19",
            "output": "19"
        },
        {
            "input": "3 89 60 3 37 3 3 3 3 85",
            "output": "3"
        },
        {
            "input": "81 81 81 81 96 98",
            "output": "81"
        },
        {
            "input": "99 54 51 99 99 65 99 99 99 99 67 88",
            "output": "99"
        },
        {
            "input": "20 38 30 20 20",
            "output": "20"
        },
        {
            "input": "88 54 54",
            "output": "54"
        },
        {
            "input": "8 2 13 13 13",
            "output": "13"
        },
        {
            "input": "48 81 48 72 95 48 48",
            "output": "48"
        },
        {
            "input": "22 28 22 22",
            "output": "22"
        },
        {
            "input": "52 89 12 52 34 53 18 52 52 52 52",
            "output": "52"
        },
        {
            "input": "60 5 53 60 3 1 60 60 60",
            "output": "60"
        },
        {
            "input": "5 44 5 42 5 83 5 5",
            "output": "5"
        },
        {
            "input": "20 2 2 62 2 2 2 83 23 2 7",
            "output": "2"
        },
        {
            "input": "4 4 17 4 94 4 38 4 4 56",
            "output": "4"
        },
        {
            "input": "39 91 39 74 39 39 39 24 39 58",
            "output": "39"
        },
        {
            "input": "94 92 92",
            "output": "92"
        },
        {
            "input": "60 60 81 60",
            "output": "60"
        },
        {
            "input": "87 75 75 68 34 75 75 75 75 34 98",
            "output": "75"
        },
        {
            "input": "25 65 25 25 25 25 25 87 31 2 40 25",
            "output": "25"
        },
        {
            "input": "71 31 19 31 46 31 31 31 31 24 39 31 41 31 98",
            "output": "31"
        },
        {
            "input": "54 54 54 62 54 13",
            "output": "54"
        },
        {
            "input": "27 97 97 97 9 97 60 97 54",
            "output": "97"
        },
        {
            "input": "35 35 43 35",
            "output": "35"
        },
        {
            "input": "62 62 62 84 62 93 62 16",
            "output": "62"
        },
        {
            "input": "45 26 50 40 53 45 45 40 45 48 45 45 45",
            "output": "45"
        },
        {
            "input": "66 66 66 2 66 59",
            "output": "66"
        },
        {
            "input": "12 53 12 12 96",
            "output": "12"
        },
        {
            "input": "78 78 78 78 99 91 35 78 78 78 48 78 78 22",
            "output": "78"
        },
        {
            "input": "92 92 76",
            "output": "92"
        },
        {
            "input": "37 19 93 86 29 59 37 37 37 37 37 74 37 37",
            "output": "37"
        },
        {
            "input": "1 75 75 38 75 75 75 58 75 62 75 70",
            "output": "75"
        },
        {
            "input": "78 78 86 78 37 78",
            "output": "78"
        },
        {
            "input": "80 57 86 86 86 86 86 86 1",
            "output": "86"
        },
        {
            "input": "5 5 18 75 71 5 24 50 5 5 5",
            "output": "5"
        },
        {
            "input": "82 82 19 35 82 80 82",
            "output": "82"
        },
        {
            "input": "8 92 79 24 24 24 56 24 24 24 24 24 2 89",
            "output": "24"
        },
        {
            "input": "45 87 45 45 45 62",
            "output": "45"
        },
        {
            "input": "13 48 81 48 48 48",
            "output": "48"
        },
        {
            "input": "57 57 26 57 57 57 69 32 63 57 74 57 66",
            "output": "57"
        },
        {
            "input": "91 17 91 58 91 52 5 91 91 35 91",
            "output": "91"
        },
        {
            "input": "72 72 72 72 72 79 13 90 72 98 72 26 20",
            "output": "72"
        },
        {
            "input": "87 74 74 77 35 74 74 74",
            "output": "74"
        },
        {
            "input": "53 23 23 23",
            "output": "23"
        },
        {
            "input": "68 68 68 34 68 8 68 85 47 68 89 84 68 68 67",
            "output": "68"
        },
        {
            "input": "24 24 62 24 24 24 91 6 24 57",
            "output": "24"
        },
        {
            "input": "96 96 65 55 50 96 74 96 96 70 96 59 96",
            "output": "96"
        },
        {
            "input": "86 86 86 72 86 34 97 86 86 86 93 86",
            "output": "86"
        },
        {
            "input": "39 16 11 16 93 16 78 16 98 16 50 16 16",
            "output": "16"
        },
        {
            "input": "37 37 37 42 30 37 37 37 87 37 73 83 56 16 37",
            "output": "37"
        },
        {
            "input": "90 90 78 90 90 45",
            "output": "90"
        },
        {
            "input": "67 21 51 21 21 34 21 21",
            "output": "21"
        },
        {
            "input": "42 42 42 94 48 42 55 42 29",
            "output": "42"
        },
        {
            "input": "80 27 80 97 80",
            "output": "80"
        },
        {
            "input": "84 4 54 84 27 74 84 54 48 84 84 84 84",
            "output": "84"
        },
        {
            "input": "64 35 35 35",
            "output": "35"
        },
        {
            "input": "88 8 37 88 88 27 88 88 88 88 88 61 61 50",
            "output": "88"
        },
        {
            "input": "39 96 48 48 89 48 54 48 48 48 59 48 3 48",
            "output": "48"
        },
        {
            "input": "29 29 29 80 29 25 6",
            "output": "29"
        },
        {
            "input": "71 71 71 87 71 71 71 77 67 87 29 86 71",
            "output": "71"
        },
        {
            "input": "42 32 42 42 96 42 53 42",
            "output": "42"
        },
        {
            "input": "77 23 13 17 74 39 74 74 74 74 74",
            "output": "74"
        },
        {
            "input": "98 31 31 31 26",
            "output": "31"
        },
        {
            "input": "23 23 3 23 54",
            "output": "23"
        },
        {
            "input": "64 64 64 80",
            "output": "64"
        },
        {
            "input": "70 25 95 70 70 70 69 94 70 55 70",
            "output": "70"
        },
        {
            "input": "71 81 71 10 71",
            "output": "71"
        },
        {
            "input": "85 85 15 36 85 40 85",
            "output": "85"
        },
        {
            "input": "74 74 74 62 74 5 60 74 74 90 81 74 41",
            "output": "74"
        },
        {
            "input": "30 17 17 73 17 17 73 89 17 17",
            "output": "17"
        },
        {
            "input": "75 79 79 58 22 79 79 79 32 95 79 79 75 79",
            "output": "79"
        },
        {
            "input": "96 96 96 37",
            "output": "96"
        },
        {
            "input": "90 11 3 90 59 90 90 90",
            "output": "90"
        },
        {
            "input": "48 48 1 9 81 58 48 48 48 48 62 48 98",
            "output": "48"
        },
        {
            "input": "73 73 73 59 82 73 8 73 49 73",
            "output": "73"
        },
        {
            "input": "99 92 22 92 92 16 92",
            "output": "92"
        },
        {
            "input": "63 63 45 83 63 98 32 63 63",
            "output": "63"
        },
        {
            "input": "30 52 34 30 30 30 55",
            "output": "30"
        },
        {
            "input": "27 19 24 18 18 18 59 18 78 18 18",
            "output": "18"
        },
        {
            "input": "83 83 34 83",
            "output": "83"
        },
        {
            "input": "46 50 75 99 24 75 6 75 75 17 75 75 75 75",
            "output": "75"
        },
        {
            "input": "7 49 7 7 94 23 96 7 7",
            "output": "7"
        },
        {
            "input": "15 38 38 5 38 77 38",
            "output": "38"
        },
        {
            "input": "71 44 24 23 1 24 24 84 71 24 24 16 24 24 24",
            "output": "24"
        },
        {
            "input": "14 14 14 13",
            "output": "14"
        },
        {
            "input": "94 96 96 81 96",
            "output": "96"
        },
        {
            "input": "60 4 40 3 3 3 3 23 3 41 100 3 3 3",
            "output": "3"
        },
        {
            "input": "96 96 18 96 57 96 96 96 22 96 96 93 98 24",
            "output": "96"
        },
        {
            "input": "89 93 89 89 80 89 89",
            "output": "89"
        },
        {
            "input": "46 46 86 46 46 15 28 46",
            "output": "46"
        },
        {
            "input": "91 13 13 13 13 36 13 13 13 22 7 13 19 84 30",
            "output": "13"
        },
        {
            "input": "64 11 11 23 11 27 11 95 83 11 21 11 11 11",
            "output": "11"
        },
        {
            "input": "64 21 64 64 35",
            "output": "64"
        },
        {
            "input": "59 59 59 95",
            "output": "59"
        },
        {
            "input": "69 36 36 59 24 36 36 36 95 36 96 28 36",
            "output": "36"
        },
        {
            "input": "94 94 17 36 94 94 89 94 1 94",
            "output": "94"
        },
        {
            "input": "78 77 68 78 78",
            "output": "78"
        },
        {
            "input": "95 95 95 32 23 60 95 95",
            "output": "95"
        },
        {
            "input": "48 5 48 48 48 40 48 48 29 84",
            "output": "48"
        },
        {
            "input": "93 93 93 67 93 40 99 93 71 93 87",
            "output": "93"
        },
        {
            "input": "93 14 14 44 14 2 16 14 14 14 14 83 42",
            "output": "14"
        },
        {
            "input": "72 72 72 74 72 65 36 72",
            "output": "72"
        },
        {
            "input": "92 13 92 52 92 92 92 79 89",
            "output": "92"
        },
        {
            "input": "92 21 92 92 92 92 92 90 5 98 13 92 96",
            "output": "92"
        },
        {
            "input": "46 46 93",
            "output": "46"
        },
        {
            "input": "55 59 59 59 69 54 59 59 21 12 59 59 59 33",
            "output": "59"
        },
        {
            "input": "51 16 16 16 16 23 9",
            "output": "16"
        },
        {
            "input": "66 51 66 66 66 33 66 17 89 99 66",
            "output": "66"
        },
        {
            "input": "21 21 21 94 21 44 11",
            "output": "21"
        },
        {
            "input": "3 3 3 46 91 3 99 3",
            "output": "3"
        },
        {
            "input": "19 19 6 60 19 58 19",
            "output": "19"
        },
        {
            "input": "5 81 65 5 5 5 5 86 12 83 5 94 5 5 27",
            "output": "5"
        },
        {
            "input": "8 32 13 13 81 13 43 13 13 13 28 13",
            "output": "13"
        },
        {
            "input": "28 28 26",
            "output": "28"
        },
        {
            "input": "98 98 98 38 98 98 14 80 39 49 98 81 98",
            "output": "98"
        },
        {
            "input": "88 53 41 41 41 59 5 7 41 41 41",
            "output": "41"
        },
        {
            "input": "36 88 58 88 78 88 88 88 88 2 88 41 18",
            "output": "88"
        },
        {
            "input": "64 61 58 61 61",
            "output": "61"
        },
        {
            "input": "85 8 67 9 7 77 27 8 8 8 22 8 8 8 8",
            "output": "8"
        },
        {
            "input": "76 67 57 76 61 76 76 28 76 76",
            "output": "76"
        },
        {
            "input": "63 28 75 75 75 75 29",
            "output": "75"
        },
        {
            "input": "32 32 19 71 32 32 98",
            "output": "32"
        },
        {
            "input": "79 79 36",
            "output": "79"
        },
        {
            "input": "44 41 100 44 44 44 76 44",
            "output": "44"
        },
        {
            "input": "20 20 92 20 92 20 31 75 20",
            "output": "20"
        },
        {
            "input": "100 100 100 100 40 21",
            "output": "100"
        },
        {
            "input": "16 40 95 40 40 40",
            "output": "40"
        },
        {
            "input": "75 75 75 37 13 75 52 74 75 75 33 75 19 75",
            "output": "75"
        },
        {
            "input": "69 53 69 69 7 86 69 69 68 69 9",
            "output": "69"
        },
        {
            "input": "28 9 13 28 28 85 41 28 79 28 28",
            "output": "28"
        },
        {
            "input": "29 29 4 29 29 62 59 29",
            "output": "29"
        },
        {
            "input": "72 57 57 95 1 57 57 82 57",
            "output": "57"
        },
        {
            "input": "42 42 83 42 57",
            "output": "42"
        },
        {
            "input": "7 15 7 72 82 7 6 7 7 16 7 7 7 77",
            "output": "7"
        },
        {
            "input": "79 51 79 72 79",
            "output": "79"
        },
        {
            "input": "34 25 25 68 50 53 71 25 25 25 23 25 25",
            "output": "25"
        },
        {
            "input": "39 39 98 39",
            "output": "39"
        },
        {
            "input": "49 59 27 49 39 49 49 49 83 4 49 43 49",
            "output": "49"
        },
        {
            "input": "68 55 4 55 55",
            "output": "55"
        },
        {
            "input": "87 87 87 7 22 87 80",
            "output": "87"
        },
        {
            "input": "33 30 42 75 30 30 44 58 30 30 30",
            "output": "30"
        },
        {
            "input": "95 65 92 95 41 95 95 95 69 70 24 95 95 95",
            "output": "95"
        },
        {
            "input": "38 53 53 53",
            "output": "53"
        },
        {
            "input": "75 95 25 65 25 25 25 25",
            "output": "25"
        },
        {
            "input": "6 6 14 73 6 6",
            "output": "6"
        },
        {
            "input": "83 100 32 77 69 83 83 83 83 83",
            "output": "83"
        },
        {
            "input": "6 13 10 10 10 10 10 49",
            "output": "10"
        },
        {
            "input": "74 28 74 74 74 28 74 68 37 47 74",
            "output": "74"
        },
        {
            "input": "76 76 76 53 76 77 76 22 99",
            "output": "76"
        },
        {
            "input": "59 59 91 70 59 59 59 54",
            "output": "59"
        },
        {
            "input": "23 23 23 63 23 13 26",
            "output": "23"
        },
        {
            "input": "16 16 57 16 16 86",
            "output": "16"
        },
        {
            "input": "97 5 5 5 5 86",
            "output": "5"
        },
        {
            "input": "40 93 40 40 40 89 14",
            "output": "40"
        },
        {
            "input": "38 71 38 31 38 38 38 38 62 16",
            "output": "38"
        },
        {
            "input": "19 19 20 79 31 53 19 19 19",
            "output": "19"
        },
        {
            "input": "23 23 69 23 23 49 23 23 62 22",
            "output": "23"
        },
        {
            "input": "23 23 23 72",
            "output": "23"
        },
        {
            "input": "65 65 22 65 49 65 20 65 65 65 96 65 61 54",
            "output": "65"
        },
        {
            "input": "62 32 91 62 62 50 62 21 62 62 62 74 30",
            "output": "62"
        },
        {
            "input": "65 87 65 43 65 65 82 52 65",
            "output": "65"
        },
        {
            "input": "92 30 30 30 8 45 30",
            "output": "30"
        },
        {
            "input": "42 42 42 56",
            "output": "42"
        },
        {
            "input": "71 71 71 71 71 41 3 71 85 84 71 76",
            "output": "71"
        },
        {
            "input": "53 53 47 53 67 26 53",
            "output": "53"
        },
        {
            "input": "96 96 51 74 18 96 73 29 96 33 96 96 96 56 96",
            "output": "96"
        },
        {
            "input": "77 77 77 77 27 82 77 77 17 77 13 79 36 77",
            "output": "77"
        },
        {
            "input": "51 36 51 3 51 67 51 51 87 41 51",
            "output": "51"
        },
        {
            "input": "13 88 88 64 88 94 88",
            "output": "88"
        },
        {
            "input": "40 48 48 78 48 48 30 48",
            "output": "48"
        },
        {
            "input": "7 46 7 28 7",
            "output": "7"
        },
        {
            "input": "29 98 98 38 98",
            "output": "98"
        },
        {
            "input": "56 56 56 73 15 16 56 56 56 34 87 56 56 66",
            "output": "56"
        },
        {
            "input": "62 62 62",
            "output": "62"
        },
        {
            "input": "79 79 79 86 96 89 79 79 79 71 3",
            "output": "79"
        },
        {
            "input": "66 66 34 66 66 95 58 35 66 66 14",
            "output": "66"
        },
        {
            "input": "89 71 71 71 71 71 65 93 71 71 3 28",
            "output": "71"
        },
        {
            "input": "10 41 10 10",
            "output": "10"
        },
        {
            "input": "59 77 77 77 77 89 77 60 77 3 77 25",
            "output": "77"
        },
        {
            "input": "67 75 82 69 75 20 75 41 75 75 75 75 19 75 97",
            "output": "75"
        },
        {
            "input": "56 56 56 55 90 56 56",
            "output": "56"
        },
        {
            "input": "4 28 13 37 13 80 13 13 13 13 52",
            "output": "13"
        },
        {
            "input": "20 97 63 42 83 63 14 63 63 63 91 63 63 63",
            "output": "63"
        },
        {
            "input": "32 19 71 44 71 71 71 75 60 71 71 71",
            "output": "71"
        },
        {
            "input": "98 98 100 98 98 66 98 98 98 29 96 63",
            "output": "98"
        },
        {
            "input": "33 98 98 7 98 98",
            "output": "98"
        },
        {
            "input": "19 81 81 81 8 81 81 81 65 88 81 81 41 35",
            "output": "81"
        },
        {
            "input": "44 44 2 44",
            "output": "44"
        },
        {
            "input": "31 82 42 42 42 42 35",
            "output": "42"
        },
        {
            "input": "1 44 25 34 44 44 58 44 30 44 44 44",
            "output": "44"
        },
        {
            "input": "88 91 67 88 88 88 88",
            "output": "88"
        },
        {
            "input": "90 90 73 99 90 89 32 34 90 90 90 90 34 90",
            "output": "90"
        },
        {
            "input": "70 29 29 43 29 29 29 29 29 22 23 29 63 87 69",
            "output": "29"
        },
        {
            "input": "84 16 66 84 84 84 84 40 73 84 60",
            "output": "84"
        },
        {
            "input": "96 24 52 51 24 30 100 7 24 24 24 24 24",
            "output": "24"
        },
        {
            "input": "17 86 83 61 61 61 93 62 91 61 61 61 33 61 61",
            "output": "61"
        },
        {
            "input": "60 51 11 11 51 51 51 55 51 51 51 51 40 57",
            "output": "51"
        },
        {
            "input": "39 67 39",
            "output": "39"
        },
        {
            "input": "78 91 64 46 94 46 46 46 46 10 39 46 46 46 35",
            "output": "46"
        },
        {
            "input": "58 58 58 91 58 27 58 58 89 58 47 58 93 53 77",
            "output": "58"
        },
        {
            "input": "95 95 95 27 95 95 73 95",
            "output": "95"
        },
        {
            "input": "33 86 40 40 40",
            "output": "40"
        },
        {
            "input": "27 27 97 27 62 27 38 27 73 27 27 3 15",
            "output": "27"
        },
        {
            "input": "79 86 86 86 65 20 86 91 98 86 86",
            "output": "86"
        },
        {
            "input": "35 35 82",
            "output": "35"
        },
        {
            "input": "69 69 69 97 2 69 22 47 69 69 51 93 69 97 69",
            "output": "69"
        },
        {
            "input": "32 90 24 73 39 39 90 90 90 90 90 31 90",
            "output": "90"
        },
        {
            "input": "43 7 7 7 45 7 7 34 73 100 7 7",
            "output": "7"
        },
        {
            "input": "27 27 7 56 27 27 27 15 90 27",
            "output": "27"
        },
        {
            "input": "15 78 15 15 34 93 15 36 15 15",
            "output": "15"
        },
        {
            "input": "19 19 35 46 55 19 19 19 19 19 61 19 51 76",
            "output": "19"
        },
        {
            "input": "18 67 18 18",
            "output": "18"
        },
        {
            "input": "89 31 31 31 31 76 28 17 31 74 39 31 31",
            "output": "31"
        },
        {
            "input": "5 1 21 64 1 26 1 1 57 1 1 74 1 1",
            "output": "1"
        },
        {
            "input": "37 80 47 80 80",
            "output": "80"
        },
        {
            "input": "34 34 34 34 84 48 34 88 16 48 34 58 34 34",
            "output": "34"
        },
        {
            "input": "100 4 4 4 4 73 4 97 4 75 4 66 32",
            "output": "4"
        },
        {
            "input": "98 98 98 26 98 92",
            "output": "98"
        },
        {
            "input": "62 93 34 34 34 73 66 34 34 34 34 41",
            "output": "34"
        },
        {
            "input": "6 6 89 6 100 51 6 82 6 17 6 6 71",
            "output": "6"
        },
        {
            "input": "1 1 1 34 58 1 26 80 40 1 1 3 100 1 1",
            "output": "1"
        },
        {
            "input": "37 29 67 42 67 75 67 67 9 35 89 67 67 67 67",
            "output": "67"
        },
        {
            "input": "23 14 56 56 56 14 56 56",
            "output": "56"
        },
        {
            "input": "50 50 68 50",
            "output": "50"
        },
        {
            "input": "50 11 50 50 50 77 50 30 50 50 29 31",
            "output": "50"
        },
        {
            "input": "11 3 11 11 11 41 11 21 11 11 66 18 11 55 41",
            "output": "11"
        },
        {
            "input": "61 61 84 42 36 61 61 61 44",
            "output": "61"
        },
        {
            "input": "69 92 69 67 69 69 42 74 69 69",
            "output": "69"
        },
        {
            "input": "93 33 54 64 67 93 93 56 93 93 93 8 93 93",
            "output": "93"
        },
        {
            "input": "90 88 88 88 88 88 88 41 69 48 14 52 88",
            "output": "88"
        },
        {
            "input": "8 32 8 8 21 8 74",
            "output": "8"
        },
        {
            "input": "38 38 83 8 64 38 38 38",
            "output": "38"
        },
        {
            "input": "77 8 94 94 85 94 94 89 94",
            "output": "94"
        },
        {
            "input": "18 67 74 59 59 59 59 59 59",
            "output": "59"
        },
        {
            "input": "5 34 34 34 27 12 34 73 34 28 3 34 69 34 34",
            "output": "34"
        },
        {
            "input": "98 7 98 75 98 93 98 98 14",
            "output": "98"
        },
        {
            "input": "30 30 30 30 47 30 57 30 30 22",
            "output": "30"
        },
        {
            "input": "55 59 59 59 58 83 59 85 59 59 39",
            "output": "59"
        },
        {
            "input": "17 99 95 17 50 17 17 17",
            "output": "17"
        },
        {
            "input": "87 87 85 87",
            "output": "87"
        },
        {
            "input": "89 89 22 89 4 99 89 89 41 74 38 89 89",
            "output": "89"
        },
        {
            "input": "61 80 70 36 20 36 80 80 80 80 80 51 80 80 6",
            "output": "80"
        },
        {
            "input": "40 40 30 40 14 12 5 1 40 40 40",
            "output": "40"
        },
        {
            "input": "58 32 46 32 32 32 74 23 32 30 32 52 32",
            "output": "32"
        },
        {
            "input": "5 5 5 9 66 5 53 5",
            "output": "5"
        },
        {
            "input": "56 56 4 56",
            "output": "56"
        },
        {
            "input": "90 21 91 84 91 91 52 91 91 91 91 91 29 13 16",
            "output": "91"
        },
        {
            "input": "41 41 91 22 50 81 41 4 41 41 41 41",
            "output": "41"
        },
        {
            "input": "61 77 61 5 61 61 61 91 61 93",
            "output": "61"
        },
        {
            "input": "8 44 85 8 8 8 44 81 8",
            "output": "8"
        },
        {
            "input": "96 22 96 96 96 80 96 12 96 28 96 27 68 96",
            "output": "96"
        },
        {
            "input": "55 3 55 55 13 55 95 55",
            "output": "55"
        },
        {
            "input": "84 96 96 40 96 96 68 96 96 6 30 96",
            "output": "96"
        },
        {
            "input": "91 7 100 94 94 94 94 94 94 78 25",
            "output": "94"
        },
        {
            "input": "9 71 71 71",
            "output": "71"
        },
        {
            "input": "72 8 72 72 95 6 57 72 72 72 92 72",
            "output": "72"
        },
        {
            "input": "22 22 7 22 22 22 26 54 55",
            "output": "22"
        },
        {
            "input": "41 27 88 27 52 27 27 68 27 27 27 7 24",
            "output": "27"
        },
        {
            "input": "67 67 25 29 67 85 67",
            "output": "67"
        },
        {
            "input": "21 21 27",
            "output": "21"
        },
        {
            "input": "19 24 24 54 24 87 24 36 24 24",
            "output": "24"
        },
        {
            "input": "26 34 26 53 53 53 53",
            "output": "53"
        },
        {
            "input": "5 5 5 5 93 44 19 58 35 5 5 5 5 12 1",
            "output": "5"
        },
        {
            "input": "46 46 46 30 46 6 65 46 85 46 46 18",
            "output": "46"
        },
        {
            "input": "30 30 67 30 30 20 55 30 30 19 30 4 74",
            "output": "30"
        },
        {
            "input": "68 100 68 60 68 68 42 68",
            "output": "68"
        },
        {
            "input": "80 87 38 38 38 38 11 26 75 51 38 38 38 76 38",
            "output": "38"
        },
        {
            "input": "82 72 84 42 72 72 49 72 72 72 90",
            "output": "72"
        },
        {
            "input": "83 78 7 7 7 7 7 95 95 7 62",
            "output": "7"
        },
        {
            "input": "86 27 27 27 27 16 27 22 97 14 27",
            "output": "27"
        },
        {
            "input": "37 35 37 14 37 96 71 37 37 88 37 37",
            "output": "37"
        },
        {
            "input": "45 71 71",
            "output": "71"
        },
        {
            "input": "10 89 10 33 10 33 98 10 10 10 31",
            "output": "10"
        },
        {
            "input": "36 36 36 65 36 36 7 36 36 36 36 5 87 96",
            "output": "36"
        },
        {
            "input": "99 39 39",
            "output": "39"
        },
        {
            "input": "9 92 9",
            "output": "9"
        },
        {
            "input": "45 45 45 45 45 5 31 13",
            "output": "45"
        },
        {
            "input": "69 38 7 69 69 69 62 69 76 69",
            "output": "69"
        },
        {
            "input": "41 41 92",
            "output": "41"
        },
        {
            "input": "30 73 73 73 20",
            "output": "73"
        },
        {
            "input": "76 41 49 49 49 49 54 81 49",
            "output": "49"
        },
        {
            "input": "58 17 17 87 17 9 17",
            "output": "17"
        },
        {
            "input": "75 75 75 22 75 75 66 71 34 14 75",
            "output": "75"
        },
        {
            "input": "39 45 39 35 100 39 80 39 96 39 53 90 39 39 39",
            "output": "39"
        },
        {
            "input": "78 94 97 62 97 97 97 40 97",
            "output": "97"
        },
        {
            "input": "88 75 17 17 56 17 48 74 17 17 17",
            "output": "17"
        },
        {
            "input": "63 63 63 81 38 63 8 63 63 52 43",
            "output": "63"
        },
        {
            "input": "92 14 92",
            "output": "92"
        },
        {
            "input": "31 72 31 93 31 31",
            "output": "31"
        },
        {
            "input": "20 28 2 2 2 31 2 2 2 88 87 31 2",
            "output": "2"
        },
        {
            "input": "47 18 47 47",
            "output": "47"
        },
        {
            "input": "94 94 87 79 94 35 94 94",
            "output": "94"
        },
        {
            "input": "14 28 21 14 14 14 14 6 14 82 68 14",
            "output": "14"
        },
        {
            "input": "29 29 65 29 29 56 14",
            "output": "29"
        },
        {
            "input": "58 6 6 56 6",
            "output": "6"
        },
        {
            "input": "35 19 4 88 88 71 88 88 6 88 88 88 33",
            "output": "88"
        },
        {
            "input": "36 10 36 14 36 95 36 36 36",
            "output": "36"
        },
        {
            "input": "98 48 98 53 98 18 56 98 98 98 98 98 53 17",
            "output": "98"
        },
        {
            "input": "36 72 72",
            "output": "72"
        },
        {
            "input": "30 73 30 30 30 1 19 65 30 30 32",
            "output": "30"
        },
        {
            "input": "20 80 11 20 20",
            "output": "20"
        },
        {
            "input": "39 26 26 26 26 26 26 39 81",
            "output": "26"
        },
        {
            "input": "34 34 1 62 34 17 34 10 34 95 34",
            "output": "34"
        },
        {
            "input": "90 90 65",
            "output": "90"
        },
        {
            "input": "4 14 4 4 60 64 4",
            "output": "4"
        },
        {
            "input": "76 91 93 91 47 91 91",
            "output": "91"
        },
        {
            "input": "5 5 7",
            "output": "5"
        },
        {
            "input": "66 4 64 21 56 66 66 66 66 66 66 8",
            "output": "66"
        },
        {
            "input": "42 2 42 42",
            "output": "42"
        },
        {
            "input": "77 100 77 77 44 77 34 77 31 77 77 2",
            "output": "77"
        },
        {
            "input": "38 28 28",
            "output": "28"
        },
        {
            "input": "33 79 95 33 85 46 33 33 72 33 33",
            "output": "33"
        },
        {
            "input": "100 100 100 49",
            "output": "100"
        },
        {
            "input": "92 1 63 93 65 65 65 97 95 65 65 65 65",
            "output": "65"
        },
        {
            "input": "32 32 32 83 32 32 35 86 82 32",
            "output": "32"
        },
        {
            "input": "31 29 31 31 31 66 70 31",
            "output": "31"
        },
        {
            "input": "94 94 84 94 94 33 94 94 72 14 81 94",
            "output": "94"
        },
        {
            "input": "19 19 19 9 19 40 37 71 15 19 19 19 17",
            "output": "19"
        },
        {
            "input": "51 22 63 63 48 63 41 63 91 63 63 63",
            "output": "63"
        },
        {
            "input": "88 50 50 70 33 50 29 56 50 50 8 9 50 50 50",
            "output": "50"
        },
        {
            "input": "76 76 62 76",
            "output": "76"
        },
        {
            "input": "45 56 45 45 45 45 43 50 28 76 45 85 45",
            "output": "45"
        },
        {
            "input": "99 92 92 38 92 92 92 2",
            "output": "92"
        },
        {
            "input": "87 37 29 37 91 37 71 37 37 37 91 5 37 37",
            "output": "37"
        },
        {
            "input": "39 1 96 91 31 39 39 39 39 93 39 89 39 39",
            "output": "39"
        },
        {
            "input": "62 6 6 6 22 38 6 6 52 6 6 51 1",
            "output": "6"
        },
        {
            "input": "51 37 37",
            "output": "37"
        },
        {
            "input": "10 40 24 100 40 40 40 40 40 40 40 98 40 31",
            "output": "40"
        },
        {
            "input": "10 10 10 10 58 10 29 98",
            "output": "10"
        },
        {
            "input": "46 28 46",
            "output": "46"
        },
        {
            "input": "83 83 83 71 83 98 35 14 12 83 83 83",
            "output": "83"
        },
        {
            "input": "30 91 30",
            "output": "30"
        },
        {
            "input": "96 96 96 96 20 75 38 4 96 96 51",
            "output": "96"
        },
        {
            "input": "53 74 74",
            "output": "74"
        },
        {
            "input": "49 49 63 49 36 44 29 41 37 49 49 49 49",
            "output": "49"
        },
        {
            "input": "51 67 67 67",
            "output": "67"
        },
        {
            "input": "50 24 86 46 2 86 86 86 86 53 86",
            "output": "86"
        },
        {
            "input": "92 38 38 38 38 38 35 46",
            "output": "38"
        },
        {
            "input": "25 25 3",
            "output": "25"
        },
        {
            "input": "52 6 87 49 87 87 87 87 46 73 87 24 87 87",
            "output": "87"
        },
        {
            "input": "32 32 32 47 6 95 32 32 32 29",
            "output": "32"
        },
        {
            "input": "48 48 48 46",
            "output": "48"
        },
        {
            "input": "58 58 58 44 58 75 25 58 30 58 58 58 68 77 3",
            "output": "58"
        },
        {
            "input": "1 66 89 1 41 1 14 72 1 1 39 1 1",
            "output": "1"
        },
        {
            "input": "5 5 5 5 59 68 5 5",
            "output": "5"
        },
        {
            "input": "16 16 16 25 94 16 16 44 16 49 13",
            "output": "16"
        },
        {
            "input": "6 25 25 25 1",
            "output": "25"
        },
        {
            "input": "35 98 98 86 98",
            "output": "98"
        },
        {
            "input": "56 68 14 70 68 68 68 68 68 49 68 68 68 82",
            "output": "68"
        },
        {
            "input": "83 83 37 8 83 83 83 21 83 88 37",
            "output": "83"
        },
        {
            "input": "41 35 29 35 11 35 35 35 2 35 22",
            "output": "35"
        },
        {
            "input": "80 44 44 44 44 44 44 38 24 44 92 44 91 76",
            "output": "44"
        },
        {
            "input": "42 44 44 26 2 60 95 31 44 44 44 44 44",
            "output": "44"
        },
        {
            "input": "29 29 1",
            "output": "29"
        },
        {
            "input": "46 23 92 23 66 23 30 23 69 23 23 63 23",
            "output": "23"
        },
        {
            "input": "65 65 83 65 11 33 65 42 78 65 65 65 78 65",
            "output": "65"
        },
        {
            "input": "20 32 20",
            "output": "20"
        },
        {
            "input": "14 62 14",
            "output": "14"
        },
        {
            "input": "57 27 22 57 57 10 57 57 50 57 57 96 57 58",
            "output": "57"
        },
        {
            "input": "12 33 12 12 68 82 62 12 12 27 12",
            "output": "12"
        },
        {
            "input": "43 53 42 71 43 43 43 20 43 7 43",
            "output": "43"
        },
        {
            "input": "26 6 43 23 85 23 23 23 23 23 23 23 51 79",
            "output": "23"
        },
        {
            "input": "77 52 77 77 69",
            "output": "77"
        },
        {
            "input": "22 29 22 83 22",
            "output": "22"
        },
        {
            "input": "62 38 62 62",
            "output": "62"
        },
        {
            "input": "82 82 96",
            "output": "82"
        },
        {
            "input": "51 74 51",
            "output": "51"
        },
        {
            "input": "56 26 56 80 15 56 67 56 56 14 56 56 56 5",
            "output": "56"
        },
        {
            "input": "66 66 90 95 66 66 66 46 77 66 34",
            "output": "66"
        },
        {
            "input": "1 1 1 1 65 55 72 45 84 1 1 46 1 1 53",
            "output": "1"
        },
        {
            "input": "18 18 13 18 16",
            "output": "18"
        },
        {
            "input": "82 76 87 82 82 72 82",
            "output": "82"
        },
        {
            "input": "5 92 92 92 94 92 92 92",
            "output": "92"
        },
        {
            "input": "15 15 68 15 15 55 15 12 49 73 15 15",
            "output": "15"
        },
        {
            "input": "80 80 80 73 17 80 80 80 80 70 41 61",
            "output": "80"
        },
        {
            "input": "12 39 39 64 39 9 39 39 25 39 39 52 39 99 50",
            "output": "39"
        },
        {
            "input": "59 19 59 59 67 59 18 59",
            "output": "59"
        },
        {
            "input": "57 31 100 24 28 28 28 28 28 3 72 28 39 28 28",
            "output": "28"
        },
        {
            "input": "99 99 99 21",
            "output": "99"
        },
        {
            "input": "62 10 62 96 52 62 62 62 16 62 88",
            "output": "62"
        },
        {
            "input": "11 22 83 71 22 22 22 30 22 22 22 18 22 7",
            "output": "22"
        },
        {
            "input": "27 33 2 33 33",
            "output": "33"
        },
        {
            "input": "6 6 85 6 27 6 37 6 77 31 6 6 96 6",
            "output": "6"
        },
        {
            "input": "98 98 98 85 98 48 71",
            "output": "98"
        },
        {
            "input": "97 97 15",
            "output": "97"
        },
        {
            "input": "36 36 36 26 79 36 55 39 36 41 36 7 36 36 9",
            "output": "36"
        },
        {
            "input": "59 22 35 59 59 59 59 80 100 59",
            "output": "59"
        },
        {
            "input": "73 17 52 17 65 17 17 14 17",
            "output": "17"
        },
        {
            "input": "36 16 16 16",
            "output": "16"
        },
        {
            "input": "72 32 99 72 72 19 72 72",
            "output": "72"
        },
        {
            "input": "3 5 5 5 5 5 48 29 74",
            "output": "5"
        },
        {
            "input": "45 45 96 45 68 45",
            "output": "45"
        },
        {
            "input": "39 39 96 29 39",
            "output": "39"
        },
        {
            "input": "43 43 58",
            "output": "43"
        },
        {
            "input": "29 8 83 44 8 8 47 53 8 8 8 8",
            "output": "8"
        },
        {
            "input": "7 7 7 42 7 48 7 86 7 7 88 7 85 81",
            "output": "7"
        },
        {
            "input": "49 49 85",
            "output": "49"
        },
        {
            "input": "87 33 40 87 87",
            "output": "87"
        },
        {
            "input": "5 65 65 65",
            "output": "65"
        },
        {
            "input": "54 71 5 5 5 5",
            "output": "5"
        },
        {
            "input": "50 66 66 66 66 66 64 66 77 29 63 66",
            "output": "66"
        },
        {
            "input": "45 45 45 37 45 45",
            "output": "45"
        },
        {
            "input": "35 35 35 35 98 80 41 94 35 73 35",
            "output": "35"
        },
        {
            "input": "31 67 36 31 31 96 31",
            "output": "31"
        },
        {
            "input": "50 60 14 14 14 14 74 2 14",
            "output": "14"
        },
        {
            "input": "87 26 21 26 26 26",
            "output": "26"
        },
        {
            "input": "28 42 28 28 34",
            "output": "28"
        },
        {
            "input": "23 73 73",
            "output": "73"
        },
        {
            "input": "36 46 18 64 80 46 57 43 46 46 46 46 46",
            "output": "46"
        },
        {
            "input": "6 88 88 88 28 81 54 48 88 88 88 88",
            "output": "88"
        },
        {
            "input": "67 67 67 12",
            "output": "67"
        },
        {
            "input": "95 32 32 32 7 32 64 52 32 32 63 32",
            "output": "32"
        },
        {
            "input": "95 95 73 95",
            "output": "95"
        },
        {
            "input": "25 25 25 21 52 29 25 25 25 25 25 9 56 22 94",
            "output": "25"
        },
        {
            "input": "40 31 31 31 13 79 31 31",
            "output": "31"
        },
        {
            "input": "1 22 22 22 22 20 89 5 22 22 11 51 22 22",
            "output": "22"
        },
        {
            "input": "33 33 17 33 59",
            "output": "33"
        },
        {
            "input": "89 89 83 89 97 85 89 89 89 34",
            "output": "89"
        },
        {
            "input": "2 14 14 14",
            "output": "14"
        },
        {
            "input": "83 83 56 5 83 83",
            "output": "83"
        },
        {
            "input": "29 77 89 29 29 29 34 29 29 66 26",
            "output": "29"
        },
        {
            "input": "25 47 47 64 47",
            "output": "47"
        },
        {
            "input": "19 19 19 39 85",
            "output": "19"
        },
        {
            "input": "30 42 47 30 30 30 59",
            "output": "30"
        },
        {
            "input": "32 32 12 32",
            "output": "32"
        },
        {
            "input": "34 79 34 88 34 34 11 34",
            "output": "34"
        },
        {
            "input": "14 47 73 47 47 47 14 47 47 20 79 47 47 53",
            "output": "47"
        },
        {
            "input": "2 83 73 28 83 83 94 83 83 83 74 83",
            "output": "83"
        },
        {
            "input": "12 55 12 92 12",
            "output": "12"
        },
        {
            "input": "12 53 12",
            "output": "12"
        },
        {
            "input": "91 4 4 4 4 11 72 11 4 4 4 4",
            "output": "4"
        },
        {
            "input": "51 1 57 51 51 51",
            "output": "51"
        },
        {
            "input": "20 20 44 20 20 38",
            "output": "20"
        },
        {
            "input": "22 89 79 61 79 79 2 24 79 79 79 79 79 88",
            "output": "79"
        },
        {
            "input": "66 73 73 74 73 52 73 73 46 91 73 93 73",
            "output": "73"
        },
        {
            "input": "42 42 74 42 42 42 15 67 14 42 42 99 42 70",
            "output": "42"
        },
        {
            "input": "46 90 46 100 11 46 46 46 46 46 59",
            "output": "46"
        },
        {
            "input": "13 55 55 55",
            "output": "55"
        },
        {
            "input": "63 63 63 63 38 16 11 63 63 32 95",
            "output": "63"
        },
        {
            "input": "21 21 56 21",
            "output": "21"
        },
        {
            "input": "63 63 35 63",
            "output": "63"
        },
        {
            "input": "16 7 7 98 7 7 43 7 21 13 7 7 7 70 92",
            "output": "7"
        },
        {
            "input": "10 100 10 10 51 88 10 10 10 10 35 3 83 10 67",
            "output": "10"
        },
        {
            "input": "60 60 76",
            "output": "60"
        },
        {
            "input": "82 82 13 39 90 82 82 24 82",
            "output": "82"
        },
        {
            "input": "52 50 50 8 20 50 50 50 78 50 50 76",
            "output": "50"
        },
        {
            "input": "49 69 49 49 49 10",
            "output": "49"
        },
        {
            "input": "45 45 45 19 45 81 67 68 45 45",
            "output": "45"
        }
    ]
}