{
    "id": "missing_number",
    "title": "Missing Number",
    "description": "Given an array containing N-1 unique numbers in the range [1, N], find the one number that is missing from the array.",
    "input_format": "The first line contains an integer N. The second line contains N-1 space-separated integers.",
    "output_format": "The missing integer.",
    "constraints": {
        "N": "2 <= N <= 1000"
    },
    "judge_mode": "FIRST_FAIL",
    "time_limit": 1,
    "sample_test_cases": [
        {
            "input": "5\n1 2 4 5",
            "output": "3"
        },
        {
            "input": "3\n3 1",
            "output": "2"
        }
    ],
    "hidden_test_cases": [
        {
            "input": "6\n6 1 2 3 5",
            "output": "4"
        },
        {
            "input": "4\n2 1 3",
            "output": "4"
        },
        {
            "input": "7\n6 7 1 5 4 2",
            "output": "3"
        },
        {
            "input": "14\n1 9 13 12 10 11 2 5 7 14 3 6 8",
            "output": "4"
        },
        {
            "input": "11\n6 3 2 10 4 5 11 9 8 7",
            "output": "1"
        },
        {
            "input": "8\n5 4 3 7 8 6 2",
            "output": "1"
        },
        {
            "input": "15\n6 3 5 13 1 10 14 9 12 8 11 15 4 7",
            "output": "2"
        },
        {
            "input": "14\n3 10 11 5 8 4 14 7 12 2 13 9 1",
            "output": "6"
        },
        {
            "input": "15\n1 9 3 14 15 8 5 7 11 10 13 2 4 12",
            "output": "6"
        },
        {
            "input": "9\n2 9 8 1 6 4 3 7",
            "output": "5"
        },
        {
            "input": "14\n14 6 3 2 11 1 13 12 10 4 8 7 5",
            "output": "9"
        },
        {
            "input": "9\n6 2 1 9 7 4 5 3",
            "output": "8"
        },
        {
            "input": "5\n1 2 5 3",
            "output": "4"
        },
        {
            "input": "4\n3 4 2",
            "output": "1"
        },
        {
            "input": "14\n11 1 4 10 12 3 14 13 9 6 5 8 7",
            "output": "2"
        },
        {
            "input": "9\n9 4 6 5 8 2 7 3",
            "output": "1"
        },
        {
            "input": "15\n5 7 6 14 9 12 4 13 8 1 2 15 11 3",
            "output": "10"
        },
        {
            "input": "8\n8 6 1 3 4 5 7",
            "output": "2"
        },
        {
            "input": "8\n7 3 2 6 8 5 1",
            "output": "4"
        },
        {
            "input": "11\n6 7 8 4 11 5 3 1 2 9",
            "output": "10"
        },
        {
            "input": "4\n4 2 1",
            "output": "3"
        },
        {
            "input": "6\n2 3 5 1 6",
            "output": "4"
        },
        {
            "input": "4\n2 1 4",
            "output": "3"
        },
        {
            "input": "3\n2 1",
            "output": "3"
        },
        {
            "input": "10\n1 5 8 4 10 6 7 9 3",
            "output": "2"
        },
        {
            "input": "15\n10 12 7 9 13 1 15 11 4 5 6 14 8 3",
            "output": "2"
        },
        {
            "input": "8\n6 4 7 2 1 5 8",
            "output": "3"
        },
        {
            "input": "5\n5 1 3 4",
            "output": "2"
        },
        {
            "input": "10\n10 9 6 7 5 2 4 3 1",
            "output": "8"
        },
        {
            "input": "7\n5 2 1 7 3 6",
            "output": "4"
        },
        {
            "input": "11\n8 5 3 10 2 9 11 1 4 6",
            "output": "7"
        },
        {
            "input": "15\n10 9 4 2 6 11 13 8 1 15 14 5 3 12",
            "output": "7"
        },
        {
            "input": "6\n6 5 2 3 4",
            "output": "1"
        },
        {
            "input": "8\n4 1 8 5 6 2 3",
            "output": "7"
        },
        {
            "input": "8\n2 1 3 8 4 5 7",
            "output": "6"
        },
        {
            "input": "13\n5 11 7 10 8 3 1 4 9 13 6 12",
            "output": "2"
        },
        {
            "input": "15\n1 3 8 13 15 4 9 6 11 14 7 10 12 2",
            "output": "5"
        },
        {
            "input": "8\n7 4 2 3 6 8 5",
            "output": "1"
        },
        {
            "input": "15\n8 6 10 3 15 7 9 5 11 1 4 2 14 13",
            "output": "12"
        },
        {
            "input": "7\n3 5 4 1 6 7",
            "output": "2"
        },
        {
            "input": "11\n4 10 7 6 11 8 9 5 1 2",
            "output": "3"
        },
        {
            "input": "11\n6 1 7 4 3 2 8 5 9 11",
            "output": "10"
        },
        {
            "input": "4\n3 2 1",
            "output": "4"
        },
        {
            "input": "10\n2 3 1 5 6 10 8 7 9",
            "output": "4"
        },
        {
            "input": "15\n14 12 1 9 5 4 13 15 11 10 6 7 2 3",
            "output": "8"
        },
        {
            "input": "15\n10 8 13 7 2 1 5 3 14 15 6 12 9 4",
            "output": "11"
        },
        {
            "input": "4\n1 4 2",
            "output": "3"
        },
        {
            "input": "12\n11 12 4 3 7 9 1 8 10 5 6",
            "output": "2"
        },
        {
            "input": "5\n4 5 2 1",
            "output": "3"
        },
        {
            "input": "14\n11 4 7 5 14 9 13 1 10 3 2 8 12",
            "output": "6"
        },
        {
            "input": "13\n5 7 11 10 6 8 3 4 12 2 1 13",
            "output": "9"
        },
        {
            "input": "6\n1 4 3 5 6",
            "output": "2"
        },
        {
            "input": "9\n9 3 4 8 5 1 2 7",
            "output": "6"
        },
        {
            "input": "3\n3 2",
            "output": "1"
        },
        {
            "input": "9\n4 1 8 2 7 9 3 5",
            "output": "6"
        },
        {
            "input": "12\n10 11 12 3 5 1 6 4 8 2 9",
            "output": "7"
        },
        {
            "input": "9\n2 9 6 3 1 5 8 4",
            "output": "7"
        },
        {
            "input": "10\n4 3 5 9 10 1 6 7 8",
            "output": "2"
        },
        {
            "input": "15\n11 6 2 13 10 8 15 5 4 12 7 14 9 1",
            "output": "3"
        },
        {
            "input": "11\n7 6 9 3 2 5 11 10 4 8",
            "output": "1"
        },
        {
            "input": "7\n6 4 5 3 2 7",
            "output": "1"
        },
        {
            "input": "13\n5 3 2 7 10 6 11 8 12 13 9 4",
            "output": "1"
        },
        {
            "input": "14\n10 13 4 5 3 12 1 2 6 7 9 14 11",
            "output": "8"
        },
        {
            "input": "4\n1 3 4",
            "output": "2"
        },
        {
            "input": "13\n1 11 9 10 4 5 3 2 6 7 8 12",
            "output": "13"
        },
        {
            "input": "9\n2 6 9 7 1 4 3 8",
            "output": "5"
        },
        {
            "input": "3\n3 1",
            "output": "2"
        },
        {
            "input": "6\n6 4 2 3 1",
            "output": "5"
        },
        {
            "input": "15\n12 2 11 14 15 3 5 13 4 6 9 10 7 8",
            "output": "1"
        },
        {
            "input": "11\n10 11 1 4 9 2 8 5 3 6",
            "output": "7"
        },
        {
            "input": "14\n13 9 7 4 14 11 6 5 1 8 2 3 10",
            "output": "12"
        },
        {
            "input": "4\n1 2 4",
            "output": "3"
        },
        {
            "input": "6\n5 3 6 4 1",
            "output": "2"
        },
        {
            "input": "11\n10 6 3 11 5 4 9 7 1 8",
            "output": "2"
        },
        {
            "input": "14\n9 5 3 2 6 4 7 14 10 1 12 8 11",
            "output": "13"
        },
        {
            "input": "8\n6 5 8 4 7 3 1",
            "output": "2"
        },
        {
            "input": "9\n8 2 9 1 6 3 5 4",
            "output": "7"
        },
        {
            "input": "15\n14 15 9 13 6 11 8 2 3 10 7 12 4 1",
            "output": "5"
        },
        {
            "input": "14\n10 3 5 8 1 11 7 4 13 2 6 14 12",
            "output": "9"
        },
        {
            "input": "15\n9 3 10 1 5 4 8 7 15 14 11 2 6 12",
            "output": "13"
        },
        {
            "input": "5\n4 5 3 2",
            "output": "1"
        },
        {
            "input": "14\n7 2 11 12 10 13 1 5 4 14 6 3 8",
            "output": "9"
        },
        {
            "input": "11\n3 7 5 4 1 8 10 11 2 9",
            "output": "6"
        },
        {
            "input": "6\n6 5 4 2 3",
            "output": "1"
        },
        {
            "input": "8\n2 3 1 6 4 7 5",
            "output": "8"
        },
        {
            "input": "9\n5 6 3 8 1 2 7 9",
            "output": "4"
        },
        {
            "input": "9\n2 7 3 6 5 9 1 4",
            "output": "8"
        },
        {
            "input": "5\n5 2 1 4",
            "output": "3"
        },
        {
            "input": "8\n6 5 7 3 1 2 4",
            "output": "8"
        },
        {
            "input": "4\n4 3 2",
            "output": "1"
        },
        {
            "input": "3\n1 3",
            "output": "2"
        },
        {
            "input": "9\n6 7 9 4 1 2 8 5",
            "output": "3"
        },
        {
            "input": "5\n2 5 4 3",
            "output": "1"
        },
        {
            "input": "12\n6 11 3 5 10 9 2 1 7 8 12",
            "output": "4"
        },
        {
            "input": "13\n1 4 11 12 5 9 7 6 3 13 8 10",
            "output": "2"
        },
        {
            "input": "9\n1 7 8 6 2 3 9 5",
            "output": "4"
        },
        {
            "input": "9\n1 2 5 6 4 9 7 8",
            "output": "3"
        },
        {
            "input": "6\n2 6 5 3 1",
            "output": "4"
        },
        {
            "input": "12\n6 3 5 1 8 4 7 9 2 12 10",
            "output": "11"
        },
        {
            "input": "9\n9 7 2 6 4 1 5 8",
            "output": "3"
        },
        {
            "input": "8\n3 6 4 1 8 2 5",
            "output": "7"
        },
        {
            "input": "10\n7 4 8 6 3 9 10 2 5",
            "output": "1"
        },
        {
            "input": "8\n5 8 6 2 1 4 3",
            "output": "7"
        },
        {
            "input": "7\n1 7 2 6 3 5",
            "output": "4"
        },
        {
            "input": "13\n1 5 10 4 3 13 2 11 6 12 9 8",
            "output": "7"
        },
        {
            "input": "6\n1 2 3 5 6",
            "output": "4"
        },
        {
            "input": "13\n7 6 8 4 13 9 5 10 3 1 12 2",
            "output": "11"
        },
        {
            "input": "10\n7 10 2 6 8 3 5 1 9",
            "output": "4"
        },
        {
            "input": "9\n9 7 8 2 4 5 3 1",
            "output": "6"
        },
        {
            "input": "9\n9 1 2 7 8 4 6 5",
            "output": "3"
        },
        {
            "input": "11\n11 6 8 10 4 9 1 2 3 5",
            "output": "7"
        },
        {
            "input": "14\n9 4 2 14 5 11 12 13 3 6 8 7 10",
            "output": "1"
        },
        {
            "input": "8\n2 3 5 4 6 1 8",
            "output": "7"
        },
        {
            "input": "11\n8 4 3 2 9 6 11 5 7 1",
            "output": "10"
        },
        {
            "input": "15\n2 6 11 7 13 15 9 14 3 5 10 1 4 8",
            "output": "12"
        },
        {
            "input": "6\n5 4 6 2 1",
            "output": "3"
        },
        {
            "input": "11\n10 11 5 1 8 3 9 7 2 6",
            "output": "4"
        },
        {
            "input": "8\n6 7 8 2 5 4 3",
            "output": "1"
        },
        {
            "input": "14\n2 13 4 1 9 3 8 14 10 6 7 12 5",
            "output": "11"
        },
        {
            "input": "8\n1 8 6 4 3 7 5",
            "output": "2"
        },
        {
            "input": "5\n3 1 2 4",
            "output": "5"
        },
        {
            "input": "11\n1 9 11 3 10 6 7 8 2 5",
            "output": "4"
        },
        {
            "input": "7\n5 7 1 3 4 6",
            "output": "2"
        },
        {
            "input": "15\n13 14 8 1 4 2 3 5 9 6 10 12 15 11",
            "output": "7"
        },
        {
            "input": "11\n4 7 11 6 2 9 1 10 3 8",
            "output": "5"
        },
        {
            "input": "15\n12 8 10 6 5 11 2 7 9 15 4 13 1 14",
            "output": "3"
        },
        {
            "input": "7\n7 2 4 3 1 6",
            "output": "5"
        },
        {
            "input": "9\n4 7 2 3 9 8 5 1",
            "output": "6"
        },
        {
            "input": "3\n1 2",
            "output": "3"
        },
        {
            "input": "8\n6 7 4 2 5 3 8",
            "output": "1"
        },
        {
            "input": "6\n1 2 3 6 4",
            "output": "5"
        },
        {
            "input": "8\n6 8 4 7 3 1 5",
            "output": "2"
        },
        {
            "input": "9\n6 4 3 9 5 1 7 2",
            "output": "8"
        },
        {
            "input": "4\n3 2 4",
            "output": "1"
        },
        {
            "input": "11\n11 5 4 9 1 8 3 10 7 6",
            "output": "2"
        },
        {
            "input": "4\n4 2 3",
            "output": "1"
        },
        {
            "input": "8\n1 3 7 4 8 2 6",
            "output": "5"
        },
        {
            "input": "11\n9 4 1 6 11 7 2 5 3 10",
            "output": "8"
        },
        {
            "input": "14\n9 4 2 11 10 5 1 12 6 7 8 3 13",
            "output": "14"
        },
        {
            "input": "10\n5 3 6 10 9 8 4 7 1",
            "output": "2"
        },
        {
            "input": "15\n13 10 2 5 12 9 11 7 3 14 15 1 6 4",
            "output": "8"
        },
        {
            "input": "5\n4 2 3 1",
            "output": "5"
        },
        {
            "input": "14\n10 11 7 8 9 13 12 4 6 5 2 1 3",
            "output": "14"
        },
        {
            "input": "11\n5 6 4 2 9 8 3 10 1 11",
            "output": "7"
        },
        {
            "input": "11\n3 5 9 4 8 10 7 2 6 11",
            "output": "1"
        },
        {
            "input": "15\n4 2 15 11 6 9 8 13 10 5 3 14 12 1",
            "output": "7"
        },
        {
            "input": "13\n8 7 12 3 1 6 11 10 13 5 2 9",
            "output": "4"
        },
        {
            "input": "13\n8 6 11 2 5 12 7 10 3 9 13 4",
            "output": "1"
        },
        {
            "input": "9\n4 5 6 2 1 3 8 9",
            "output": "7"
        },
        {
            "input": "8\n3 2 6 7 4 8 1",
            "output": "5"
        },
        {
            "input": "9\n9 1 7 4 8 2 3 6",
            "output": "5"
        },
        {
            "input": "8\n1 7 5 4 8 3 6",
            "output": "2"
        },
        {
            "input": "5\n2 4 3 5",
            "output": "1"
        },
        {
            "input": "14\n10 2 3 9 13 11 6 1 5 14 7 12 4",
            "output": "8"
        },
        {
            "input": "12\n9 5 8 12 1 6 4 10 11 7 3",
            "output": "2"
        },
        {
            "input": "6\n2 4 6 3 1",
            "output": "5"
        },
        {
            "input": "10\n2 5 3 1 10 9 6 8 7",
            "output": "4"
        },
        {
            "input": "6\n1 2 6 4 5",
            "output": "3"
        },
        {
            "input": "12\n10 8 1 4 7 5 9 3 11 2 12",
            "output": "6"
        },
        {
            "input": "3\n2 3",
            "output": "1"
        },
        {
            "input": "10\n7 5 4 8 10 1 2 3 6",
            "output": "9"
        },
        {
            "input": "4\n1 3 2",
            "output": "4"
        },
        {
            "input": "5\n1 5 3 4",
            "output": "2"
        },
        {
            "input": "8\n4 2 8 7 1 3 6",
            "output": "5"
        },
        {
            "input": "12\n10 6 8 1 2 4 12 3 5 9 7",
            "output": "11"
        },
        {
            "input": "5\n1 4 2 3",
            "output": "5"
        },
        {
            "input": "9\n3 7 6 8 9 5 1 4",
            "output": "2"
        },
        {
            "input": "7\n5 2 1 7 4 6",
            "output": "3"
        },
        {
            "input": "9\n7 4 5 8 6 3 9 2",
            "output": "1"
        },
        {
            "input": "11\n6 7 5 11 8 3 4 10 1 2",
            "output": "9"
        },
        {
            "input": "12\n11 1 8 10 2 9 12 7 4 3 5",
            "output": "6"
        },
        {
            "input": "5\n1 5 2 3",
            "output": "4"
        },
        {
            "input": "14\n5 14 8 3 9 4 6 13 1 2 11 7 10",
            "output": "12"
        },
        {
            "input": "11\n7 8 10 5 6 2 4 9 11 1",
            "output": "3"
        },
        {
            "input": "11\n2 3 11 1 9 8 7 10 5 4",
            "output": "6"
        },
        {
            "input": "7\n7 4 1 6 2 5",
            "output": "3"
        },
        {
            "input": "5\n1 5 4 3",
            "output": "2"
        },
        {
            "input": "14\n3 4 1 14 7 12 13 9 8 5 2 10 11",
            "output": "6"
        },
        {
            "input": "9\n8 4 6 3 2 9 5 1",
            "output": "7"
        },
        {
            "input": "12\n5 7 6 11 10 8 4 2 3 1 12",
            "output": "9"
        },
        {
            "input": "8\n4 5 8 3 2 7 6",
            "output": "1"
        },
        {
            "input": "8\n7 3 5 2 8 4 1",
            "output": "6"
        },
        {
            "input": "13\n6 11 5 9 7 1 8 4 2 10 13 12",
            "output": "3"
        },
        {
            "input": "10\n10 6 2 7 4 5 1 3 8",
            "output": "9"
        },
        {
            "input": "11\n3 5 2 6 7 9 4 10 1 11",
            "output": "8"
        },
        {
            "input": "11\n6 5 8 9 10 3 7 1 2 11",
            "output": "4"
        },
        {
            "input": "5\n1 3 2 5",
            "output": "4"
        },
        {
            "input": "15\n6 4 5 2 10 13 11 1 3 9 8 7 14 12",
            "output": "15"
        },
        {
            "input": "8\n3 5 6 1 7 4 8",
            "output": "2"
        },
        {
            "input": "10\n7 1 3 2 9 8 4 10 6",
            "output": "5"
        },
        {
            "input": "7\n7 2 5 1 6 3",
            "output": "4"
        },
        {
            "input": "10\n3 7 4 1 5 10 2 6 8",
            "output": "9"
        },
        {
            "input": "11\n6 2 9 8 1 4 5 11 7 3",
            "output": "10"
        },
        {
            "input": "10\n9 4 7 1 8 3 6 5 2",
            "output": "10"
        },
        {
            "input": "11\n2 10 7 9 1 8 3 6 5 4",
            "output": "11"
        },
        {
            "input": "12\n12 8 7 10 11 3 9 5 6 2 4",
            "output": "1"
        },
        {
            "input": "6\n3 1 2 6 4",
            "output": "5"
        },
        {
            "input": "11\n5 6 9 8 1 4 7 10 11 3",
            "output": "2"
        },
        {
            "input": "8\n1 2 3 5 4 8 7",
            "output": "6"
        },
        {
            "input": "15\n9 11 4 13 3 1 14 12 2 5 7 6 15 10",
            "output": "8"
        },
        {
            "input": "8\n7 3 6 4 8 5 1",
            "output": "2"
        },
        {
            "input": "14\n2 13 11 4 6 1 7 9 8 5 10 14 3",
            "output": "12"
        },
        {
            "input": "8\n4 8 7 3 5 2 6",
            "output": "1"
        },
        {
            "input": "5\n4 1 2 5",
            "output": "3"
        },
        {
            "input": "12\n12 2 6 1 8 11 4 9 7 5 10",
            "output": "3"
        },
        {
            "input": "5\n3 5 4 2",
            "output": "1"
        },
        {
            "input": "7\n7 6 3 2 4 5",
            "output": "1"
        },
        {
            "input": "7\n2 5 7 3 6 1",
            "output": "4"
        },
        {
            "input": "10\n9 10 7 6 2 3 5 4 1",
            "output": "8"
        },
        {
            "input": "10\n9 1 10 3 2 8 7 4 6",
            "output": "5"
        },
        {
            "input": "4\n2 4 1",
            "output": "3"
        },
        {
            "input": "4\n3 4 1",
            "output": "2"
        },
        {
            "input": "12\n3 5 10 4 6 1 12 9 8 7 2",
            "output": "11"
        },
        {
            "input": "5\n3 5 1 2",
            "output": "4"
        },
        {
            "input": "10\n4 5 6 9 8 10 1 2 7",
            "output": "3"
        },
        {
            "input": "13\n1 7 13 9 8 5 10 6 3 4 2 11",
            "output": "12"
        },
        {
            "input": "5\n1 3 5 2",
            "output": "4"
        },
        {
            "input": "8\n3 6 5 8 7 2 1",
            "output": "4"
        },
        {
            "input": "7\n5 1 6 2 4 3",
            "output": "7"
        },
        {
            "input": "8\n4 5 2 1 6 7 3",
            "output": "8"
        },
        {
            "input": "10\n3 5 1 7 10 2 9 8 6",
            "output": "4"
        },
        {
            "input": "12\n4 10 2 12 5 1 9 7 8 6 3",
            "output": "11"
        },
        {
            "input": "9\n1 9 2 4 8 7 3 6",
            "output": "5"
        },
        {
            "input": "10\n4 3 7 10 9 8 1 5 6",
            "output": "2"
        },
        {
            "input": "12\n9 10 4 8 11 5 7 6 2 3 1",
            "output": "12"
        },
        {
            "input": "13\n1 3 7 13 8 12 10 9 5 2 4 11",
            "output": "6"
        },
        {
            "input": "7\n5 6 1 3 2 4",
            "output": "7"
        },
        {
            "input": "8\n4 8 7 1 6 3 2",
            "output": "5"
        },
        {
            "input": "5\n2 5 1 4",
            "output": "3"
        },
        {
            "input": "7\n2 6 5 1 4 7",
            "output": "3"
        },
        {
            "input": "12\n4 8 7 6 5 3 10 11 2 9 1",
            "output": "12"
        },
        {
            "input": "5\n4 2 5 1",
            "output": "3"
        },
        {
            "input": "12\n11 2 9 10 12 1 5 3 7 6 4",
            "output": "8"
        },
        {
            "input": "14\n13 11 5 8 1 6 9 4 14 3 7 10 2",
            "output": "12"
        },
        {
            "input": "6\n5 1 2 6 4",
            "output": "3"
        },
        {
            "input": "12\n5 6 4 3 9 2 1 8 7 11 10",
            "output": "12"
        },
        {
            "input": "11\n10 11 1 7 8 6 5 2 9 4",
            "output": "3"
        },
        {
            "input": "15\n12 11 9 1 2 3 10 15 6 13 7 4 5 8",
            "output": "14"
        },
        {
            "input": "13\n4 3 1 11 13 8 12 6 10 7 9 5",
            "output": "2"
        },
        {
            "input": "9\n6 8 4 5 7 9 3 2",
            "output": "1"
        },
        {
            "input": "6\n4 2 3 5 1",
            "output": "6"
        },
        {
            "input": "11\n8 5 6 11 4 7 10 3 1 9",
            "output": "2"
        },
        {
            "input": "11\n8 4 1 7 11 10 5 3 6 9",
            "output": "2"
        },
        {
            "input": "5\n3 1 5 2",
            "output": "4"
        },
        {
            "input": "6\n5 4 2 3 6",
            "output": "1"
        },
        {
            "input": "13\n3 4 10 2 8 9 5 1 13 12 7 11",
            "output": "6"
        },
        {
            "input": "10\n10 1 6 2 4 7 9 5 8",
            "output": "3"
        },
        {
            "input": "9\n8 2 4 9 7 1 3 5",
            "output": "6"
        },
        {
            "input": "4\n2 3 4",
            "output": "1"
        },
        {
            "input": "10\n7 2 1 10 8 9 3 6 5",
            "output": "4"
        },
        {
            "input": "8\n2 6 1 4 7 8 3",
            "output": "5"
        },
        {
            "input": "11\n7 5 1 4 6 3 2 8 10 9",
            "output": "11"
        },
        {
            "input": "7\n4 5 3 7 2 6",
            "output": "1"
        },
        {
            "input": "8\n4 7 5 6 8 3 2",
            "output": "1"
        },
        {
            "input": "7\n2 4 7 1 5 3",
            "output": "6"
        },
        {
            "input": "15\n1 11 4 10 9 2 7 13 6 8 14 3 15 12",
            "output": "5"
        },
        {
            "input": "13\n4 10 9 5 13 6 1 2 7 12 11 8",
            "output": "3"
        },
        {
            "input": "14\n11 6 4 9 13 7 14 3 8 2 10 5 1",
            "output": "12"
        },
        {
            "input": "6\n6 4 1 2 5",
            "output": "3"
        },
        {
            "input": "8\n6 7 4 8 5 3 1",
            "output": "2"
        },
        {
            "input": "8\n6 5 1 8 3 2 4",
            "output": "7"
        },
        {
            "input": "7\n2 7 3 5 4 6",
            "output": "1"
        },
        {
            "input": "10\n6 2 5 4 9 3 10 1 7",
            "output": "8"
        },
        {
            "input": "10\n1 3 8 2 6 7 9 4 10",
            "output": "5"
        },
        {
            "input": "15\n9 11 14 7 8 10 2 1 12 4 5 13 6 3",
            "output": "15"
        },
        {
            "input": "9\n7 3 9 4 2 6 1 5",
            "output": "8"
        },
        {
            "input": "12\n7 1 11 12 10 2 3 5 6 4 9",
            "output": "8"
        },
        {
            "input": "5\n5 2 1 3",
            "output": "4"
        },
        {
            "input": "14\n1 11 6 2 4 9 5 8 13 14 3 7 10",
            "output": "12"
        },
        {
            "input": "12\n5 12 3 11 8 1 2 6 10 4 9",
            "output": "7"
        },
        {
            "input": "9\n5 2 1 7 4 6 8 9",
            "output": "3"
        },
        {
            "input": "14\n5 3 1 2 6 4 7 11 10 9 14 12 8",
            "output": "13"
        },
        {
            "input": "9\n5 4 6 2 8 9 3 1",
            "output": "7"
        },
        {
            "input": "10\n1 6 7 2 4 5 3 9 10",
            "output": "8"
        },
        {
            "input": "8\n7 4 6 2 3 1 5",
            "output": "8"
        },
        {
            "input": "13\n1 12 5 8 9 11 3 10 2 13 6 4",
            "output": "7"
        },
        {
            "input": "12\n6 2 4 12 1 7 3 10 9 11 5",
            "output": "8"
        },
        {
            "input": "7\n2 1 5 3 4 7",
            "output": "6"
        },
        {
            "input": "9\n9 2 3 5 7 6 1 8",
            "output": "4"
        },
        {
            "input": "11\n6 8 4 11 3 9 5 7 1 2",
            "output": "10"
        },
        {
            "input": "6\n3 1 6 4 2",
            "output": "5"
        },
        {
            "input": "14\n6 10 2 8 4 9 5 13 3 1 12 7 14",
            "output": "11"
        },
        {
            "input": "13\n4 12 13 2 10 1 8 11 6 5 9 3",
            "output": "7"
        },
        {
            "input": "5\n4 1 3 5",
            "output": "2"
        },
        {
            "input": "14\n14 6 10 4 2 9 8 13 11 1 12 3 5",
            "output": "7"
        },
        {
            "input": "11\n3 2 7 6 5 9 4 10 8 11",
            "output": "1"
        },
        {
            "input": "4\n2 4 3",
            "output": "1"
        },
        {
            "input": "9\n6 9 7 8 4 3 2 1",
            "output": "5"
        },
        {
            "input": "9\n9 1 4 7 2 5 8 3",
            "output": "6"
        },
        {
            "input": "15\n6 5 14 11 4 15 12 8 2 10 3 9 7 13",
            "output": "1"
        },
        {
            "input": "12\n2 7 5 11 3 12 6 8 9 4 10",
            "output": "1"
        },
        {
            "input": "15\n4 13 14 1 12 10 8 2 15 7 11 3 5 9",
            "output": "6"
        },
        {
            "input": "5\n4 2 3 5",
            "output": "1"
        },
        {
            "input": "15\n2 11 4 10 14 13 12 1 8 15 6 9 5 7",
            "output": "3"
        },
        {
            "input": "11\n6 10 2 3 4 11 8 9 1 5",
            "output": "7"
        },
        {
            "input": "12\n3 10 12 1 7 6 9 11 5 4 2",
            "output": "8"
        },
        {
            "input": "6\n4 6 2 1 3",
            "output": "5"
        },
        {
            "input": "12\n5 8 7 3 12 10 9 4 11 2 1",
            "output": "6"
        },
        {
            "input": "11\n5 11 4 3 7 10 8 9 2 1",
            "output": "6"
        },
        {
            "input": "15\n3 11 10 5 7 9 1 4 15 12 8 6 13 2",
            "output": "14"
        },
        {
            "input": "6\n3 1 4 2 6",
            "output": "5"
        },
        {
            "input": "9\n6 4 3 9 8 5 2 1",
            "output": "7"
        },
        {
            "input": "9\n9 6 4 3 2 5 8 1",
            "output": "7"
        },
        {
            "input": "11\n2 8 10 6 1 5 3 11 7 4",
            "output": "9"
        },
        {
            "input": "14\n4 6 14 7 13 11 5 8 2 9 10 12 3",
            "output": "1"
        },
        {
            "input": "12\n5 3 11 7 8 6 10 12 4 9 1",
            "output": "2"
        },
        {
            "input": "9\n6 5 9 2 3 8 1 4",
            "output": "7"
        },
        {
            "input": "12\n5 8 9 10 4 11 7 12 1 3 2",
            "output": "6"
        },
        {
            "input": "6\n1 4 6 5 2",
            "output": "3"
        },
        {
            "input": "11\n5 9 6 11 10 7 3 4 2 1",
            "output": "8"
        },
        {
            "input": "9\n7 1 5 3 2 8 9 6",
            "output": "4"
        },
        {
            "input": "12\n3 5 4 9 1 10 12 6 7 2 11",
            "output": "8"
        },
        {
            "input": "4\n3 1 4",
            "output": "2"
        },
        {
            "input": "5\n5 1 4 2",
            "output": "3"
        },
        {
            "input": "14\n5 9 10 1 14 2 6 8 3 12 4 7 13",
            "output": "11"
        },
        {
            "input": "11\n9 1 2 5 4 6 7 11 8 10",
            "output": "3"
        },
        {
            "input": "7\n2 1 3 4 6 7",
            "output": "5"
        },
        {
            "input": "5\n2 3 4 1",
            "output": "5"
        },
        {
            "input": "10\n2 6 3 4 10 1 8 9 7",
            "output": "5"
        },
        {
            "input": "4\n4 1 3",
            "output": "2"
        },
        {
            "input": "11\n11 5 7 6 9 8 2 10 1 3",
            "output": "4"
        },
        {
            "input": "5\n5 1 2 4",
            "output": "3"
        },
        {
            "input": "7\n6 2 3 1 5 7",
            "output": "4"
        },
        {
            "input": "5\n5 1 4 3",
            "output": "2"
        },
        {
            "input": "14\n7 11 12 10 6 9 1 2 13 3 14 4 8",
            "output": "5"
        },
        {
            "input": "15\n5 9 7 14 12 3 6 10 11 2 1 13 15 8",
            "output": "4"
        },
        {
            "input": "7\n1 3 6 2 7 5",
            "output": "4"
        },
        {
            "input": "11\n8 3 7 6 5 9 4 2 11 10",
            "output": "1"
        },
        {
            "input": "12\n6 9 5 10 3 7 1 12 4 8 2",
            "output": "11"
        },
        {
            "input": "9\n3 6 7 8 9 4 2 1",
            "output": "5"
        },
        {
            "input": "8\n1 2 4 3 7 6 5",
            "output": "8"
        },
        {
            "input": "14\n14 12 2 3 8 7 4 6 13 9 11 1 10",
            "output": "5"
        },
        {
            "input": "7\n6 5 7 2 3 1",
            "output": "4"
        },
        {
            "input": "12\n9 10 12 3 1 8 11 6 5 7 2",
            "output": "4"
        },
        {
            "input": "11\n11 8 6 4 2 7 9 10 5 1",
            "output": "3"
        },
        {
            "input": "13\n6 10 4 2 1 12 11 9 13 3 8 7",
            "output": "5"
        },
        {
            "input": "7\n3 5 7 1 2 4",
            "output": "6"
        },
        {
            "input": "7\n4 5 2 7 3 6",
            "output": "1"
        },
        {
            "input": "7\n2 6 7 3 4 1",
            "output": "5"
        },
        {
            "input": "6\n2 4 3 5 1",
            "output": "6"
        },
        {
            "input": "14\n9 12 6 8 13 2 3 4 11 10 5 7 1",
            "output": "14"
        },
        {
            "input": "14\n6 11 12 9 4 2 3 8 7 1 14 5 13",
            "output": "10"
        },
        {
            "input": "15\n10 8 11 6 15 4 7 3 5 12 9 13 1 14",
            "output": "2"
        },
        {
            "input": "7\n1 7 4 6 5 2",
            "output": "3"
        },
        {
            "input": "6\n3 2 4 5 6",
            "output": "1"
        },
        {
            "input": "10\n1 9 7 2 6 5 10 8 4",
            "output": "3"
        },
        {
            "input": "15\n15 1 10 12 8 11 3 14 6 4 5 7 2 9",
            "output": "13"
        },
        {
            "input": "14\n4 5 2 7 11 1 13 6 12 14 3 10 8",
            "output": "9"
        },
        {
            "input": "9\n4 9 6 8 1 5 3 7",
            "output": "2"
        },
        {
            "input": "13\n11 2 3 4 9 7 5 6 12 1 13 10",
            "output": "8"
        },
        {
            "input": "10\n10 6 1 5 4 2 7 9 8",
            "output": "3"
        },
        {
            "input": "9\n6 5 1 2 3 4 8 7",
            "output": "9"
        },
        {
            "input": "13\n6 4 10 13 11 3 12 8 7 1 9 5",
            "output": "2"
        },
        {
            "input": "10\n8 5 10 6 3 7 2 9 1",
            "output": "4"
        },
        {
            "input": "14\n6 5 14 9 7 8 2 12 3 4 11 13 1",
            "output": "10"
        },
        {
            "input": "15\n5 3 15 8 4 2 1 9 13 7 12 14 6 11",
            "output": "10"
        },
        {
            "input": "12\n12 3 5 11 4 2 9 6 10 1 7",
            "output": "8"
        },
        {
            "input": "12\n12 7 5 6 2 4 10 8 11 9 3",
            "output": "1"
        },
        {
            "input": "11\n1 4 8 7 10 6 5 3 9 2",
            "output": "11"
        },
        {
            "input": "4\n3 1 2",
            "output": "4"
        },
        {
            "input": "15\n5 14 9 11 10 4 1 2 13 6 12 3 15 8",
            "output": "7"
        },
        {
            "input": "15\n8 11 1 12 4 6 15 2 9 14 3 10 7 5",
            "output": "13"
        },
        {
            "input": "8\n4 1 3 8 7 5 2",
            "output": "6"
        },
        {
            "input": "4\n1 4 3",
            "output": "2"
        },
        {
            "input": "12\n10 4 11 7 6 1 5 12 9 8 3",
            "output": "2"
        },
        {
            "input": "10\n8 10 6 9 5 3 7 2 4",
            "output": "1"
        },
        {
            "input": "5\n4 1 5 3",
            "output": "2"
        },
        {
            "input": "10\n5 9 1 7 8 2 3 4 10",
            "output": "6"
        },
        {
            "input": "14\n2 5 14 10 3 4 1 9 6 12 13 8 7",
            "output": "11"
        },
        {
            "input": "13\n9 1 13 11 10 4 3 2 12 5 6 7",
            "output": "8"
        },
        {
            "input": "6\n3 4 1 5 6",
            "output": "2"
        },
        {
            "input": "15\n7 10 15 12 8 11 14 9 4 13 3 1 2 5",
            "output": "6"
        },
        {
            "input": "10\n5 1 4 8 10 2 7 6 3",
            "output": "9"
        },
        {
            "input": "9\n4 1 7 8 9 2 5 3",
            "output": "6"
        },
        {
            "input": "7\n3 2 4 6 5 1",
            "output": "7"
        },
        {
            "input": "15\n4 14 10 6 12 8 3 2 5 1 7 15 11 9",
            "output": "13"
        },
        {
            "input": "6\n5 3 6 2 1",
            "output": "4"
        },
        {
            "input": "7\n6 7 4 3 1 5",
            "output": "2"
        },
        {
            "input": "9\n1 6 9 2 4 3 7 5",
            "output": "8"
        },
        {
            "input": "7\n4 2 1 6 3 5",
            "output": "7"
        },
        {
            "input": "9\n3 7 1 9 4 5 6 2",
            "output": "8"
        },
        {
            "input": "15\n15 10 11 9 12 14 8 13 6 2 4 5 7 3",
            "output": "1"
        },
        {
            "input": "5\n5 4 3 2",
            "output": "1"
        },
        {
            "input": "10\n3 5 6 10 1 8 7 4 9",
            "output": "2"
        },
        {
            "input": "12\n6 3 12 5 4 9 11 8 1 10 2",
            "output": "7"
        },
        {
            "input": "11\n6 8 1 9 3 4 5 10 11 2",
            "output": "7"
        },
        {
            "input": "15\n4 13 15 9 5 12 2 1 14 11 3 7 8 10",
            "output": "6"
        },
        {
            "input": "5\n4 2 5 3",
            "output": "1"
        },
        {
            "input": "9\n3 4 6 2 7 1 9 8",
            "output": "5"
        },
        {
            "input": "6\n3 5 4 2 6",
            "output": "1"
        },
        {
            "input": "14\n7 9 11 10 3 4 12 14 1 2 6 5 13",
            "output": "8"
        },
        {
            "input": "15\n11 4 10 7 12 6 5 3 15 2 14 13 1 9",
            "output": "8"
        },
        {
            "input": "5\n2 3 1 4",
            "output": "5"
        },
        {
            "input": "14\n5 2 1 4 9 11 3 8 10 14 13 7 12",
            "output": "6"
        },
        {
            "input": "15\n6 3 12 4 14 15 9 11 2 1 7 13 5 10",
            "output": "8"
        },
        {
            "input": "6\n4 6 5 2 1",
            "output": "3"
        },
        {
            "input": "6\n5 6 2 4 3",
            "output": "1"
        },
        {
            "input": "15\n10 5 4 2 12 3 15 14 13 6 7 1 8 11",
            "output": "9"
        },
        {
            "input": "7\n6 4 5 3 7 2",
            "output": "1"
        },
        {
            "input": "15\n4 14 1 8 12 7 6 3 9 5 11 15 10 2",
            "output": "13"
        },
        {
            "input": "8\n7 1 5 2 6 8 4",
            "output": "3"
        },
        {
            "input": "12\n7 12 11 4 1 6 2 3 9 10 8",
            "output": "5"
        },
        {
            "input": "9\n4 3 2 9 8 5 1 6",
            "output": "7"
        },
        {
            "input": "6\n1 5 4 3 6",
            "output": "2"
        },
        {
            "input": "10\n7 9 4 3 6 10 8 1 2",
            "output": "5"
        },
        {
            "input": "5\n5 3 1 4",
            "output": "2"
        },
        {
            "input": "6\n1 3 6 4 5",
            "output": "2"
        },
        {
            "input": "13\n11 10 4 8 9 2 5 13 3 7 1 6",
            "output": "12"
        },
        {
            "input": "10\n2 9 7 5 4 3 1 8 6",
            "output": "10"
        },
        {
            "input": "6\n3 4 2 6 5",
            "output": "1"
        },
        {
            "input": "8\n8 4 3 6 2 1 5",
            "output": "7"
        },
        {
            "input": "11\n10 1 11 2 8 5 7 9 4 3",
            "output": "6"
        },
        {
            "input": "13\n13 11 7 4 2 3 8 9 1 5 12 10",
            "output": "6"
        },
        {
            "input": "4\n1 2 3",
            "output": "4"
        },
        {
            "input": "5\n5 3 4 2",
            "output": "1"
        },
        {
            "input": "14\n11 4 9 10 8 5 14 12 1 7 13 3 2",
            "output": "6"
        },
        {
            "input": "6\n2 4 1 6 3",
            "output": "5"
        },
        {
            "input": "10\n7 5 2 4 9 1 8 3 10",
            "output": "6"
        },
        {
            "input": "9\n5 6 1 7 9 2 3 4",
            "output": "8"
        },
        {
            "input": "6\n6 5 1 4 3",
            "output": "2"
        },
        {
            "input": "8\n4 1 7 8 2 5 3",
            "output": "6"
        },
        {
            "input": "6\n2 1 6 3 4",
            "output": "5"
        },
        {
            "input": "13\n10 1 12 13 3 9 11 4 7 6 2 8",
            "output": "5"
        },
        {
            "input": "11\n4 1 11 3 6 8 10 9 2 7",
            "output": "5"
        },
        {
            "input": "9\n9 8 2 7 5 4 1 6",
            "output": "3"
        },
        {
            "input": "6\n4 2 5 6 3",
            "output": "1"
        },
        {
            "input": "7\n3 6 1 2 4 5",
            "output": "7"
        },
        {
            "input": "6\n5 2 4 6 1",
            "output": "3"
        },
        {
            "input": "5\n2 1 3 4",
            "output": "5"
        },
        {
            "input": "13\n13 4 5 7 10 6 11 2 12 8 1 3",
            "output": "9"
        },
        {
            "input": "5\n2 1 5 4",
            "output": "3"
        },
        {
            "input": "9\n9 4 8 5 7 3 6 1",
            "output": "2"
        },
        {
            "input": "14\n6 7 2 10 14 9 4 1 12 8 13 11 3",
            "output": "5"
        },
        {
            "input": "10\n3 4 2 7 10 9 5 6 1",
            "output": "8"
        },
        {
            "input": "14\n12 2 13 1 11 5 3 14 7 4 6 8 10",
            "output": "9"
        },
        {
            "input": "9\n2 5 6 9 4 1 7 8",
            "output": "3"
        },
        {
            "input": "13\n10 13 4 5 6 9 1 3 8 11 7 2",
            "output": "12"
        },
        {
            "input": "6\n4 1 3 2 5",
            "output": "6"
        },
        {
            "input": "6\n1 2 4 6 3",
            "output": "5"
        },
        {
            "input": "8\n7 3 2 4 1 5 8",
            "output": "6"
        },
        {
            "input": "12\n6 2 1 12 3 10 8 4 11 7 9",
            "output": "5"
        },
        {
            "input": "8\n2 1 3 4 5 6 7",
            "output": "8"
        },
        {
            "input": "14\n5 2 4 13 7 6 3 10 12 14 11 9 1",
            "output": "8"
        },
        {
            "input": "10\n10 7 1 8 2 3 4 5 9",
            "output": "6"
        },
        {
            "input": "13\n8 2 7 6 3 13 11 10 12 1 4 9",
            "output": "5"
        },
        {
            "input": "7\n3 6 2 7 5 4",
            "output": "1"
        },
        {
            "input": "7\n5 6 1 2 4 3",
            "output": "7"
        },
        {
            "input": "13\n2 6 1 7 9 8 5 11 10 4 13 3",
            "output": "12"
        },
        {
            "input": "7\n2 6 7 3 1 5",
            "output": "4"
        },
        {
            "input": "6\n2 4 6 5 3",
            "output": "1"
        },
        {
            "input": "10\n4 7 5 8 9 3 10 6 2",
            "output": "1"
        },
        {
            "input": "8\n1 5 2 7 8 4 3",
            "output": "6"
        },
        {
            "input": "9\n1 5 6 4 3 9 8 7",
            "output": "2"
        },
        {
            "input": "4\n2 3 1",
            "output": "4"
        },
        {
            "input": "12\n2 3 8 7 10 4 6 12 5 11 9",
            "output": "1"
        },
        {
            "input": "6\n3 2 4 5 1",
            "output": "6"
        },
        {
            "input": "12\n8 11 12 7 4 10 3 9 1 6 2",
            "output": "5"
        },
        {
            "input": "15\n10 1 15 2 6 5 11 14 9 7 3 4 8 12",
            "output": "13"
        },
        {
            "input": "14\n9 7 10 1 6 14 2 11 13 3 8 4 5",
            "output": "12"
        },
        {
            "input": "15\n7 12 11 5 1 14 6 10 2 13 15 9 4 8",
            "output": "3"
        },
        {
            "input": "11\n7 1 2 5 11 6 10 8 9 4",
            "output": "3"
        },
        {
            "input": "10\n4 8 3 5 10 9 6 1 7",
            "output": "2"
        },
        {
            "input": "15\n12 3 10 2 7 11 5 8 13 9 14 15 1 6",
            "output": "4"
        },
        {
            "input": "10\n10 1 9 6 8 4 2 3 7",
            "output": "5"
        },
        {
            "input": "11\n3 9 5 2 10 11 1 8 6 7",
            "output": "4"
        },
        {
            "input": "8\n8 5 6 3 7 4 1",
            "output": "2"
        },
        {
            "input": "15\n11 1 14 2 6 12 7 9 10 15 8 4 5 13",
            "output": "3"
        },
        {
            "input": "8\n3 7 2 5 4 1 6",
            "output": "8"
        },
        {
            "input": "9\n5 4 9 3 1 8 6 7",
            "output": "2"
        },
        {
            "input": "7\n3 6 1 7 4 2",
            "output": "5"
        },
        {
            "input": "5\n1 2 5 4",
            "output": "3"
        },
        {
            "input": "5\n4 2 1 3",
            "output": "5"
        },
        {
            "input": "12\n11 5 3 12 7 6 1 2 4 9 8",
            "output": "10"
        },
        {
            "input": "10\n9 4 5 1 3 7 10 8 6",
            "output": "2"
        },
        {
            "input": "9\n1 5 6 7 8 3 9 4",
            "output": "2"
        },
        {
            "input": "4\n4 1 2",
            "output": "3"
        },
        {
            "input": "6\n6 4 2 3 5",
            "output": "1"
        },
        {
            "input": "13\n9 5 2 1 4 10 13 11 12 6 3 8",
            "output": "7"
        },
        {
            "input": "12\n12 1 5 7 9 8 6 11 2 3 4",
            "output": "10"
        },
        {
            "input": "12\n3 11 5 7 9 6 2 4 8 10 1",
            "output": "12"
        },
        {
            "input": "14\n1 5 11 6 2 13 12 4 9 7 3 8 14",
            "output": "10"
        },
        {
            "input": "8\n5 1 3 4 8 7 2",
            "output": "6"
        },
        {
            "input": "10\n4 5 10 9 7 6 2 8 3",
            "output": "1"
        },
        {
            "input": "6\n4 5 3 1 6",
            "output": "2"
        },
        {
            "input": "4\n4 3 1",
            "output": "2"
        },
        {
            "input": "5\n1 4 2 5",
            "output": "3"
        },
        {
            "input": "14\n5 4 2 12 8 13 6 9 11 7 14 3 10",
            "output": "1"
        },
        {
            "input": "10\n8 3 5 10 1 6 2 9 4",
            "output": "7"
        },
        {
            "input": "10\n6 2 1 7 5 8 9 4 3",
            "output": "10"
        },
        {
            "input": "10\n10 1 6 8 9 5 4 2 3",
            "output": "7"
        },
        {
            "input": "11\n11 10 5 8 1 9 2 6 3 7",
            "output": "4"
        },
        {
            "input": "13\n6 12 7 8 3 2 10 9 4 11 13 1",
            "output": "5"
        },
        {
            "input": "7\n1 7 5 6 4 2",
            "output": "3"
        },
        {
            "input": "7\n5 6 3 1 7 4",
            "output": "2"
        },
        {
            "input": "10\n6 2 7 1 10 9 5 8 4",
            "output": "3"
        },
        {
            "input": "6\n4 5 3 1 2",
            "output": "6"
        },
        {
            "input": "14\n12 1 14 5 6 9 8 13 4 2 11 7 10",
            "output": "3"
        },
        {
            "input": "9\n3 7 6 9 2 8 4 1",
            "output": "5"
        },
        {
            "input": "12\n9 2 3 12 4 1 5 8 10 6 7",
            "output": "11"
        },
        {
            "input": "8\n4 3 7 8 6 5 1",
            "output": "2"
        }
    ]
}