{
    "id": "power_of_two",
    "title": "Power of Two",
    "description": "Check if a given positive integer N is a power of two. Output 'Yes' or 'No'.",
    "input_format": "A single integer N.",
    "output_format": "'Yes' or 'No'.",
    "constraints": {
        "N": "1 <= N <= 10^18"
    },
    "judge_mode": "FIRST_FAIL",
    "time_limit": 1,
    "sample_test_cases": [
        {
            "input": "16",
            "output": "Yes"
        },
        {
            "input": "18",
            "output": "No"
        }
    ],
    "hidden_test_cases": [
        {
            "input": "16777216",
            "output": "Yes"
        },
        {
            "input": "448664418",
            "output": "No"
        },
        {
            "input": "524288",
            "output": "Yes"
        },
        {
            "input": "43008609",
            "output": "No"
        },
        {
            "input": "788307457",
            "output": "No"
        },
        {
            "input": "1048576",
            "output": "Yes"
        },
        {
            "input": "91984727",
            "output": "No"
        },
        {
            "input": "2",
            "output": "Yes"
        },
        {
            "input": "386531349",
            "output": "No"
        },
        {
            "input": "4194304",
            "output": "Yes"
        },
        {
            "input": "40975360",
            "output": "No"
        },
        {
            "input": "8192",
            "output": "Yes"
        },
        {
            "input": "2097152",
            "output": "Yes"
        },
        {
            "input": "128",
            "output": "Yes"
        },
        {
            "input": "35298965",
            "output": "No"
        },
        {
            "input": "32768",
            "output": "Yes"
        },
        {
            "input": "256",
            "output": "Yes"
        },
        {
            "input": "215092420",
            "output": "No"
        },
        {
            "input": "268435456",
            "output": "Yes"
        },
        {
            "input": "4",
            "output": "Yes"
        },
        {
            "input": "953989828",
            "output": "No"
        },
        {
            "input": "136290572",
            "output": "No"
        },
        {
            "input": "128522178",
            "output": "No"
        },
        {
            "input": "900745933",
            "output": "No"
        },
        {
            "input": "16",
            "output": "Yes"
        },
        {
            "input": "756868634",
            "output": "No"
        },
        {
            "input": "930160116",
            "output": "No"
        },
        {
            "input": "325459502",
            "output": "No"
        },
        {
            "input": "106353435",
            "output": "No"
        },
        {
            "input": "257247160",
            "output": "No"
        },
        {
            "input": "620668334",
            "output": "No"
        },
        {
            "input": "475618653",
            "output": "No"
        },
        {
            "input": "750986930",
            "output": "No"
        },
        {
            "input": "747967824",
            "output": "No"
        },
        {
            "input": "669048620",
            "output": "No"
        },
        {
            "input": "326743761",
            "output": "No"
        },
        {
            "input": "32",
            "output": "Yes"
        },
        {
            "input": "16384",
            "output": "Yes"
        },
        {
            "input": "134217728",
            "output": "Yes"
        },
        {
            "input": "184142754",
            "output": "No"
        },
        {
            "input": "589079855",
            "output": "No"
        },
        {
            "input": "536870912",
            "output": "Yes"
        },
        {
            "input": "400632465",
            "output": "No"
        },
        {
            "input": "246870747",
            "output": "No"
        },
        {
            "input": "572288405",
            "output": "No"
        },
        {
            "input": "620918530",
            "output": "No"
        },
        {
            "input": "163566393",
            "output": "No"
        },
        {
            "input": "2048",
            "output": "Yes"
        },
        {
            "input": "262144",
            "output": "Yes"
        },
        {
            "input": "208255329",
            "output": "No"
        },
        {
            "input": "343290999",
            "output": "No"
        },
        {
            "input": "113230270",
            "output": "No"
        },
        {
            "input": "131072",
            "output": "Yes"
        },
        {
            "input": "833525746",
            "output": "No"
        },
        {
            "input": "319913372",
            "output": "No"
        },
        {
            "input": "67108864",
            "output": "Yes"
        },
        {
            "input": "794657819",
            "output": "No"
        },
        {
            "input": "8",
            "output": "Yes"
        },
        {
            "input": "491496618",
            "output": "No"
        },
        {
            "input": "236237642",
            "output": "No"
        },
        {
            "input": "64",
            "output": "Yes"
        },
        {
            "input": "4096",
            "output": "Yes"
        },
        {
            "input": "361010964",
            "output": "No"
        },
        {
            "input": "1073741824",
            "output": "Yes"
        },
        {
            "input": "25969456",
            "output": "No"
        },
        {
            "input": "949901338",
            "output": "No"
        },
        {
            "input": "852402871",
            "output": "No"
        },
        {
            "input": "33554432",
            "output": "Yes"
        },
        {
            "input": "65536",
            "output": "Yes"
        },
        {
            "input": "518503454",
            "output": "No"
        },
        {
            "input": "87555586",
            "output": "No"
        },
        {
            "input": "531328955",
            "output": "No"
        },
        {
            "input": "54680672",
            "output": "No"
        },
        {
            "input": "265477777",
            "output": "No"
        },
        {
            "input": "829311206",
            "output": "No"
        },
        {
            "input": "282452788",
            "output": "No"
        },
        {
            "input": "770315611",
            "output": "No"
        },
        {
            "input": "716056129",
            "output": "No"
        },
        {
            "input": "228844329",
            "output": "No"
        },
        {
            "input": "212330966",
            "output": "No"
        },
        {
            "input": "555646334",
            "output": "No"
        },
        {
            "input": "1024",
            "output": "Yes"
        },
        {
            "input": "56158907",
            "output": "No"
        },
        {
            "input": "488215757",
            "output": "No"
        },
        {
            "input": "510610965",
            "output": "No"
        },
        {
            "input": "863912235",
            "output": "No"
        },
        {
            "input": "229422800",
            "output": "No"
        },
        {
            "input": "928548546",
            "output": "No"
        },
        {
            "input": "512",
            "output": "Yes"
        },
        {
            "input": "550834042",
            "output": "No"
        },
        {
            "input": "413872365",
            "output": "No"
        },
        {
            "input": "37955430",
            "output": "No"
        },
        {
            "input": "959476992",
            "output": "No"
        },
        {
            "input": "241074869",
            "output": "No"
        },
        {
            "input": "415977310",
            "output": "No"
        },
        {
            "input": "947856165",
            "output": "No"
        },
        {
            "input": "7929472",
            "output": "No"
        },
        {
            "input": "396725138",
            "output": "No"
        },
        {
            "input": "541063614",
            "output": "No"
        },
        {
            "input": "426511781",
            "output": "No"
        },
        {
            "input": "8388608",
            "output": "Yes"
        },
        {
            "input": "550095618",
            "output": "No"
        },
        {
            "input": "566959262",
            "output": "No"
        },
        {
            "input": "342475028",
            "output": "No"
        },
        {
            "input": "363402714",
            "output": "No"
        },
        {
            "input": "839212106",
            "output": "No"
        },
        {
            "input": "940348841",
            "output": "No"
        },
        {
            "input": "752865549",
            "output": "No"
        },
        {
            "input": "264674220",
            "output": "No"
        },
        {
            "input": "10395331",
            "output": "No"
        },
        {
            "input": "356479099",
            "output": "No"
        },
        {
            "input": "197454480",
            "output": "No"
        },
        {
            "input": "479975209",
            "output": "No"
        },
        {
            "input": "662835935",
            "output": "No"
        },
        {
            "input": "882797051",
            "output": "No"
        },
        {
            "input": "232824550",
            "output": "No"
        },
        {
            "input": "331715610",
            "output": "No"
        },
        {
            "input": "890389351",
            "output": "No"
        },
        {
            "input": "554580103",
            "output": "No"
        },
        {
            "input": "605288080",
            "output": "No"
        },
        {
            "input": "433011622",
            "output": "No"
        },
        {
            "input": "629645100",
            "output": "No"
        },
        {
            "input": "450158157",
            "output": "No"
        },
        {
            "input": "582084745",
            "output": "No"
        },
        {
            "input": "184472001",
            "output": "No"
        },
        {
            "input": "4395199",
            "output": "No"
        },
        {
            "input": "298392359",
            "output": "No"
        },
        {
            "input": "182423592",
            "output": "No"
        },
        {
            "input": "266116813",
            "output": "No"
        },
        {
            "input": "511307027",
            "output": "No"
        },
        {
            "input": "384745376",
            "output": "No"
        },
        {
            "input": "946405896",
            "output": "No"
        },
        {
            "input": "268143637",
            "output": "No"
        },
        {
            "input": "884033366",
            "output": "No"
        },
        {
            "input": "809883904",
            "output": "No"
        },
        {
            "input": "291862461",
            "output": "No"
        },
        {
            "input": "705190215",
            "output": "No"
        },
        {
            "input": "712528881",
            "output": "No"
        },
        {
            "input": "626438399",
            "output": "No"
        },
        {
            "input": "684372382",
            "output": "No"
        },
        {
            "input": "164108169",
            "output": "No"
        },
        {
            "input": "1",
            "output": "Yes"
        },
        {
            "input": "220794306",
            "output": "No"
        },
        {
            "input": "275911429",
            "output": "No"
        },
        {
            "input": "958026175",
            "output": "No"
        },
        {
            "input": "956768225",
            "output": "No"
        },
        {
            "input": "492719047",
            "output": "No"
        },
        {
            "input": "832565400",
            "output": "No"
        },
        {
            "input": "952480889",
            "output": "No"
        },
        {
            "input": "656881745",
            "output": "No"
        },
        {
            "input": "616491370",
            "output": "No"
        },
        {
            "input": "615288219",
            "output": "No"
        },
        {
            "input": "820963125",
            "output": "No"
        },
        {
            "input": "445746881",
            "output": "No"
        },
        {
            "input": "569899619",
            "output": "No"
        },
        {
            "input": "292760818",
            "output": "No"
        },
        {
            "input": "747195680",
            "output": "No"
        },
        {
            "input": "155432959",
            "output": "No"
        },
        {
            "input": "905748430",
            "output": "No"
        },
        {
            "input": "638547699",
            "output": "No"
        },
        {
            "input": "369785136",
            "output": "No"
        },
        {
            "input": "51893889",
            "output": "No"
        },
        {
            "input": "768664247",
            "output": "No"
        },
        {
            "input": "74872923",
            "output": "No"
        },
        {
            "input": "283954329",
            "output": "No"
        },
        {
            "input": "976473266",
            "output": "No"
        },
        {
            "input": "211630889",
            "output": "No"
        },
        {
            "input": "494207972",
            "output": "No"
        },
        {
            "input": "580130669",
            "output": "No"
        },
        {
            "input": "163438972",
            "output": "No"
        },
        {
            "input": "125659872",
            "output": "No"
        },
        {
            "input": "633042721",
            "output": "No"
        },
        {
            "input": "564521434",
            "output": "No"
        },
        {
            "input": "809491623",
            "output": "No"
        },
        {
            "input": "864780404",
            "output": "No"
        },
        {
            "input": "774854558",
            "output": "No"
        },
        {
            "input": "384692063",
            "output": "No"
        },
        {
            "input": "755683146",
            "output": "No"
        },
        {
            "input": "751123913",
            "output": "No"
        },
        {
            "input": "680303117",
            "output": "No"
        },
        {
            "input": "149364985",
            "output": "No"
        },
        {
            "input": "746589209",
            "output": "No"
        },
        {
            "input": "573409095",
            "output": "No"
        },
        {
            "input": "313200525",
            "output": "No"
        },
        {
            "input": "258395418",
            "output": "No"
        },
        {
            "input": "633375810",
            "output": "No"
        },
        {
            "input": "244597310",
            "output": "No"
        },
        {
            "input": "107968834",
            "output": "No"
        },
        {
            "input": "704174321",
            "output": "No"
        },
        {
            "input": "781495120",
            "output": "No"
        },
        {
            "input": "22407645",
            "output": "No"
        },
        {
            "input": "445423181",
            "output": "No"
        },
        {
            "input": "45710953",
            "output": "No"
        },
        {
            "input": "372798888",
            "output": "No"
        },
        {
            "input": "555774803",
            "output": "No"
        },
        {
            "input": "185040224",
            "output": "No"
        },
        {
            "input": "520920658",
            "output": "No"
        },
        {
            "input": "364526893",
            "output": "No"
        },
        {
            "input": "315471973",
            "output": "No"
        },
        {
            "input": "929400230",
            "output": "No"
        },
        {
            "input": "285922525",
            "output": "No"
        },
        {
            "input": "328136291",
            "output": "No"
        },
        {
            "input": "499558053",
            "output": "No"
        },
        {
            "input": "191695331",
            "output": "No"
        },
        {
            "input": "184487890",
            "output": "No"
        },
        {
            "input": "171391845",
            "output": "No"
        },
        {
            "input": "14269016",
            "output": "No"
        },
        {
            "input": "668612144",
            "output": "No"
        },
        {
            "input": "884851048",
            "output": "No"
        },
        {
            "input": "571107324",
            "output": "No"
        },
        {
            "input": "565092110",
            "output": "No"
        },
        {
            "input": "763344066",
            "output": "No"
        },
        {
            "input": "142689336",
            "output": "No"
        },
        {
            "input": "937928893",
            "output": "No"
        },
        {
            "input": "22036703",
            "output": "No"
        },
        {
            "input": "205558486",
            "output": "No"
        },
        {
            "input": "348301062",
            "output": "No"
        },
        {
            "input": "148532666",
            "output": "No"
        },
        {
            "input": "392570606",
            "output": "No"
        },
        {
            "input": "32539111",
            "output": "No"
        },
        {
            "input": "840657105",
            "output": "No"
        },
        {
            "input": "817807294",
            "output": "No"
        },
        {
            "input": "417643536",
            "output": "No"
        },
        {
            "input": "835188170",
            "output": "No"
        },
        {
            "input": "489919852",
            "output": "No"
        },
        {
            "input": "767017048",
            "output": "No"
        },
        {
            "input": "618554361",
            "output": "No"
        },
        {
            "input": "942607104",
            "output": "No"
        },
        {
            "input": "659092621",
            "output": "No"
        },
        {
            "input": "184338371",
            "output": "No"
        },
        {
            "input": "340646710",
            "output": "No"
        },
        {
            "input": "548565081",
            "output": "No"
        },
        {
            "input": "855805008",
            "output": "No"
        },
        {
            "input": "480500592",
            "output": "No"
        },
        {
            "input": "94394708",
            "output": "No"
        },
        {
            "input": "655370098",
            "output": "No"
        },
        {
            "input": "103686774",
            "output": "No"
        },
        {
            "input": "289738768",
            "output": "No"
        },
        {
            "input": "897927572",
            "output": "No"
        },
        {
            "input": "146176217",
            "output": "No"
        },
        {
            "input": "756813742",
            "output": "No"
        },
        {
            "input": "757256812",
            "output": "No"
        },
        {
            "input": "664789832",
            "output": "No"
        },
        {
            "input": "35411423",
            "output": "No"
        },
        {
            "input": "641675998",
            "output": "No"
        },
        {
            "input": "342664296",
            "output": "No"
        },
        {
            "input": "90001942",
            "output": "No"
        },
        {
            "input": "601144832",
            "output": "No"
        },
        {
            "input": "905518310",
            "output": "No"
        },
        {
            "input": "815978695",
            "output": "No"
        },
        {
            "input": "43175226",
            "output": "No"
        },
        {
            "input": "772516076",
            "output": "No"
        },
        {
            "input": "73642450",
            "output": "No"
        },
        {
            "input": "915331437",
            "output": "No"
        },
        {
            "input": "147943534",
            "output": "No"
        },
        {
            "input": "482902507",
            "output": "No"
        },
        {
            "input": "825193287",
            "output": "No"
        },
        {
            "input": "577911150",
            "output": "No"
        },
        {
            "input": "650414576",
            "output": "No"
        },
        {
            "input": "308576303",
            "output": "No"
        },
        {
            "input": "711902776",
            "output": "No"
        },
        {
            "input": "158710078",
            "output": "No"
        },
        {
            "input": "512879268",
            "output": "No"
        },
        {
            "input": "90959599",
            "output": "No"
        },
        {
            "input": "648580243",
            "output": "No"
        },
        {
            "input": "3947630",
            "output": "No"
        },
        {
            "input": "512068832",
            "output": "No"
        },
        {
            "input": "86977062",
            "output": "No"
        },
        {
            "input": "740241114",
            "output": "No"
        },
        {
            "input": "265196125",
            "output": "No"
        },
        {
            "input": "905338065",
            "output": "No"
        },
        {
            "input": "766684590",
            "output": "No"
        },
        {
            "input": "144168770",
            "output": "No"
        },
        {
            "input": "202305587",
            "output": "No"
        },
        {
            "input": "510507600",
            "output": "No"
        },
        {
            "input": "981862957",
            "output": "No"
        },
        {
            "input": "386540343",
            "output": "No"
        },
        {
            "input": "883108473",
            "output": "No"
        },
        {
            "input": "135297606",
            "output": "No"
        },
        {
            "input": "408049549",
            "output": "No"
        },
        {
            "input": "124857067",
            "output": "No"
        },
        {
            "input": "8035878",
            "output": "No"
        },
        {
            "input": "65935260",
            "output": "No"
        },
        {
            "input": "757988437",
            "output": "No"
        },
        {
            "input": "516268759",
            "output": "No"
        },
        {
            "input": "468753966",
            "output": "No"
        },
        {
            "input": "554655635",
            "output": "No"
        },
        {
            "input": "406326342",
            "output": "No"
        },
        {
            "input": "90838511",
            "output": "No"
        },
        {
            "input": "517392984",
            "output": "No"
        },
        {
            "input": "401268175",
            "output": "No"
        },
        {
            "input": "974798759",
            "output": "No"
        },
        {
            "input": "9262793",
            "output": "No"
        },
        {
            "input": "230838307",
            "output": "No"
        },
        {
            "input": "214310825",
            "output": "No"
        },
        {
            "input": "809557932",
            "output": "No"
        },
        {
            "input": "374758135",
            "output": "No"
        },
        {
            "input": "549581280",
            "output": "No"
        },
        {
            "input": "667631800",
            "output": "No"
        },
        {
            "input": "991003978",
            "output": "No"
        },
        {
            "input": "133963834",
            "output": "No"
        },
        {
            "input": "103432328",
            "output": "No"
        },
        {
            "input": "466112117",
            "output": "No"
        },
        {
            "input": "650114571",
            "output": "No"
        },
        {
            "input": "355551770",
            "output": "No"
        },
        {
            "input": "625888945",
            "output": "No"
        },
        {
            "input": "84963910",
            "output": "No"
        },
        {
            "input": "528724079",
            "output": "No"
        },
        {
            "input": "60746610",
            "output": "No"
        },
        {
            "input": "450941933",
            "output": "No"
        },
        {
            "input": "126871272",
            "output": "No"
        },
        {
            "input": "101947572",
            "output": "No"
        },
        {
            "input": "579352899",
            "output": "No"
        },
        {
            "input": "867525593",
            "output": "No"
        },
        {
            "input": "448578927",
            "output": "No"
        },
        {
            "input": "345062007",
            "output": "No"
        },
        {
            "input": "605877416",
            "output": "No"
        },
        {
            "input": "608763543",
            "output": "No"
        },
        {
            "input": "604986120",
            "output": "No"
        },
        {
            "input": "444284257",
            "output": "No"
        },
        {
            "input": "204935057",
            "output": "No"
        },
        {
            "input": "234057327",
            "output": "No"
        },
        {
            "input": "193434584",
            "output": "No"
        },
        {
            "input": "986010900",
            "output": "No"
        },
        {
            "input": "281691055",
            "output": "No"
        },
        {
            "input": "198521564",
            "output": "No"
        },
        {
            "input": "932003269",
            "output": "No"
        },
        {
            "input": "13595943",
            "output": "No"
        },
        {
            "input": "969586816",
            "output": "No"
        },
        {
            "input": "820183741",
            "output": "No"
        },
        {
            "input": "940318799",
            "output": "No"
        },
        {
            "input": "691507473",
            "output": "No"
        },
        {
            "input": "710893910",
            "output": "No"
        },
        {
            "input": "709780985",
            "output": "No"
        },
        {
            "input": "677733026",
            "output": "No"
        },
        {
            "input": "419126872",
            "output": "No"
        },
        {
            "input": "243699357",
            "output": "No"
        },
        {
            "input": "742955571",
            "output": "No"
        },
        {
            "input": "522675958",
            "output": "No"
        },
        {
            "input": "556452370",
            "output": "No"
        },
        {
            "input": "647359199",
            "output": "No"
        },
        {
            "input": "241061663",
            "output": "No"
        },
        {
            "input": "543258283",
            "output": "No"
        },
        {
            "input": "568630466",
            "output": "No"
        },
        {
            "input": "634692858",
            "output": "No"
        },
        {
            "input": "848307171",
            "output": "No"
        },
        {
            "input": "573006006",
            "output": "No"
        },
        {
            "input": "300363531",
            "output": "No"
        },
        {
            "input": "904945062",
            "output": "No"
        },
        {
            "input": "233776676",
            "output": "No"
        },
        {
            "input": "914498089",
            "output": "No"
        },
        {
            "input": "372756914",
            "output": "No"
        },
        {
            "input": "201165370",
            "output": "No"
        },
        {
            "input": "428294261",
            "output": "No"
        },
        {
            "input": "262541080",
            "output": "No"
        },
        {
            "input": "326991632",
            "output": "No"
        },
        {
            "input": "112614980",
            "output": "No"
        },
        {
            "input": "47842336",
            "output": "No"
        },
        {
            "input": "163074244",
            "output": "No"
        },
        {
            "input": "155384962",
            "output": "No"
        },
        {
            "input": "133086368",
            "output": "No"
        },
        {
            "input": "83460691",
            "output": "No"
        },
        {
            "input": "823404675",
            "output": "No"
        },
        {
            "input": "809457954",
            "output": "No"
        },
        {
            "input": "595708946",
            "output": "No"
        },
        {
            "input": "485463815",
            "output": "No"
        },
        {
            "input": "414763708",
            "output": "No"
        },
        {
            "input": "573805",
            "output": "No"
        },
        {
            "input": "993190926",
            "output": "No"
        },
        {
            "input": "739163629",
            "output": "No"
        },
        {
            "input": "250324686",
            "output": "No"
        },
        {
            "input": "390371360",
            "output": "No"
        },
        {
            "input": "147507766",
            "output": "No"
        },
        {
            "input": "152262789",
            "output": "No"
        },
        {
            "input": "532032588",
            "output": "No"
        },
        {
            "input": "697751372",
            "output": "No"
        },
        {
            "input": "456186425",
            "output": "No"
        },
        {
            "input": "524677842",
            "output": "No"
        },
        {
            "input": "369355070",
            "output": "No"
        },
        {
            "input": "917612228",
            "output": "No"
        },
        {
            "input": "263579949",
            "output": "No"
        },
        {
            "input": "891092",
            "output": "No"
        },
        {
            "input": "813557553",
            "output": "No"
        },
        {
            "input": "579154968",
            "output": "No"
        },
        {
            "input": "396132496",
            "output": "No"
        },
        {
            "input": "664759361",
            "output": "No"
        },
        {
            "input": "137086967",
            "output": "No"
        },
        {
            "input": "906981788",
            "output": "No"
        },
        {
            "input": "110689098",
            "output": "No"
        },
        {
            "input": "825268129",
            "output": "No"
        },
        {
            "input": "266445444",
            "output": "No"
        },
        {
            "input": "470215600",
            "output": "No"
        },
        {
            "input": "594225115",
            "output": "No"
        },
        {
            "input": "489182628",
            "output": "No"
        },
        {
            "input": "467945039",
            "output": "No"
        },
        {
            "input": "979737307",
            "output": "No"
        },
        {
            "input": "259276506",
            "output": "No"
        },
        {
            "input": "606000645",
            "output": "No"
        },
        {
            "input": "653669398",
            "output": "No"
        },
        {
            "input": "893790608",
            "output": "No"
        },
        {
            "input": "492783709",
            "output": "No"
        },
        {
            "input": "750819629",
            "output": "No"
        },
        {
            "input": "751178681",
            "output": "No"
        },
        {
            "input": "903860194",
            "output": "No"
        },
        {
            "input": "230148373",
            "output": "No"
        },
        {
            "input": "355592224",
            "output": "No"
        },
        {
            "input": "770679863",
            "output": "No"
        },
        {
            "input": "333887101",
            "output": "No"
        },
        {
            "input": "710327980",
            "output": "No"
        },
        {
            "input": "365107140",
            "output": "No"
        },
        {
            "input": "37940649",
            "output": "No"
        },
        {
            "input": "744184882",
            "output": "No"
        },
        {
            "input": "322239217",
            "output": "No"
        },
        {
            "input": "880109426",
            "output": "No"
        },
        {
            "input": "151713936",
            "output": "No"
        },
        {
            "input": "46806431",
            "output": "No"
        },
        {
            "input": "805457145",
            "output": "No"
        },
        {
            "input": "662678695",
            "output": "No"
        },
        {
            "input": "93992151",
            "output": "No"
        },
        {
            "input": "322105989",
            "output": "No"
        },
        {
            "input": "488861350",
            "output": "No"
        },
        {
            "input": "63896895",
            "output": "No"
        },
        {
            "input": "977687800",
            "output": "No"
        },
        {
            "input": "42557832",
            "output": "No"
        },
        {
            "input": "303490860",
            "output": "No"
        },
        {
            "input": "256664188",
            "output": "No"
        },
        {
            "input": "180380762",
            "output": "No"
        },
        {
            "input": "769538141",
            "output": "No"
        },
        {
            "input": "36091111",
            "output": "No"
        },
        {
            "input": "914530938",
            "output": "No"
        },
        {
            "input": "142647744",
            "output": "No"
        },
        {
            "input": "608953087",
            "output": "No"
        },
        {
            "input": "860861284",
            "output": "No"
        },
        {
            "input": "601715934",
            "output": "No"
        },
        {
            "input": "348807759",
            "output": "No"
        },
        {
            "input": "830610786",
            "output": "No"
        },
        {
            "input": "108861711",
            "output": "No"
        },
        {
            "input": "186988928",
            "output": "No"
        },
        {
            "input": "422528905",
            "output": "No"
        },
        {
            "input": "971372981",
            "output": "No"
        },
        {
            "input": "41435765",
            "output": "No"
        },
        {
            "input": "744406753",
            "output": "No"
        },
        {
            "input": "97644807",
            "output": "No"
        },
        {
            "input": "818587002",
            "output": "No"
        },
        {
            "input": "183777681",
            "output": "No"
        },
        {
            "input": "382486344",
            "output": "No"
        },
        {
            "input": "173616628",
            "output": "No"
        },
        {
            "input": "55578736",
            "output": "No"
        },
        {
            "input": "39476631",
            "output": "No"
        },
        {
            "input": "949527110",
            "output": "No"
        },
        {
            "input": "587181804",
            "output": "No"
        },
        {
            "input": "668366094",
            "output": "No"
        },
        {
            "input": "559951189",
            "output": "No"
        },
        {
            "input": "769159655",
            "output": "No"
        },
        {
            "input": "226830595",
            "output": "No"
        },
        {
            "input": "303282568",
            "output": "No"
        },
        {
            "input": "213314917",
            "output": "No"
        },
        {
            "input": "886683700",
            "output": "No"
        },
        {
            "input": "602967971",
            "output": "No"
        },
        {
            "input": "947318545",
            "output": "No"
        },
        {
            "input": "939704458",
            "output": "No"
        },
        {
            "input": "71065127",
            "output": "No"
        },
        {
            "input": "798103505",
            "output": "No"
        },
        {
            "input": "335788029",
            "output": "No"
        },
        {
            "input": "557869550",
            "output": "No"
        },
        {
            "input": "869742742",
            "output": "No"
        },
        {
            "input": "393657229",
            "output": "No"
        },
        {
            "input": "527315314",
            "output": "No"
        },
        {
            "input": "258003004",
            "output": "No"
        },
        {
            "input": "493227114",
            "output": "No"
        },
        {
            "input": "752775730",
            "output": "No"
        },
        {
            "input": "231994613",
            "output": "No"
        },
        {
            "input": "436304962",
            "output": "No"
        },
        {
            "input": "166857267",
            "output": "No"
        },
        {
            "input": "109318359",
            "output": "No"
        },
        {
            "input": "615911205",
            "output": "No"
        },
        {
            "input": "329305040",
            "output": "No"
        },
        {
            "input": "133088171",
            "output": "No"
        },
        {
            "input": "719785183",
            "output": "No"
        },
        {
            "input": "86502287",
            "output": "No"
        },
        {
            "input": "202995108",
            "output": "No"
        },
        {
            "input": "205350981",
            "output": "No"
        },
        {
            "input": "395102050",
            "output": "No"
        },
        {
            "input": "190947241",
            "output": "No"
        },
        {
            "input": "209335277",
            "output": "No"
        },
        {
            "input": "291668524",
            "output": "No"
        },
        {
            "input": "355961678",
            "output": "No"
        },
        {
            "input": "973376766",
            "output": "No"
        },
        {
            "input": "194481348",
            "output": "No"
        },
        {
            "input": "968730720",
            "output": "No"
        },
        {
            "input": "561785588",
            "output": "No"
        },
        {
            "input": "125531708",
            "output": "No"
        },
        {
            "input": "339759563",
            "output": "No"
        },
        {
            "input": "582733015",
            "output": "No"
        },
        {
            "input": "626887207",
            "output": "No"
        },
        {
            "input": "608407974",
            "output": "No"
        },
        {
            "input": "218132440",
            "output": "No"
        },
        {
            "input": "827108995",
            "output": "No"
        },
        {
            "input": "622223489",
            "output": "No"
        },
        {
            "input": "152661171",
            "output": "No"
        }
    ]
}