{
    "id": "remove_duplicates_array",
    "title": "Remove Duplicates from Array",
    "description": "In this problem, you are given a sorted array of integers. Your task is to identify and process the unique elements in the array. Since the array is sorted, duplicates will appear consecutively. You need to print strictly the unique elements from the input array.",
    "input_format": "A single line containing space-separated integers (sorted).",
    "output_format": "Output the unique elements of the array in a single line, separated by spaces.",
    "constraints": {
        "Array Elements": "-10^9 <= A[i] <= 10^9",
        "Array Length": "1 <= length <= 1000"
    },
    "judge_mode": "FIRST_FAIL",
    "time_limit": 1,
    "sample_test_cases": [
        {
            "input": "1 1 2 2 3",
            "output": "1 2 3"
        },
        {
            "input": "10 20 30",
            "output": "10 20 30"
        }
    ],
    "hidden_test_cases": [
        {
            "input": "2 2 3 5 6 6 7 8 9 10 10",
            "output": "2 3 5 6 7 8 9 10"
        },
        {
            "input": "1 5 6 7 10",
            "output": "1 5 6 7 10"
        },
        {
            "input": "3 4 5 6 6 7 7 9",
            "output": "3 4 5 6 7 9"
        },
        {
            "input": "2 2 2 3 3 3 5 6 7 7 9 10 10 10 10",
            "output": "2 3 5 6 7 9 10"
        },
        {
            "input": "1 2 2 3 4 5 6 7 10",
            "output": "1 2 3 4 5 6 7 10"
        },
        {
            "input": "1 1 3 4 4 4 5 5 5 6 7 7 7 8 8 10",
            "output": "1 3 4 5 6 7 8 10"
        },
        {
            "input": "2 4 4 4 4 5 5 7 9 10",
            "output": "2 4 5 7 9 10"
        },
        {
            "input": "1 1 1 1 1 1 2 3 3 4 5 5 5 8 8 8 8 9 9 9",
            "output": "1 2 3 4 5 8 9"
        },
        {
            "input": "1 3 3 3 5 6 7 7 8 9 9 10 10",
            "output": "1 3 5 6 7 8 9 10"
        },
        {
            "input": "1 2 3 3 3 3 3 5 5 5 6 6 7 7 9 9 10",
            "output": "1 2 3 5 6 7 9 10"
        },
        {
            "input": "2 2 2 2 3 4 4 4 4 4 5 6 6 7 9 10 10",
            "output": "2 3 4 5 6 7 9 10"
        },
        {
            "input": "1 2 2 2 2 4 5 5 6 6 6 7 8 9 9 9 9 9 10",
            "output": "1 2 4 5 6 7 8 9 10"
        },
        {
            "input": "1 1 2 3 4 4 4 4 5 6 9",
            "output": "1 2 3 4 5 6 9"
        },
        {
            "input": "1 1 1 2 2 2 3 4 6 6 6 7 7 9 9 9 10 10",
            "output": "1 2 3 4 6 7 9 10"
        },
        {
            "input": "1 1 2 2 3 4 4 5 6 6 6 7 8 8 9 9 9 10 10",
            "output": "1 2 3 4 5 6 7 8 9 10"
        },
        {
            "input": "2 2 4 6 7 9 10",
            "output": "2 4 6 7 9 10"
        },
        {
            "input": "1 1 2 2 2 3 4 5 5 5 6 6 7 8 8 9 9 9",
            "output": "1 2 3 4 5 6 7 8 9"
        },
        {
            "input": "2 2 3 4 4 4 4 5 5 5 6 8 8 8 10 10",
            "output": "2 3 4 5 6 8 10"
        },
        {
            "input": "1 2 2 3 4 5 5 5 6 6 6 8 9 9 10",
            "output": "1 2 3 4 5 6 8 9 10"
        },
        {
            "input": "2 2 4 6 8 9 9 9 10",
            "output": "2 4 6 8 9 10"
        },
        {
            "input": "1 1 2 3 3 4 4 4 4 4 5 5 5 7 7 9 9",
            "output": "1 2 3 4 5 7 9"
        },
        {
            "input": "1 2 2 3 4 5 6 7 8 9 9",
            "output": "1 2 3 4 5 6 7 8 9"
        },
        {
            "input": "1 1 1 2 3 3 4 6 6 6 7 7 7 8 9 9 10",
            "output": "1 2 3 4 6 7 8 9 10"
        },
        {
            "input": "1 1 1 1 2 2 3 3 4 4 4 5 5 5 6 6 8 8 9 9",
            "output": "1 2 3 4 5 6 8 9"
        },
        {
            "input": "1 1 2 2 3 4 4 5 5 6 7 7 8 8 8 8 9 9 10 10",
            "output": "1 2 3 4 5 6 7 8 9 10"
        },
        {
            "input": "1 2 3 3 3 4 4 4 5 5 5 6 7 8 8 8 8 9 10 10",
            "output": "1 2 3 4 5 6 7 8 9 10"
        },
        {
            "input": "1 2 2 3 4 5 5 6 6 6 6 7 7 8 8 10 10 10",
            "output": "1 2 3 4 5 6 7 8 10"
        },
        {
            "input": "1 1 5 5 7 7 8 10",
            "output": "1 5 7 8 10"
        },
        {
            "input": "1 2 2 3 3 5 6 7 7 10",
            "output": "1 2 3 5 6 7 10"
        },
        {
            "input": "2 2 4 5 5 6 6 7 7 8 9 9 10 10",
            "output": "2 4 5 6 7 8 9 10"
        },
        {
            "input": "1 1 2 2 4 5 7 8 8 9 9",
            "output": "1 2 4 5 7 8 9"
        },
        {
            "input": "1 2 2 2 3 3 3 5 5 6 7 7 8 8 9 10",
            "output": "1 2 3 5 6 7 8 9 10"
        },
        {
            "input": "1 6 6 8 9",
            "output": "1 6 8 9"
        },
        {
            "input": "1 3 4 5 7 8 10",
            "output": "1 3 4 5 7 8 10"
        },
        {
            "input": "1 1 2 3 3 3 3 3 4 4 5 5 7 8 8 9",
            "output": "1 2 3 4 5 7 8 9"
        },
        {
            "input": "1 2 2 5 6 7 7 9 10 10",
            "output": "1 2 5 6 7 9 10"
        },
        {
            "input": "1 2 2 2 2 3 3 4 4 5 5 6 6 7 7 7 8 9 10 10",
            "output": "1 2 3 4 5 6 7 8 9 10"
        },
        {
            "input": "1 1 2 2 3 4 4 5 5 6 6 6 7 8 8 9 9 10 10 10",
            "output": "1 2 3 4 5 6 7 8 9 10"
        },
        {
            "input": "1 1 1 1 2 2 3 3 3 6 6 6 7 9 10 10",
            "output": "1 2 3 6 7 9 10"
        },
        {
            "input": "1 1 2 3 3 5 8 9 10 10 10",
            "output": "1 2 3 5 8 9 10"
        },
        {
            "input": "2 2 3 4 6 7 8 8 8 9 9 9 9 10 10 10 10",
            "output": "2 3 4 6 7 8 9 10"
        },
        {
            "input": "4 7 7 8 9 9 9 10 10",
            "output": "4 7 8 9 10"
        },
        {
            "input": "8 8 9 10 10 10",
            "output": "8 9 10"
        },
        {
            "input": "1 1 1 2 2 3 4 4 5 5 5 6 6 6 6 7 8 9 10",
            "output": "1 2 3 4 5 6 7 8 9 10"
        },
        {
            "input": "3 3 5 5 5 6 6 7 8 8 8 10 10 10",
            "output": "3 5 6 7 8 10"
        },
        {
            "input": "1 3 4 4 8 8 9 10",
            "output": "1 3 4 8 9 10"
        },
        {
            "input": "1 1 2 3 3 3 4 5 6 9",
            "output": "1 2 3 4 5 6 9"
        },
        {
            "input": "1 7 7 7 8 9",
            "output": "1 7 8 9"
        },
        {
            "input": "1 1 1 2 2 2 2 3 3 5 5 5 5 6 6 7 7 9 9 10",
            "output": "1 2 3 5 6 7 9 10"
        },
        {
            "input": "1 5 6 6 6 6 7 8 8 10",
            "output": "1 5 6 7 8 10"
        },
        {
            "input": "3 4 4 6 8 9 9 9 10 10",
            "output": "3 4 6 8 9 10"
        },
        {
            "input": "1 1 1 2 2 3 3 3 4 4 5 5 7 8 8 9 9 9 9 10",
            "output": "1 2 3 4 5 7 8 9 10"
        },
        {
            "input": "3 4 5 5 7 8 8 8 9",
            "output": "3 4 5 7 8 9"
        },
        {
            "input": "3 3 4 4 4 5 5 6 6 7 7 8 9 9 9 10",
            "output": "3 4 5 6 7 8 9 10"
        },
        {
            "input": "1 3 3 3 4 5 5 5 6 6 7 7 7 8 8 10",
            "output": "1 3 4 5 6 7 8 10"
        },
        {
            "input": "1 2 2 3 3 4 5 5 6 6 6 6 7 7 7 9 10",
            "output": "1 2 3 4 5 6 7 9 10"
        },
        {
            "input": "2 2 5 7 7",
            "output": "2 5 7"
        },
        {
            "input": "1 1 1 1 4 4 6 7 7 7 8 8 8 10",
            "output": "1 4 6 7 8 10"
        },
        {
            "input": "1 1 2 2 2 3 5 6 6 7 7 8 9 10 10",
            "output": "1 2 3 5 6 7 8 9 10"
        },
        {
            "input": "2 2 3 4 6",
            "output": "2 3 4 6"
        },
        {
            "input": "1 1 2 3 3 5 5 5 6 6 6 8 9 9 9 10 10 10",
            "output": "1 2 3 5 6 8 9 10"
        },
        {
            "input": "2 3 3 4 6 7 10 10",
            "output": "2 3 4 6 7 10"
        },
        {
            "input": "3 5 5 6 7 8 9 10 10 10",
            "output": "3 5 6 7 8 9 10"
        },
        {
            "input": "1 3 4 5 5 7 9 10 10",
            "output": "1 3 4 5 7 9 10"
        },
        {
            "input": "1 1 1 2 3 3 3 4 4 5 7 7 10 10",
            "output": "1 2 3 4 5 7 10"
        },
        {
            "input": "1 3 3 4 4 4 5 6 7 7 8 8 9 9 10",
            "output": "1 3 4 5 6 7 8 9 10"
        },
        {
            "input": "1 4 5 6 7 8 9",
            "output": "1 4 5 6 7 8 9"
        },
        {
            "input": "5 5 5 7 7 7 7",
            "output": "5 7"
        },
        {
            "input": "1 1 2 2 2 3 4 4 5 5 5 5 6 8 9 9 10 10 10",
            "output": "1 2 3 4 5 6 8 9 10"
        },
        {
            "input": "3 5 5 6 8",
            "output": "3 5 6 8"
        },
        {
            "input": "1 1 2 3 3 3 4 5 5 5 6 7 8 8 8 9 9 10 10",
            "output": "1 2 3 4 5 6 7 8 9 10"
        },
        {
            "input": "2 2 3 3 3 4 5 6 6 7 7 7 8 9 10 10 10 10",
            "output": "2 3 4 5 6 7 8 9 10"
        },
        {
            "input": "1 2 4 4 6 8 8 9 9",
            "output": "1 2 4 6 8 9"
        },
        {
            "input": "1 4 4 5 5 6 7 7 9 9 10",
            "output": "1 4 5 6 7 9 10"
        },
        {
            "input": "1 2 4 4 5 9 10",
            "output": "1 2 4 5 9 10"
        },
        {
            "input": "1 1 2 2 3 5 6 6 9 9 10",
            "output": "1 2 3 5 6 9 10"
        },
        {
            "input": "2 3 5 5 9",
            "output": "2 3 5 9"
        },
        {
            "input": "2 2 2 4 6 6 6 7 9",
            "output": "2 4 6 7 9"
        },
        {
            "input": "1 1 3 3 4 5 5 6 6 7 7 8 9 10",
            "output": "1 3 4 5 6 7 8 9 10"
        },
        {
            "input": "5 6 6 7 8 9",
            "output": "5 6 7 8 9"
        },
        {
            "input": "2 2 3 6 6 6 6 7 10 10",
            "output": "2 3 6 7 10"
        },
        {
            "input": "2 2 3 3 4 5 5 5 8 8 8 8 8 9 9 9 9 10 10",
            "output": "2 3 4 5 8 9 10"
        },
        {
            "input": "1 1 2 3 5 5 7 7 8 9 9 10 10 10 10 10",
            "output": "1 2 3 5 7 8 9 10"
        },
        {
            "input": "1 2 2 3 4 5 5 5 6 6 7 8 8 8 8",
            "output": "1 2 3 4 5 6 7 8"
        },
        {
            "input": "1 2 3 4 5 6 6 7 7 7 8 9 9 9 9",
            "output": "1 2 3 4 5 6 7 8 9"
        },
        {
            "input": "1 1 1 1 2 3 3 3 5 6 6 7 8 9 10 10",
            "output": "1 2 3 5 6 7 8 9 10"
        },
        {
            "input": "2 4 4 5 5 6 8 9 9 10",
            "output": "2 4 5 6 8 9 10"
        },
        {
            "input": "1 3 3 3 3 4 4 5 6 7 7 8 8 8 8 9",
            "output": "1 3 4 5 6 7 8 9"
        },
        {
            "input": "1 3 3 4 5 6 7 8 8 8 8 9 10 10 10",
            "output": "1 3 4 5 6 7 8 9 10"
        },
        {
            "input": "1 1 1 2 2 2 2 3 3 3 5 5 7 7 7 9 9 10 10",
            "output": "1 2 3 5 7 9 10"
        },
        {
            "input": "1 1 1 2 3 3 4 6 7 8 9 9 10 10 10",
            "output": "1 2 3 4 6 7 8 9 10"
        },
        {
            "input": "1 1 2 2 3 3 5 5 6 6 6 7 8 8 8 8 8 9",
            "output": "1 2 3 5 6 7 8 9"
        },
        {
            "input": "1 2 3 3 4 5 6 7 9 9 9 10",
            "output": "1 2 3 4 5 6 7 9 10"
        },
        {
            "input": "2 3 4 5 5 5 6 7 7 8 8 8",
            "output": "2 3 4 5 6 7 8"
        },
        {
            "input": "2 2 2 5 5 6 7 8 8 9 9",
            "output": "2 5 6 7 8 9"
        },
        {
            "input": "1 2 2 2 2 3 3 3 4 4 5 6 6 7 8 8 9 9 10 10",
            "output": "1 2 3 4 5 6 7 8 9 10"
        },
        {
            "input": "1 1 3 3 3 5 6 10",
            "output": "1 3 5 6 10"
        },
        {
            "input": "2 2 3 3 4 5 6 7 10",
            "output": "2 3 4 5 6 7 10"
        },
        {
            "input": "1 3 3 3 7 8 9",
            "output": "1 3 7 8 9"
        },
        {
            "input": "1 2 3 3 3 5 5 5 6 8 8 8 8 10",
            "output": "1 2 3 5 6 8 10"
        },
        {
            "input": "1 1 2 2 2 3 3 4 5 7",
            "output": "1 2 3 4 5 7"
        },
        {
            "input": "1 1 1 2 2 4 5 5 6 7 8",
            "output": "1 2 4 5 6 7 8"
        },
        {
            "input": "2 2 3 4 7 8 9",
            "output": "2 3 4 7 8 9"
        },
        {
            "input": "1 1 2 2 2 4 6 7 9 9 10 10",
            "output": "1 2 4 6 7 9 10"
        },
        {
            "input": "1 1 1 1 2 3 3 3 3 4 4 5 6 7 7 8 9 10 10",
            "output": "1 2 3 4 5 6 7 8 9 10"
        },
        {
            "input": "1 1 2 2 3 3 3 4 4 6 6 7 8 8 9",
            "output": "1 2 3 4 6 7 8 9"
        },
        {
            "input": "1 2 2 2 3 4 4 5 5 6 6 6 8 9 9 10 10",
            "output": "1 2 3 4 5 6 8 9 10"
        },
        {
            "input": "2 2 2 3 3 3 4 4 5 6 7 8 8 8 8",
            "output": "2 3 4 5 6 7 8"
        },
        {
            "input": "1 1 3 3 4 5 6 6 7 7 8 9",
            "output": "1 3 4 5 6 7 8 9"
        },
        {
            "input": "1 1 2 5 6 6 6 6 7 8 9",
            "output": "1 2 5 6 7 8 9"
        },
        {
            "input": "1 2 2 3 4 5 6 6 6 7 8 8 8 8 8 9 10 10",
            "output": "1 2 3 4 5 6 7 8 9 10"
        },
        {
            "input": "2 2 2 7 8",
            "output": "2 7 8"
        },
        {
            "input": "1 3 3 4 5 5 6 8 9",
            "output": "1 3 4 5 6 8 9"
        },
        {
            "input": "1 2 2 2 3 3 3 6 6 7 8 8 8 9 9 10",
            "output": "1 2 3 6 7 8 9 10"
        },
        {
            "input": "2 4 6 7 9 10",
            "output": "2 4 6 7 9 10"
        },
        {
            "input": "1 1 1 2 2 2 2 4 4 4 5 6 7 8 8 8 10 10 10",
            "output": "1 2 4 5 6 7 8 10"
        },
        {
            "input": "1 1 1 2 2 2 3 3 4 5 5 5 5 6 7 7 9 10 10",
            "output": "1 2 3 4 5 6 7 9 10"
        },
        {
            "input": "1 4 4 4 7 8 8 9",
            "output": "1 4 7 8 9"
        },
        {
            "input": "1 2 2 3 4 7 10 10",
            "output": "1 2 3 4 7 10"
        },
        {
            "input": "2 5 6 7 7 8 9 10",
            "output": "2 5 6 7 8 9 10"
        },
        {
            "input": "1 1 2 4 4 4 4 5 6 6 6 6 7 7 7 7 8 9 10",
            "output": "1 2 4 5 6 7 8 9 10"
        },
        {
            "input": "1 3 5 6 6 6 7 7 7 8 8 8 8 8 9 10",
            "output": "1 3 5 6 7 8 9 10"
        },
        {
            "input": "1 2 3 4 4 9",
            "output": "1 2 3 4 9"
        },
        {
            "input": "3 4 5 8 8 10 10",
            "output": "3 4 5 8 10"
        },
        {
            "input": "1 1 2 2 3 3 4 4 5 6 7 8 8 9 10 10",
            "output": "1 2 3 4 5 6 7 8 9 10"
        },
        {
            "input": "1 1 1 1 2 3 5 5 6 6 6 7 8 8 8 9 9 9 9",
            "output": "1 2 3 5 6 7 8 9"
        },
        {
            "input": "1 1 2 3 4 6 6 7 8 9 9 9 9 10",
            "output": "1 2 3 4 6 7 8 9 10"
        },
        {
            "input": "1 1 1 2 2 2 3 3 4 4 5 6 7 7 7 8 8 8 8 9",
            "output": "1 2 3 4 5 6 7 8 9"
        },
        {
            "input": "1 2 2 4 4 4 5 5 7 8 8 8 10 10",
            "output": "1 2 4 5 7 8 10"
        },
        {
            "input": "1 2 3 4 4 4 5 5 6 6 8 8 10",
            "output": "1 2 3 4 5 6 8 10"
        },
        {
            "input": "2 2 2 4 5 8 8 10",
            "output": "2 4 5 8 10"
        },
        {
            "input": "3 4 5 6 6 6 6 8 8 8 8 8 9 9 9 10 10",
            "output": "3 4 5 6 8 9 10"
        },
        {
            "input": "1 4 4 5 7 7 7 7 7 7 8 8 9 10",
            "output": "1 4 5 7 8 9 10"
        },
        {
            "input": "2 2 4 6 9",
            "output": "2 4 6 9"
        },
        {
            "input": "1 2 3 4 5 5 5 6 6 6 8 9 10 10 10",
            "output": "1 2 3 4 5 6 8 9 10"
        },
        {
            "input": "1 2 3 4 4 7 7 8 8 8 10",
            "output": "1 2 3 4 7 8 10"
        },
        {
            "input": "1 3 4 5 5 5 8 9 9 9",
            "output": "1 3 4 5 8 9"
        },
        {
            "input": "1 1 1 2 2 2 3 4 4 4 5 5 6 7 7 8 9 9 10",
            "output": "1 2 3 4 5 6 7 8 9 10"
        },
        {
            "input": "2 2 2 2 3 3 4 4 4 6 6 7 7 8 9 9 9 10 10 10",
            "output": "2 3 4 6 7 8 9 10"
        },
        {
            "input": "1 1 2 2 2 3 4 5 6 6 6 6 7 8 9 9 10 10 10 10",
            "output": "1 2 3 4 5 6 7 8 9 10"
        },
        {
            "input": "1 1 3 4 4 4 4 5 5 5 5 6 7 8 9 10 10 10",
            "output": "1 3 4 5 6 7 8 9 10"
        },
        {
            "input": "1 1 4 4 5 5 6 6 7 7 7 9 9 10 10 10 10",
            "output": "1 4 5 6 7 9 10"
        },
        {
            "input": "2 5 7 7 7 9 9 10",
            "output": "2 5 7 9 10"
        },
        {
            "input": "1 1 2 2 3 3 4 6 7 7 7 8 8 9 9 9",
            "output": "1 2 3 4 6 7 8 9"
        },
        {
            "input": "1 1 2 3 4 4 4 4 5 6 6 6 7 7 8 8 8 9 9",
            "output": "1 2 3 4 5 6 7 8 9"
        },
        {
            "input": "2 6 7 9 9 10",
            "output": "2 6 7 9 10"
        },
        {
            "input": "1 1 1 2 3 4 5 5 6 9 9 9",
            "output": "1 2 3 4 5 6 9"
        },
        {
            "input": "4 4 4 6 7 10 10 10",
            "output": "4 6 7 10"
        },
        {
            "input": "2 2 2 3 4 4 5 6 6 6 7 8 8 9 10",
            "output": "2 3 4 5 6 7 8 9 10"
        },
        {
            "input": "1 1 1 1 2 5 5 5 5 5 6 6 7 7 7 8 9 9 9",
            "output": "1 2 5 6 7 8 9"
        },
        {
            "input": "1 2 2 2 3 5 6 6 7 7 7 9 9 9",
            "output": "1 2 3 5 6 7 9"
        },
        {
            "input": "1 2 3 4 5 6 8",
            "output": "1 2 3 4 5 6 8"
        },
        {
            "input": "1 3 4 4 5 6 7 9 10",
            "output": "1 3 4 5 6 7 9 10"
        },
        {
            "input": "3 4 6 6 7 8 9 10",
            "output": "3 4 6 7 8 9 10"
        },
        {
            "input": "1 2 2 3 4 4 7 7 9 10",
            "output": "1 2 3 4 7 9 10"
        },
        {
            "input": "1 1 2 3 4 4 4 7 8 9 9",
            "output": "1 2 3 4 7 8 9"
        },
        {
            "input": "1 1 1 2 2 3 3 4 4 4 4 6 7 7 9 9 9 10",
            "output": "1 2 3 4 6 7 9 10"
        },
        {
            "input": "1 1 2 4 4 4 5 5 6 6 7 7 8 8 8 9 9 9 10",
            "output": "1 2 4 5 6 7 8 9 10"
        },
        {
            "input": "1 1 2 2 2 3 3 4 4 6 6 7 7 7 8 8 9 9 9",
            "output": "1 2 3 4 6 7 8 9"
        },
        {
            "input": "1 1 2 4 4 4 5 6 7 7 7 7 9 9 9 9 10 10",
            "output": "1 2 4 5 6 7 9 10"
        },
        {
            "input": "1 1 2 2 2 3 3 3 3 6 6 7 7 7 7 8 9 10",
            "output": "1 2 3 6 7 8 9 10"
        },
        {
            "input": "1 1 2 2 3 4 6 6 6 7 9 9 10 10 10",
            "output": "1 2 3 4 6 7 9 10"
        },
        {
            "input": "2 2 2 3 4 4 5 6 6 6 7 8 8 9 10 10 10",
            "output": "2 3 4 5 6 7 8 9 10"
        },
        {
            "input": "1 2 3 3 4 5 5 6 6 7 9 9 9",
            "output": "1 2 3 4 5 6 7 9"
        },
        {
            "input": "1 3 4 4 5 5 6 7 9",
            "output": "1 3 4 5 6 7 9"
        },
        {
            "input": "2 2 2 3 4 4 5 5 5 6 7 7 7 7 7 8 8 9 9",
            "output": "2 3 4 5 6 7 8 9"
        },
        {
            "input": "2 3 3 3 4 6 6 7 8 8 8 9 10 10",
            "output": "2 3 4 6 7 8 9 10"
        },
        {
            "input": "1 4 6 6 6 8 9 9 10 10",
            "output": "1 4 6 8 9 10"
        },
        {
            "input": "1 3 5 6 9 10",
            "output": "1 3 5 6 9 10"
        },
        {
            "input": "1 1 3 4 4 4 4 4 6 6 7 7 7 9 10",
            "output": "1 3 4 6 7 9 10"
        },
        {
            "input": "1 1 1 3 3 4 5 6 6 6 7 8 8 9",
            "output": "1 3 4 5 6 7 8 9"
        },
        {
            "input": "1 2 2 6 6 6 8 8 8 9 9 9 10",
            "output": "1 2 6 8 9 10"
        },
        {
            "input": "1 1 1 1 1 1 2 2 3 3 3 4 5 7 8 9",
            "output": "1 2 3 4 5 7 8 9"
        },
        {
            "input": "1 1 1 2 3 4 4 5 5 6 6 6 6 7 8 8 10",
            "output": "1 2 3 4 5 6 7 8 10"
        },
        {
            "input": "2 3 3 4 4 5",
            "output": "2 3 4 5"
        },
        {
            "input": "1 5 6 6 6 6 7 7 7 8 9 9 9 9 10",
            "output": "1 5 6 7 8 9 10"
        },
        {
            "input": "2 4 5 6 8",
            "output": "2 4 5 6 8"
        },
        {
            "input": "2 3 4 5 8 8 8 8 8 9 10 10",
            "output": "2 3 4 5 8 9 10"
        },
        {
            "input": "1 2 2 3 3 3 3 4 6 6 7 9 10 10 10 10",
            "output": "1 2 3 4 6 7 9 10"
        },
        {
            "input": "1 2 2 2 3 3 3 3 3 4 5 5 5 6 9 10",
            "output": "1 2 3 4 5 6 9 10"
        },
        {
            "input": "1 2 2 2 2 3 3 4 4 5 5 5 5 6 6 9",
            "output": "1 2 3 4 5 6 9"
        },
        {
            "input": "1 1 2 2 3 3 3 3 4 4 5 5 8 8 9 10 10",
            "output": "1 2 3 4 5 8 9 10"
        },
        {
            "input": "1 1 2 2 2 3 4 4 5 5 6 6 6 7 8 9",
            "output": "1 2 3 4 5 6 7 8 9"
        },
        {
            "input": "1 1 2 3 4 5 5 5 6 6 9",
            "output": "1 2 3 4 5 6 9"
        },
        {
            "input": "1 2 3 3 4 4 4 5 5 5 6 8 8 9 9 9 10",
            "output": "1 2 3 4 5 6 8 9 10"
        },
        {
            "input": "2 2 3 7 7 8 9 9 10 10",
            "output": "2 3 7 8 9 10"
        },
        {
            "input": "1 1 3 4 4 5 7 7 9 9 9",
            "output": "1 3 4 5 7 9"
        },
        {
            "input": "1 3 3 7 7 8",
            "output": "1 3 7 8"
        },
        {
            "input": "2 3 4 7 9 10 10 10",
            "output": "2 3 4 7 9 10"
        },
        {
            "input": "2 3 4 6 8 9",
            "output": "2 3 4 6 8 9"
        },
        {
            "input": "3 3 7 9 10 10 10",
            "output": "3 7 9 10"
        },
        {
            "input": "1 3 4 4 4 5 5 6 6 7 7 8 8 10",
            "output": "1 3 4 5 6 7 8 10"
        },
        {
            "input": "1 1 1 2 2 2 3 4 4 4 5 6 6 6 7 7 8 9 9 10",
            "output": "1 2 3 4 5 6 7 8 9 10"
        },
        {
            "input": "1 1 2 4 4 6 7 7 8 8 9 9 9",
            "output": "1 2 4 6 7 8 9"
        },
        {
            "input": "1 2 3 3 4 6 7 9 9 9 10",
            "output": "1 2 3 4 6 7 9 10"
        },
        {
            "input": "1 2 2 2 3 3 4 4 6 6 6 7 7 8 9 9 9",
            "output": "1 2 3 4 6 7 8 9"
        },
        {
            "input": "1 1 2 2 2 3 4 4 4 5 5 5 5 6 6 10 10",
            "output": "1 2 3 4 5 6 10"
        },
        {
            "input": "1 1 2 3 4 4 5 5 5 7 9",
            "output": "1 2 3 4 5 7 9"
        },
        {
            "input": "2 3 6 7 7 8 10",
            "output": "2 3 6 7 8 10"
        },
        {
            "input": "3 3 4 4 5 5 5 7 7 8 10 10 10",
            "output": "3 4 5 7 8 10"
        },
        {
            "input": "1 1 1 3 3 4 4 4 4 6 6 7 7 8 8 9 9 9 10 10",
            "output": "1 3 4 6 7 8 9 10"
        },
        {
            "input": "1 2 2 2 3 4 5 6 7 7 10 10",
            "output": "1 2 3 4 5 6 7 10"
        },
        {
            "input": "1 2 6 7 8",
            "output": "1 2 6 7 8"
        },
        {
            "input": "3 3 4 4 4 4 6 6 6 6 6 8 9 9 10",
            "output": "3 4 6 8 9 10"
        },
        {
            "input": "1 3 3 4 5 7 8 8",
            "output": "1 3 4 5 7 8"
        },
        {
            "input": "5 5 6 8 8 9 10 10 10",
            "output": "5 6 8 9 10"
        },
        {
            "input": "2 2 3 4 4 4 4 5 5 5 6 8 9 9 10 10",
            "output": "2 3 4 5 6 8 9 10"
        },
        {
            "input": "2 2 5 6 7",
            "output": "2 5 6 7"
        },
        {
            "input": "1 1 2 4 5 6 6 7 7 9 9 10 10",
            "output": "1 2 4 5 6 7 9 10"
        },
        {
            "input": "2 7 8 8 10",
            "output": "2 7 8 10"
        },
        {
            "input": "1 1 2 2 3 4 4 5 6 7 7 7 9 9 9 9 10 10 10",
            "output": "1 2 3 4 5 6 7 9 10"
        },
        {
            "input": "1 2 2 4 4 4 7 8 8",
            "output": "1 2 4 7 8"
        },
        {
            "input": "1 2 2 2 5 5 7 7 9 10",
            "output": "1 2 5 7 9 10"
        },
        {
            "input": "3 5 6 6 6 7 7 8 9 9 9 10",
            "output": "3 5 6 7 8 9 10"
        },
        {
            "input": "2 2 3 3 3 4 6 7 9 10 10",
            "output": "2 3 4 6 7 9 10"
        },
        {
            "input": "1 2 4 4 5 6",
            "output": "1 2 4 5 6"
        },
        {
            "input": "4 4 6 7 7 7",
            "output": "4 6 7"
        },
        {
            "input": "1 5 6 7 7 8 9",
            "output": "1 5 6 7 8 9"
        },
        {
            "input": "1 2 2 3 3 4 5 5 5 5 6 6 6 7 8 9",
            "output": "1 2 3 4 5 6 7 8 9"
        },
        {
            "input": "1 1 1 2 3 4 4 7 8 8 9 10",
            "output": "1 2 3 4 7 8 9 10"
        },
        {
            "input": "2 3 4 5 8 8 9 9",
            "output": "2 3 4 5 8 9"
        },
        {
            "input": "1 2 3 4 5 5 6 6 7 7 7 8 9 9 10 10",
            "output": "1 2 3 4 5 6 7 8 9 10"
        },
        {
            "input": "1 2 2 3 4 4 4 5 5 6 6 7 8 8 8 10",
            "output": "1 2 3 4 5 6 7 8 10"
        },
        {
            "input": "1 1 2 2 2 3 3 5 6 6 8 9 10 10 10",
            "output": "1 2 3 5 6 8 9 10"
        },
        {
            "input": "1 2 3 3 3 3 4 5 5 9 10",
            "output": "1 2 3 4 5 9 10"
        },
        {
            "input": "2 3 3 3 5 6 6 6 8 8 8 9 9 9 10 10",
            "output": "2 3 5 6 8 9 10"
        },
        {
            "input": "1 1 2 3 5 5 7 7 8 9 9 9 10",
            "output": "1 2 3 5 7 8 9 10"
        },
        {
            "input": "1 1 2 3 3 4 5 6 7 8 8 9 9 10",
            "output": "1 2 3 4 5 6 7 8 9 10"
        },
        {
            "input": "2 5 5 5 8 9 10",
            "output": "2 5 8 9 10"
        },
        {
            "input": "1 2 2 6 6 7 7 8 8 9 10",
            "output": "1 2 6 7 8 9 10"
        },
        {
            "input": "1 1 4 4 7 10",
            "output": "1 4 7 10"
        },
        {
            "input": "1 1 1 2 2 5 5 6 6 7 8 8 9",
            "output": "1 2 5 6 7 8 9"
        },
        {
            "input": "1 1 1 1 2 2 2 3 3 4 5 5 5 6 6 8 9 9 10",
            "output": "1 2 3 4 5 6 8 9 10"
        },
        {
            "input": "2 6 8 9 10 10",
            "output": "2 6 8 9 10"
        },
        {
            "input": "1 1 1 3 3 3 4 4 4 5 5 5 5 6 6 8 8 10 10 10",
            "output": "1 3 4 5 6 8 10"
        },
        {
            "input": "1 1 1 4 4 6 6 8 9 9 9 9 9 9 10 10",
            "output": "1 4 6 8 9 10"
        },
        {
            "input": "1 2 4 5 5 6",
            "output": "1 2 4 5 6"
        },
        {
            "input": "2 3 4 5 6 9",
            "output": "2 3 4 5 6 9"
        },
        {
            "input": "1 1 1 2 2 4 6 6 6 8 9 10 10",
            "output": "1 2 4 6 8 9 10"
        },
        {
            "input": "1 2 4 7 7 8",
            "output": "1 2 4 7 8"
        },
        {
            "input": "2 2 3 3 4 5 5 6 6 7 7 8 8 8 8 9 9 10",
            "output": "2 3 4 5 6 7 8 9 10"
        },
        {
            "input": "5 6 7 8 10",
            "output": "5 6 7 8 10"
        },
        {
            "input": "2 3 3 4 4 4 5 5 5 7 8 9 10",
            "output": "2 3 4 5 7 8 9 10"
        },
        {
            "input": "1 4 4 4 6 7 7 7 8 8 9",
            "output": "1 4 6 7 8 9"
        },
        {
            "input": "5 5 8 9 9 9",
            "output": "5 8 9"
        },
        {
            "input": "1 1 1 1 2 3 3 3 3 5 5 5 6 7 8 8 9 9 10 10",
            "output": "1 2 3 5 6 7 8 9 10"
        },
        {
            "input": "1 2 3 3 8 9 10",
            "output": "1 2 3 8 9 10"
        },
        {
            "input": "3 3 4 5 5 8 10",
            "output": "3 4 5 8 10"
        },
        {
            "input": "1 3 7 7 8",
            "output": "1 3 7 8"
        },
        {
            "input": "2 2 3 4 4 5 5 8 10",
            "output": "2 3 4 5 8 10"
        },
        {
            "input": "1 2 2 2 3 3 3 5 6 6 6 8 8 10",
            "output": "1 2 3 5 6 8 10"
        },
        {
            "input": "1 1 2 2 2 4 5 5 5 6 7 7 7 8 8 8 8 9 9 9",
            "output": "1 2 4 5 6 7 8 9"
        },
        {
            "input": "1 2 2 3 4 5 6 6 6 6 8 8 8 10",
            "output": "1 2 3 4 5 6 8 10"
        },
        {
            "input": "2 4 6 9 9",
            "output": "2 4 6 9"
        },
        {
            "input": "1 1 2 2 2 3 3 4 4 4 5 6 8 8 8 8 9",
            "output": "1 2 3 4 5 6 8 9"
        },
        {
            "input": "1 1 2 2 4 5 6 8 8 8 9 10 10",
            "output": "1 2 4 5 6 8 9 10"
        },
        {
            "input": "1 2 2 4 5 5 6 6 6 6 7 7 8",
            "output": "1 2 4 5 6 7 8"
        },
        {
            "input": "2 2 2 2 3 3 4 4 6 8 8 9 9 10 10",
            "output": "2 3 4 6 8 9 10"
        },
        {
            "input": "1 2 2 3 3 4 4 4 4 5 5 6 6 6 6 7 7 10 10 10",
            "output": "1 2 3 4 5 6 7 10"
        },
        {
            "input": "1 1 1 1 2 2 2 3 3 4 4 4 4 4 5 6 7 8 8 10",
            "output": "1 2 3 4 5 6 7 8 10"
        },
        {
            "input": "1 1 1 4 7",
            "output": "1 4 7"
        },
        {
            "input": "1 3 5 7 7 7",
            "output": "1 3 5 7"
        },
        {
            "input": "1 1 3 6 7 8",
            "output": "1 3 6 7 8"
        },
        {
            "input": "1 2 4 5 6 6 7 7 8 9 9 10 10 10",
            "output": "1 2 4 5 6 7 8 9 10"
        },
        {
            "input": "2 5 7 8 8 8 9 10",
            "output": "2 5 7 8 9 10"
        },
        {
            "input": "1 3 4 7 8",
            "output": "1 3 4 7 8"
        },
        {
            "input": "1 2 2 2 4 4 4 6 7 7 8 8 9 9 9 10 10 10",
            "output": "1 2 4 6 7 8 9 10"
        },
        {
            "input": "1 3 4 5 6 9 9 10 10 10",
            "output": "1 3 4 5 6 9 10"
        },
        {
            "input": "1 2 4 5 5 7 7 8 9 9 9",
            "output": "1 2 4 5 7 8 9"
        },
        {
            "input": "2 4 4 5 5 6 6 7 7 8 8 8 8 9 10 10 10 10",
            "output": "2 4 5 6 7 8 9 10"
        },
        {
            "input": "1 1 2 3 4 4 5 5 5 6 7 8 9 9 9 10 10 10",
            "output": "1 2 3 4 5 6 7 8 9 10"
        },
        {
            "input": "1 1 2 2 2 3 4 5 6 7 7 9 9 10 10",
            "output": "1 2 3 4 5 6 7 9 10"
        },
        {
            "input": "1 2 3 4 6 6 6 7 7 7 7 8 9 9",
            "output": "1 2 3 4 6 7 8 9"
        },
        {
            "input": "3 5 7 8 8 8 10 10 10 10",
            "output": "3 5 7 8 10"
        },
        {
            "input": "1 2 3 6 6 6 7 7 10 10",
            "output": "1 2 3 6 7 10"
        },
        {
            "input": "1 2 2 5 6 6 7 8 9 10",
            "output": "1 2 5 6 7 8 9 10"
        },
        {
            "input": "1 3 4 5 5 5 7",
            "output": "1 3 4 5 7"
        },
        {
            "input": "1 2 2 3 3 4 4 6 10 10",
            "output": "1 2 3 4 6 10"
        },
        {
            "input": "3 3 3 5 5 6 7 8 9 9 10 10",
            "output": "3 5 6 7 8 9 10"
        },
        {
            "input": "1 4 5 6 7 7 7 8 8 9 10",
            "output": "1 4 5 6 7 8 9 10"
        },
        {
            "input": "1 1 3 3 3 7 7 10 10",
            "output": "1 3 7 10"
        },
        {
            "input": "1 1 1 2 2 4 4 5 6 7 8 8 9 10 10",
            "output": "1 2 4 5 6 7 8 9 10"
        },
        {
            "input": "1 1 2 2 3 5 6 6 7 7 8 9 9",
            "output": "1 2 3 5 6 7 8 9"
        },
        {
            "input": "1 3 4 5 5 6 6 7 7 8 8 9 10",
            "output": "1 3 4 5 6 7 8 9 10"
        },
        {
            "input": "1 1 1 2 3 3 3 4 4 4 4 5 5 5 6 7 7 9 9",
            "output": "1 2 3 4 5 6 7 9"
        },
        {
            "input": "3 3 3 3 4 4 5 6 7 7 8 8 9 10",
            "output": "3 4 5 6 7 8 9 10"
        },
        {
            "input": "1 5 6 6 7 7 8 8 8 10",
            "output": "1 5 6 7 8 10"
        },
        {
            "input": "1 1 1 1 4 6 6 7 8 8 9 9 10 10 10",
            "output": "1 4 6 7 8 9 10"
        },
        {
            "input": "3 3 3 4 4 4 5 5 6 6 6 6 9",
            "output": "3 4 5 6 9"
        },
        {
            "input": "1 1 2 3 4 4 4 5 10 10 10 10 10",
            "output": "1 2 3 4 5 10"
        },
        {
            "input": "2 3 3 3 3 3 4 4 5 6 6 7 8 8 10 10",
            "output": "2 3 4 5 6 7 8 10"
        },
        {
            "input": "3 4 5 7 7 8 9 9 10",
            "output": "3 4 5 7 8 9 10"
        },
        {
            "input": "1 1 1 1 2 3 4 4 5 5 9 9 10",
            "output": "1 2 3 4 5 9 10"
        },
        {
            "input": "1 1 4 5 5 5 5 6 6 6 8 8 9 9 9 9 9 10 10 10",
            "output": "1 4 5 6 8 9 10"
        },
        {
            "input": "1 2 4 5 5 6 6 6 7 7 7 8 8 8",
            "output": "1 2 4 5 6 7 8"
        },
        {
            "input": "2 2 3 5 5 6 6 6 7 8",
            "output": "2 3 5 6 7 8"
        },
        {
            "input": "1 2 2 3 3 3 4 5 6 6 7 7 7 8 8 10 10 10 10",
            "output": "1 2 3 4 5 6 7 8 10"
        },
        {
            "input": "2 3 4 5 5 8 8 8 8 8 9 10",
            "output": "2 3 4 5 8 9 10"
        },
        {
            "input": "1 1 3 3 5 5 6 6 6 7 7 9 10 10",
            "output": "1 3 5 6 7 9 10"
        },
        {
            "input": "1 1 2 3 3 3 3 4 4 5 6 6 7 7 8 9 10 10 10",
            "output": "1 2 3 4 5 6 7 8 9 10"
        },
        {
            "input": "2 7 9 10 10",
            "output": "2 7 9 10"
        },
        {
            "input": "2 2 3 3 3 3 7 8 8",
            "output": "2 3 7 8"
        },
        {
            "input": "4 6 7 7 8 8 8 9 9 9 9",
            "output": "4 6 7 8 9"
        },
        {
            "input": "3 4 5 6 6 7",
            "output": "3 4 5 6 7"
        },
        {
            "input": "1 1 1 2 2 3 3 4 4 5 7 8 9 10",
            "output": "1 2 3 4 5 7 8 9 10"
        },
        {
            "input": "1 1 1 2 2 2 4 6 6 7 8 9",
            "output": "1 2 4 6 7 8 9"
        },
        {
            "input": "1 1 2 3 3 3 4 5 5 5 6 7 10",
            "output": "1 2 3 4 5 6 7 10"
        },
        {
            "input": "3 3 6 6 9 10",
            "output": "3 6 9 10"
        },
        {
            "input": "1 1 2 3 5 6 6 8 8",
            "output": "1 2 3 5 6 8"
        },
        {
            "input": "2 3 4 5 5 5 6 7 7 9 10 10 10",
            "output": "2 3 4 5 6 7 9 10"
        },
        {
            "input": "3 3 3 4 4 6 8 8 9 10",
            "output": "3 4 6 8 9 10"
        },
        {
            "input": "1 1 1 2 2 2 3 6 7 8 9 10 10",
            "output": "1 2 3 6 7 8 9 10"
        },
        {
            "input": "1 1 2 3 3 3 4 4 6 6 7 7 7 8 9 10",
            "output": "1 2 3 4 6 7 8 9 10"
        },
        {
            "input": "1 1 5 6 7 7 8 8 9 10",
            "output": "1 5 6 7 8 9 10"
        },
        {
            "input": "1 2 3 3 4 4 4 5 5 5 7 7 8 8 9 9 10 10 10",
            "output": "1 2 3 4 5 7 8 9 10"
        },
        {
            "input": "1 1 3 4 4 4 5 6 8 8 9 9 10",
            "output": "1 3 4 5 6 8 9 10"
        },
        {
            "input": "1 1 3 5 5 5 6 6 7 7 8 8 9 10 10",
            "output": "1 3 5 6 7 8 9 10"
        },
        {
            "input": "1 1 2 2 3 5 6 6 7 7 7 8 9 9 9 10",
            "output": "1 2 3 5 6 7 8 9 10"
        },
        {
            "input": "1 1 1 1 2 3 3 3 3 4 4 5 5 6 6 6 8 8 9",
            "output": "1 2 3 4 5 6 8 9"
        },
        {
            "input": "1 2 4 10 10",
            "output": "1 2 4 10"
        },
        {
            "input": "2 3 3 3 5 5 6 6 7 7 8 10",
            "output": "2 3 5 6 7 8 10"
        },
        {
            "input": "1 1 1 4 4 5 5 6 6 7 7 8 8 8 9 9 10",
            "output": "1 4 5 6 7 8 9 10"
        },
        {
            "input": "1 5 7 8 10 10",
            "output": "1 5 7 8 10"
        },
        {
            "input": "1 1 1 1 2 7 7 8 8 9 9 9 10",
            "output": "1 2 7 8 9 10"
        },
        {
            "input": "1 3 4 4 6 6 7 8 9",
            "output": "1 3 4 6 7 8 9"
        },
        {
            "input": "1 2 2 4 5 5 6 7 7 9 10",
            "output": "1 2 4 5 6 7 9 10"
        },
        {
            "input": "4 4 5 5 5 6 6 7 7 7 7 8 8 9 9 9 9 10 10 10",
            "output": "4 5 6 7 8 9 10"
        },
        {
            "input": "1 1 2 3 6 6 6 7 7 8 8 9 9 9",
            "output": "1 2 3 6 7 8 9"
        },
        {
            "input": "1 4 4 4 4 4 6 6 7 7 7 8 10",
            "output": "1 4 6 7 8 10"
        },
        {
            "input": "2 2 2 3 4 4 4 4 5 6 6 6 6 7 7 7 8 9 10",
            "output": "2 3 4 5 6 7 8 9 10"
        },
        {
            "input": "1 1 1 2 2 2 2 3 4 5 5 5 6 7 7 7 8 8 10",
            "output": "1 2 3 4 5 6 7 8 10"
        },
        {
            "input": "1 1 2 2 3 3 4 5 5 6 7 7 7 8 9 9 9 9 10",
            "output": "1 2 3 4 5 6 7 8 9 10"
        },
        {
            "input": "1 1 2 4 5 5 6 6 7 7 7 9 10",
            "output": "1 2 4 5 6 7 9 10"
        },
        {
            "input": "1 2 2 2 3 3 3 4 6 7 7 8 9",
            "output": "1 2 3 4 6 7 8 9"
        },
        {
            "input": "2 2 4 4 7 9 10 10",
            "output": "2 4 7 9 10"
        },
        {
            "input": "1 2 3 3 4 4 5 6 6 6 7 7 8 8 9",
            "output": "1 2 3 4 5 6 7 8 9"
        },
        {
            "input": "2 5 6 6 8 9 10",
            "output": "2 5 6 8 9 10"
        },
        {
            "input": "1 1 2 2 3 4 5 6 7 7 7 8 8 8",
            "output": "1 2 3 4 5 6 7 8"
        },
        {
            "input": "1 1 1 2 2 3 4 4 6 6 6 8 8 9 9 10 10",
            "output": "1 2 3 4 6 8 9 10"
        },
        {
            "input": "2 2 2 3 4 4 6 6 7 7 7 7 7 7 8 9 10 10 10",
            "output": "2 3 4 6 7 8 9 10"
        },
        {
            "input": "3 3 4 4 6 6 7",
            "output": "3 4 6 7"
        },
        {
            "input": "1 1 3 4 4 5 5 6 7 8 9 9 10 10 10",
            "output": "1 3 4 5 6 7 8 9 10"
        },
        {
            "input": "1 3 4 6 7 9 10",
            "output": "1 3 4 6 7 9 10"
        },
        {
            "input": "1 1 1 3 5 5 5 6 6 8 9 9 9 10 10 10",
            "output": "1 3 5 6 8 9 10"
        },
        {
            "input": "3 4 6 9 9",
            "output": "3 4 6 9"
        },
        {
            "input": "1 1 2 2 2 3 3 4 5 5 5 6 7 7 10 10 10 10 10",
            "output": "1 2 3 4 5 6 7 10"
        },
        {
            "input": "1 1 1 3 4 4 4 4 5 5 6 7 8 9 10 10 10",
            "output": "1 3 4 5 6 7 8 9 10"
        },
        {
            "input": "4 5 7 8 8 9 10",
            "output": "4 5 7 8 9 10"
        },
        {
            "input": "1 2 4 4 5 5 6 7 9 10 10",
            "output": "1 2 4 5 6 7 9 10"
        },
        {
            "input": "2 4 4 5 8 10",
            "output": "2 4 5 8 10"
        },
        {
            "input": "2 3 4 4 4 5 5 5 6 7 9",
            "output": "2 3 4 5 6 7 9"
        },
        {
            "input": "3 4 4 5 5 5 7 8 9 9 9 10 10",
            "output": "3 4 5 7 8 9 10"
        },
        {
            "input": "1 1 2 2 3 3 5 5 6 6 6 7 7 8 8 8 8 10 10",
            "output": "1 2 3 5 6 7 8 10"
        },
        {
            "input": "1 1 1 3 3 4 4 4 5 5 5 6 6 7 8 9 9 10 10",
            "output": "1 3 4 5 6 7 8 9 10"
        },
        {
            "input": "5 5 7 8 8",
            "output": "5 7 8"
        },
        {
            "input": "1 1 6 6 8 9 9 10",
            "output": "1 6 8 9 10"
        },
        {
            "input": "1 1 1 2 2 2 3 3 4 5 5 5 6 7 7 8 9 10",
            "output": "1 2 3 4 5 6 7 8 9 10"
        },
        {
            "input": "1 3 3 3 6 6 6 8 8 9 9 10",
            "output": "1 3 6 8 9 10"
        },
        {
            "input": "1 1 1 2 3 3 4 4 4 4 5 6 6 8 8 9 9 10",
            "output": "1 2 3 4 5 6 8 9 10"
        },
        {
            "input": "1 1 2 2 3 3 3 4 6 9 9 10 10 10",
            "output": "1 2 3 4 6 9 10"
        },
        {
            "input": "2 3 4 7 7 8 8 10",
            "output": "2 3 4 7 8 10"
        },
        {
            "input": "3 4 6 9 10",
            "output": "3 4 6 9 10"
        },
        {
            "input": "1 2 4 5 6 6 7 7 8 8 9 9 10",
            "output": "1 2 4 5 6 7 8 9 10"
        },
        {
            "input": "1 1 1 1 3 4 4 4 4 4 5 6 7 7 8 8 9 10",
            "output": "1 3 4 5 6 7 8 9 10"
        },
        {
            "input": "1 1 2 3 3 3 5 6 6 6 7 7 8",
            "output": "1 2 3 5 6 7 8"
        },
        {
            "input": "1 2 3 5 5 5 6 6 7 8 8 9 9 9 9 10",
            "output": "1 2 3 5 6 7 8 9 10"
        },
        {
            "input": "2 3 6 6 8 8 8 9 10",
            "output": "2 3 6 8 9 10"
        },
        {
            "input": "3 4 6 7 7 8 10",
            "output": "3 4 6 7 8 10"
        },
        {
            "input": "1 1 2 2 4 5 6 6 7 8 8 8 9 9 9 9 10",
            "output": "1 2 4 5 6 7 8 9 10"
        },
        {
            "input": "1 1 2 2 3 3 4 4 5 6 6 8 9 9 10 10 10",
            "output": "1 2 3 4 5 6 8 9 10"
        },
        {
            "input": "1 1 2 4 4 5 6 6 6 7 7 7 7 9 9 10",
            "output": "1 2 4 5 6 7 9 10"
        },
        {
            "input": "1 2 4 7 8 9",
            "output": "1 2 4 7 8 9"
        },
        {
            "input": "1 1 3 3 3 6 7 8 8 10",
            "output": "1 3 6 7 8 10"
        },
        {
            "input": "1 2 3 3 4 4 5 5 6 6 7 7 7 8 8 9 9 9",
            "output": "1 2 3 4 5 6 7 8 9"
        },
        {
            "input": "1 3 3 7 7 7",
            "output": "1 3 7"
        },
        {
            "input": "1 1 3 3 4 4 5 5 6 6 8 9 9 9 10",
            "output": "1 3 4 5 6 8 9 10"
        },
        {
            "input": "1 2 2 3 6 9 10 10 10 10",
            "output": "1 2 3 6 9 10"
        },
        {
            "input": "3 3 5 6 9 9 10",
            "output": "3 5 6 9 10"
        },
        {
            "input": "3 4 4 5 6 6 7 7 8 8 9 9",
            "output": "3 4 5 6 7 8 9"
        },
        {
            "input": "1 1 1 2 3 3 4 4 5 5 5 5 7 7 8 8 9 10 10",
            "output": "1 2 3 4 5 7 8 9 10"
        },
        {
            "input": "2 6 7 7 9",
            "output": "2 6 7 9"
        },
        {
            "input": "2 3 3 4 5 7 7 9 9 9",
            "output": "2 3 4 5 7 9"
        },
        {
            "input": "1 1 3 4 5 10",
            "output": "1 3 4 5 10"
        },
        {
            "input": "1 2 3 5 6 6 7 7 7 8 8 9 9 9 9 9 10 10",
            "output": "1 2 3 5 6 7 8 9 10"
        },
        {
            "input": "1 1 1 3 4 4 5 6 6 6 7 8 8 9 9 10 10",
            "output": "1 3 4 5 6 7 8 9 10"
        },
        {
            "input": "1 1 2 3 3 3 4 5 5 7 7 7 7 7 8 8 9 10",
            "output": "1 2 3 4 5 7 8 9 10"
        },
        {
            "input": "1 1 1 3 4 4 5 6 8 8 9 10 10",
            "output": "1 3 4 5 6 8 9 10"
        },
        {
            "input": "1 4 6 6 6 8 9",
            "output": "1 4 6 8 9"
        },
        {
            "input": "1 1 1 4 4 6 8 10",
            "output": "1 4 6 8 10"
        },
        {
            "input": "1 2 2 2 3 3 4 5 6 7 7 8 10 10 10 10",
            "output": "1 2 3 4 5 6 7 8 10"
        },
        {
            "input": "2 2 3 4 4 8 10 10",
            "output": "2 3 4 8 10"
        },
        {
            "input": "2 2 4 6 7 8 8 8",
            "output": "2 4 6 7 8"
        },
        {
            "input": "1 2 3 3 4 7 8 8 8 9 9",
            "output": "1 2 3 4 7 8 9"
        },
        {
            "input": "1 2 3 3 4 5 5 5 5 6 7 9 9 9",
            "output": "1 2 3 4 5 6 7 9"
        },
        {
            "input": "1 3 4 5 6 7 7 8 8 9 9 10 10 10",
            "output": "1 3 4 5 6 7 8 9 10"
        },
        {
            "input": "1 2 2 2 4 5 7 8 8 8 8 9 10 10 10",
            "output": "1 2 4 5 7 8 9 10"
        },
        {
            "input": "2 3 4 4 5 9 10 10",
            "output": "2 3 4 5 9 10"
        },
        {
            "input": "2 3 4 4 4 6 6 8 8 8 9 9",
            "output": "2 3 4 6 8 9"
        },
        {
            "input": "1 1 1 1 2 2 3 3 6 7 7 7 8 9 9 9 10 10 10 10",
            "output": "1 2 3 6 7 8 9 10"
        },
        {
            "input": "1 1 1 2 2 3 3 6 6 8 8 9 10 10 10",
            "output": "1 2 3 6 8 9 10"
        },
        {
            "input": "1 2 3 4 4 4 4 5 6 6 7 7 7 7 8 9 10 10",
            "output": "1 2 3 4 5 6 7 8 9 10"
        },
        {
            "input": "3 3 3 3 4 5 5 7 7 8 9 9 10 10",
            "output": "3 4 5 7 8 9 10"
        },
        {
            "input": "2 2 2 2 3 3 4 4 6 6 6 6 7 7 8 9 10 10 10",
            "output": "2 3 4 6 7 8 9 10"
        },
        {
            "input": "1 1 1 1 2 2 3 4 7 7 8 10 10",
            "output": "1 2 3 4 7 8 10"
        },
        {
            "input": "1 1 2 3 3 4 4 5 6 6 7 9 10",
            "output": "1 2 3 4 5 6 7 9 10"
        },
        {
            "input": "4 6 6 7 9 10",
            "output": "4 6 7 9 10"
        },
        {
            "input": "4 5 5 8 9 10",
            "output": "4 5 8 9 10"
        },
        {
            "input": "3 5 6 6 6 7 7 8 8 8 10 10",
            "output": "3 5 6 7 8 10"
        },
        {
            "input": "1 3 3 4 4 5 6 6 6 6 7 7 7 8 9 9 9",
            "output": "1 3 4 5 6 7 8 9"
        },
        {
            "input": "1 1 4 5 5 5 6 6 6 7 7 8 9 10 10 10",
            "output": "1 4 5 6 7 8 9 10"
        },
        {
            "input": "1 2 2 4 4 5 5 6 6 7 7 8 10 10",
            "output": "1 2 4 5 6 7 8 10"
        },
        {
            "input": "2 2 3 4 5 6 6 7 7 7 8 9",
            "output": "2 3 4 5 6 7 8 9"
        },
        {
            "input": "1 1 1 1 2 2 3 3 4 4 5 5 6 6 7 8 9 10 10 10",
            "output": "1 2 3 4 5 6 7 8 9 10"
        },
        {
            "input": "2 3 3 4 7 7 10",
            "output": "2 3 4 7 10"
        },
        {
            "input": "1 3 3 3 5 6 7 7 7 7 8 8 9 9",
            "output": "1 3 5 6 7 8 9"
        },
        {
            "input": "1 3 3 6 7 9",
            "output": "1 3 6 7 9"
        },
        {
            "input": "1 1 1 2 5 6 6 7 7 8 8 9 9 10 10 10",
            "output": "1 2 5 6 7 8 9 10"
        },
        {
            "input": "1 2 3 3 4 4 4 5 5 6 6 6 7 7 7 8 9 9 10 10",
            "output": "1 2 3 4 5 6 7 8 9 10"
        },
        {
            "input": "1 2 3 4 6 8 10",
            "output": "1 2 3 4 6 8 10"
        },
        {
            "input": "1 1 3 3 3 4 4 7 8 8 8 8 9 9",
            "output": "1 3 4 7 8 9"
        },
        {
            "input": "1 1 1 3 3 6 7 8 8 8 9 9",
            "output": "1 3 6 7 8 9"
        },
        {
            "input": "1 1 1 2 3 4 4 5 5 5 6 8 8 8 9 9 9 9 10 10",
            "output": "1 2 3 4 5 6 8 9 10"
        },
        {
            "input": "1 1 2 2 3 3 3 4 5 5 6 6 8 9 10",
            "output": "1 2 3 4 5 6 8 9 10"
        },
        {
            "input": "2 2 2 2 4 6 6 6 6 6 8 8 8 9 9",
            "output": "2 4 6 8 9"
        },
        {
            "input": "1 2 3 4 5 5 6 6 6 6 7 8 10",
            "output": "1 2 3 4 5 6 7 8 10"
        },
        {
            "input": "1 2 2 2 3 3 3 3 4 4 5 5 5 5 6 7 8 8 9 10",
            "output": "1 2 3 4 5 6 7 8 9 10"
        },
        {
            "input": "3 4 7 7 9",
            "output": "3 4 7 9"
        },
        {
            "input": "1 3 4 4 5 6 7 7 9",
            "output": "1 3 4 5 6 7 9"
        },
        {
            "input": "1 3 3 4 9",
            "output": "1 3 4 9"
        },
        {
            "input": "2 4 5 5 7 8",
            "output": "2 4 5 7 8"
        },
        {
            "input": "1 3 3 4 4 5 6 7 8 8 9 10 10 10 10",
            "output": "1 3 4 5 6 7 8 9 10"
        },
        {
            "input": "2 3 5 6 7 10 10",
            "output": "2 3 5 6 7 10"
        },
        {
            "input": "1 1 1 2 2 2 4 6 7 7 7 8 9 9 10 10 10 10",
            "output": "1 2 4 6 7 8 9 10"
        },
        {
            "input": "1 2 4 4 5 6 7 9 9 9 10 10",
            "output": "1 2 4 5 6 7 9 10"
        },
        {
            "input": "2 2 3 4 4 5 6 7 8 8 9 9 10 10",
            "output": "2 3 4 5 6 7 8 9 10"
        },
        {
            "input": "1 3 5 7 7 8 9 10",
            "output": "1 3 5 7 8 9 10"
        },
        {
            "input": "1 1 1 2 4 4 5 5 6 6 6 6 7 7 7 7 8 10 10",
            "output": "1 2 4 5 6 7 8 10"
        },
        {
            "input": "1 3 4 4 4 5 6 6 7 7 8 8 8 8 8 8 8 9 10",
            "output": "1 3 4 5 6 7 8 9 10"
        },
        {
            "input": "1 7 7 8 8 9 10",
            "output": "1 7 8 9 10"
        },
        {
            "input": "1 2 2 2 3 3 3 3 4 5 5 5 7 7 7 8 8 8 8 9",
            "output": "1 2 3 4 5 7 8 9"
        },
        {
            "input": "1 2 4 5 5 6 7 7 9 9 9 10 10",
            "output": "1 2 4 5 6 7 9 10"
        },
        {
            "input": "1 4 5 6 7 8 8 10",
            "output": "1 4 5 6 7 8 10"
        },
        {
            "input": "1 1 2 2 3 3 3 4 5 5 6 7 7 7 7 8 10 10",
            "output": "1 2 3 4 5 6 7 8 10"
        },
        {
            "input": "3 4 4 5 5 7 8 9 9 10",
            "output": "3 4 5 7 8 9 10"
        },
        {
            "input": "1 3 3 5 8",
            "output": "1 3 5 8"
        },
        {
            "input": "1 3 7 8 9 10 10",
            "output": "1 3 7 8 9 10"
        },
        {
            "input": "2 2 2 2 2 4 4 4 5 7 10 10",
            "output": "2 4 5 7 10"
        },
        {
            "input": "1 3 3 4 5 10 10",
            "output": "1 3 4 5 10"
        },
        {
            "input": "1 2 2 2 6 7 7 8 9",
            "output": "1 2 6 7 8 9"
        },
        {
            "input": "1 1 1 2 3 4 4 5 5 6 6 7 7 8 9 10",
            "output": "1 2 3 4 5 6 7 8 9 10"
        },
        {
            "input": "1 2 3 3 5 8 8 8 10",
            "output": "1 2 3 5 8 10"
        },
        {
            "input": "1 1 2 3 7 8 10",
            "output": "1 2 3 7 8 10"
        },
        {
            "input": "1 5 6 8 9",
            "output": "1 5 6 8 9"
        },
        {
            "input": "1 1 2 2 2 3 4 4 5 5 6 6 7 7 7 8 8 8 9 10",
            "output": "1 2 3 4 5 6 7 8 9 10"
        },
        {
            "input": "2 3 3 4 4 5 5 5 6 6 6 6 7 7 8 8 10 10 10",
            "output": "2 3 4 5 6 7 8 10"
        },
        {
            "input": "1 2 2 5 5 5 7 9",
            "output": "1 2 5 7 9"
        },
        {
            "input": "2 3 4 4 5 6 7 8 8 8 8",
            "output": "2 3 4 5 6 7 8"
        },
        {
            "input": "2 3 4 4 4 5 5 7 7",
            "output": "2 3 4 5 7"
        },
        {
            "input": "1 1 2 3 5 5 5 5 6 7 8 8 8 9 10 10 10",
            "output": "1 2 3 5 6 7 8 9 10"
        },
        {
            "input": "1 1 1 1 2 2 3 3 4 5 5 6 6 6 7 7 7 7 9",
            "output": "1 2 3 4 5 6 7 9"
        },
        {
            "input": "1 5 6 7 7 8",
            "output": "1 5 6 7 8"
        },
        {
            "input": "3 4 5 6 6 9 9 9 9",
            "output": "3 4 5 6 9"
        },
        {
            "input": "2 3 4 5 7 9",
            "output": "2 3 4 5 7 9"
        },
        {
            "input": "1 3 5 5 6 6 7 7 8 10",
            "output": "1 3 5 6 7 8 10"
        },
        {
            "input": "2 2 2 3 3 4 5 5 7 10",
            "output": "2 3 4 5 7 10"
        },
        {
            "input": "1 1 1 4 6 7 8 8 10 10 10",
            "output": "1 4 6 7 8 10"
        },
        {
            "input": "1 1 1 3 4 5 6 6 8 8 10 10",
            "output": "1 3 4 5 6 8 10"
        },
        {
            "input": "4 5 5 6 6 7 7 7 8 8 8 10",
            "output": "4 5 6 7 8 10"
        },
        {
            "input": "1 1 2 3 3 4 5 6 6 7 8 9 10",
            "output": "1 2 3 4 5 6 7 8 9 10"
        },
        {
            "input": "1 1 2 3 3 3 4 5 7 8 8 10 10",
            "output": "1 2 3 4 5 7 8 10"
        },
        {
            "input": "1 2 2 3 3 6 6 6 7 9 9 10",
            "output": "1 2 3 6 7 9 10"
        },
        {
            "input": "2 3 3 3 3 4 6 7 7 9 9 9 10 10 10 10 10",
            "output": "2 3 4 6 7 9 10"
        },
        {
            "input": "1 1 1 2 3 4 5 5 5 6 7 7 8 9 10 10 10",
            "output": "1 2 3 4 5 6 7 8 9 10"
        },
        {
            "input": "1 1 2 2 5 7 9 9 10",
            "output": "1 2 5 7 9 10"
        },
        {
            "input": "1 1 1 2 3 4 4 4 5 5 5 5 6 7",
            "output": "1 2 3 4 5 6 7"
        },
        {
            "input": "3 3 4 5 5 7 9 10 10 10",
            "output": "3 4 5 7 9 10"
        },
        {
            "input": "1 1 2 2 2 2 3 4 4 5 5 8 8 9 9 9 10 10 10",
            "output": "1 2 3 4 5 8 9 10"
        },
        {
            "input": "2 2 3 3 4 6 8 10",
            "output": "2 3 4 6 8 10"
        },
        {
            "input": "2 2 2 6 6 6 7 8 10 10",
            "output": "2 6 7 8 10"
        },
        {
            "input": "1 1 1 1 2 2 2 3 3 4 4 4 6 7 7 7 8 8 8 10",
            "output": "1 2 3 4 6 7 8 10"
        },
        {
            "input": "1 3 3 4 6 6 10 10 10",
            "output": "1 3 4 6 10"
        },
        {
            "input": "1 1 3 3 3 6 6 7 7 7 8 8 8 9 9 10 10",
            "output": "1 3 6 7 8 9 10"
        },
        {
            "input": "2 6 7 7 10 10",
            "output": "2 6 7 10"
        },
        {
            "input": "1 4 5 9 10",
            "output": "1 4 5 9 10"
        },
        {
            "input": "2 2 3 3 4 4 4 4 4 5 6 7 8 8 8 8 9 9 9",
            "output": "2 3 4 5 6 7 8 9"
        },
        {
            "input": "1 1 1 1 2 2 3 3 4 5 5 5 7 7 8 10",
            "output": "1 2 3 4 5 7 8 10"
        },
        {
            "input": "1 3 5 6 7 8 8 10 10",
            "output": "1 3 5 6 7 8 10"
        },
        {
            "input": "1 1 1 1 2 2 2 4 4 4 5 5 5 6 7 7 8 10 10",
            "output": "1 2 4 5 6 7 8 10"
        },
        {
            "input": "1 2 2 3 3 5 5 5 5 6 6 9 9 10 10",
            "output": "1 2 3 5 6 9 10"
        },
        {
            "input": "1 1 2 2 2 3 4 4 4 4 5 5 6 7 8 8 9 9 10",
            "output": "1 2 3 4 5 6 7 8 9 10"
        },
        {
            "input": "1 1 2 3 3 3 3 4 6 6 7 7 7 8 9 9 9",
            "output": "1 2 3 4 6 7 8 9"
        },
        {
            "input": "1 1 2 2 3 5 5 7 7 7 7 8 8 10 10",
            "output": "1 2 3 5 7 8 10"
        },
        {
            "input": "1 2 3 4 6 7 8 10",
            "output": "1 2 3 4 6 7 8 10"
        },
        {
            "input": "3 5 5 6 7 7 8 9 10",
            "output": "3 5 6 7 8 9 10"
        },
        {
            "input": "1 2 3 4 4 5 5 5 7 9 10",
            "output": "1 2 3 4 5 7 9 10"
        },
        {
            "input": "1 1 1 2 3 3 4 4 7 7 7 7 8 9 10",
            "output": "1 2 3 4 7 8 9 10"
        },
        {
            "input": "1 2 3 4 7 7 7 8 9 9 10 10 10",
            "output": "1 2 3 4 7 8 9 10"
        },
        {
            "input": "1 2 3 3 5 5 5 6 6 7",
            "output": "1 2 3 5 6 7"
        },
        {
            "input": "1 2 3 3 3 6 6 7 7 7 7 8 8 8 9 9 10 10",
            "output": "1 2 3 6 7 8 9 10"
        },
        {
            "input": "2 2 3 3 4 4 5 5 5 5 7 7 7 8 8 8 9 10",
            "output": "2 3 4 5 7 8 9 10"
        }
    ]
}