{
    "id": "reverse_an_array",
    "title": "Reverse an Array",
    "description": "Output the elements of a given array in reverse order.",
    "input_format": "Space-separated integers representing the array elements.",
    "output_format": "The space-separated elements in reverse order.",
    "constraints": {
        "Array size": "1 <= N <= 100"
    },
    "judge_mode": "FIRST_FAIL",
    "time_limit": 1,
    "sample_test_cases": [
        {
            "input": "1 2 3 4 5",
            "output": "5 4 3 2 1"
        },
        {
            "input": "10 20 30",
            "output": "30 20 10"
        }
    ],
    "hidden_test_cases": [
        {
            "input": "35 2 23 60 25 62",
            "output": "62 25 60 23 2 35"
        },
        {
            "input": "13 25 31 15 50 34 83 6 63 71",
            "output": "71 63 6 83 34 50 15 31 25 13"
        },
        {
            "input": "26 28 26 25 63",
            "output": "63 25 26 28 26"
        },
        {
            "input": "100 47 96 90",
            "output": "90 96 47 100"
        },
        {
            "input": "66 7 12 32 26 87 94 15 60 36 63 27 98 95",
            "output": "95 98 27 63 36 60 15 94 87 26 32 12 7 66"
        },
        {
            "input": "23 89 72 69 90 88 62 68 59 42 61",
            "output": "61 42 59 68 62 88 90 69 72 89 23"
        },
        {
            "input": "77 22 12 5 1 16 1 79 22 47 68",
            "output": "68 47 22 79 1 16 1 5 12 22 77"
        },
        {
            "input": "90 13 42 29 83 39",
            "output": "39 83 29 42 13 90"
        },
        {
            "input": "57 45 75 61",
            "output": "61 75 45 57"
        },
        {
            "input": "57 6 25 57 38 98 52 17 10 33 40 37",
            "output": "37 40 33 10 17 52 98 38 57 25 6 57"
        },
        {
            "input": "26 11 19 21 51 68 83 74 21",
            "output": "21 74 83 68 51 21 19 11 26"
        },
        {
            "input": "20 83 85 23 70 61 71 68 6 21 48",
            "output": "48 21 6 68 71 61 70 23 85 83 20"
        },
        {
            "input": "7 21 82 2 38 63 98",
            "output": "98 63 38 2 82 21 7"
        },
        {
            "input": "29 51 20 12 49 19 42 38 40 76 92 91 79 92",
            "output": "92 79 91 92 76 40 38 42 19 49 12 20 51 29"
        },
        {
            "input": "27 99 79 53 98 71 78 3 23",
            "output": "23 3 78 71 98 53 79 99 27"
        },
        {
            "input": "97 80 68 96 71 94 80 8",
            "output": "8 80 94 71 96 68 80 97"
        },
        {
            "input": "33 60 6 83 29 92 13 5 19 59 90 74",
            "output": "74 90 59 19 5 13 92 29 83 6 60 33"
        },
        {
            "input": "67 49 38 100",
            "output": "100 38 49 67"
        },
        {
            "input": "66 50 69 15 73 13 77 74 35",
            "output": "35 74 77 13 73 15 69 50 66"
        },
        {
            "input": "28 96 87 76 30 24 37 47 48",
            "output": "48 47 37 24 30 76 87 96 28"
        },
        {
            "input": "12 2 77 100 46 68 32 82 96 94 32 87 70 58",
            "output": "58 70 87 32 94 96 82 32 68 46 100 77 2 12"
        },
        {
            "input": "58 80 69 68 64 60 25 1",
            "output": "1 25 60 64 68 69 80 58"
        },
        {
            "input": "8 30 61 83 88 24 91 74 42 33 51 40 23",
            "output": "23 40 51 33 42 74 91 24 88 83 61 30 8"
        },
        {
            "input": "65 51 47 7 27 88 46",
            "output": "46 88 27 7 47 51 65"
        },
        {
            "input": "18 48 7 90",
            "output": "90 7 48 18"
        },
        {
            "input": "3 20 33 90 84",
            "output": "84 90 33 20 3"
        },
        {
            "input": "23 54 72 23 81",
            "output": "81 23 72 54 23"
        },
        {
            "input": "48 99 29 37 82 21 43 2 49 42 48 12 26 69",
            "output": "69 26 12 48 42 49 2 43 21 82 37 29 99 48"
        },
        {
            "input": "27 8 68 90",
            "output": "90 68 8 27"
        },
        {
            "input": "84 15 74 9 12 46 40 37 30 50 41 100",
            "output": "100 41 50 30 37 40 46 12 9 74 15 84"
        },
        {
            "input": "38 81 10 9 33 76 90 84 32 75 95 74 34 62",
            "output": "62 34 74 95 75 32 84 90 76 33 9 10 81 38"
        },
        {
            "input": "38 44 72 7 33 37 77 32 93 35 60 81 16 40",
            "output": "40 16 81 60 35 93 32 77 37 33 7 72 44 38"
        },
        {
            "input": "64 53 5 21 29 37 13 84 6 93 37 32 16 52 17",
            "output": "17 52 16 32 37 93 6 84 13 37 29 21 5 53 64"
        },
        {
            "input": "38 15 62 70 94 31 76 72 71 54 92",
            "output": "92 54 71 72 76 31 94 70 62 15 38"
        },
        {
            "input": "1 91 71 56 87 56 99 21 90 68 53",
            "output": "53 68 90 21 99 56 87 56 71 91 1"
        },
        {
            "input": "17 75 85 77 10",
            "output": "10 77 85 75 17"
        },
        {
            "input": "84 7 27 19 79 79 21",
            "output": "21 79 79 19 27 7 84"
        },
        {
            "input": "20 1 92 76 55 72 77 94",
            "output": "94 77 72 55 76 92 1 20"
        },
        {
            "input": "16 6 16 5 88 69 11 16 84 36 24",
            "output": "24 36 84 16 11 69 88 5 16 6 16"
        },
        {
            "input": "26 93 38 41 10 49 15 46 20 39 71 66 15 6 83",
            "output": "83 6 15 66 71 39 20 46 15 49 10 41 38 93 26"
        },
        {
            "input": "51 57 26 15 16 27 45 15",
            "output": "15 45 27 16 15 26 57 51"
        },
        {
            "input": "11 34 31 95 11 30 78 78 34 29 37 79 70",
            "output": "70 79 37 29 34 78 78 30 11 95 31 34 11"
        },
        {
            "input": "76 9 66 41 56",
            "output": "56 41 66 9 76"
        },
        {
            "input": "73 26 8 28 82",
            "output": "82 28 8 26 73"
        },
        {
            "input": "66 50 12 56 39",
            "output": "39 56 12 50 66"
        },
        {
            "input": "48 40 33 54 95 50 23 12",
            "output": "12 23 50 95 54 33 40 48"
        },
        {
            "input": "6 52 62 84 91 81 58 53 50",
            "output": "50 53 58 81 91 84 62 52 6"
        },
        {
            "input": "33 33 61 32 28 88 44 39 73 81 73 93 34 100 88",
            "output": "88 100 34 93 73 81 73 39 44 88 28 32 61 33 33"
        },
        {
            "input": "6 95 87",
            "output": "87 95 6"
        },
        {
            "input": "68 47 14 69 53 75 1 21 4 79 63",
            "output": "63 79 4 21 1 75 53 69 14 47 68"
        },
        {
            "input": "34 33 56 19 76 55 46 14 74",
            "output": "74 14 46 55 76 19 56 33 34"
        },
        {
            "input": "76 57 41",
            "output": "41 57 76"
        },
        {
            "input": "48 60 59 88 77 64 70 17 33 59 96 16 35",
            "output": "35 16 96 59 33 17 70 64 77 88 59 60 48"
        },
        {
            "input": "55 53 20 42",
            "output": "42 20 53 55"
        },
        {
            "input": "9 29 7 30 88 45 6 82 13 8 21",
            "output": "21 8 13 82 6 45 88 30 7 29 9"
        },
        {
            "input": "29 11 93",
            "output": "93 11 29"
        },
        {
            "input": "57 32 76 56 20 14 95 1",
            "output": "1 95 14 20 56 76 32 57"
        },
        {
            "input": "53 3 34 2 19 97 71 94 52 67 97 64 7 4 31",
            "output": "31 4 7 64 97 67 52 94 71 97 19 2 34 3 53"
        },
        {
            "input": "5 88 27 100 15 45 19 62 81 53 7 26 31 31 86",
            "output": "86 31 31 26 7 53 81 62 19 45 15 100 27 88 5"
        },
        {
            "input": "90 4 67 77 17 69 51 1 51 34 80",
            "output": "80 34 51 1 51 69 17 77 67 4 90"
        },
        {
            "input": "95 12 60 90 26 18 7 51 99 24",
            "output": "24 99 51 7 18 26 90 60 12 95"
        },
        {
            "input": "45 89 78 90 61 11 78 94 57 16 46 46 75 90",
            "output": "90 75 46 46 16 57 94 78 11 61 90 78 89 45"
        },
        {
            "input": "57 34 90 90 79 7 41",
            "output": "41 7 79 90 90 34 57"
        },
        {
            "input": "13 97 53 8 74 71 47 82 34 95",
            "output": "95 34 82 47 71 74 8 53 97 13"
        },
        {
            "input": "38 86 60 34",
            "output": "34 60 86 38"
        },
        {
            "input": "68 2 50 36 84 48 19 5 78",
            "output": "78 5 19 48 84 36 50 2 68"
        },
        {
            "input": "89 3 35 32 47 25 35 42",
            "output": "42 35 25 47 32 35 3 89"
        },
        {
            "input": "5 60 43 99 89 3",
            "output": "3 89 99 43 60 5"
        },
        {
            "input": "89 85 59 96 15 35 73 10 2 28 87 25 62",
            "output": "62 25 87 28 2 10 73 35 15 96 59 85 89"
        },
        {
            "input": "6 95 11 87 98 27 84 32 28 60 90",
            "output": "90 60 28 32 84 27 98 87 11 95 6"
        },
        {
            "input": "39 11 100 10 37 10 64 55 97 15 40",
            "output": "40 15 97 55 64 10 37 10 100 11 39"
        },
        {
            "input": "17 45 53 82 88 93",
            "output": "93 88 82 53 45 17"
        },
        {
            "input": "51 32 4 56 87 96 66",
            "output": "66 96 87 56 4 32 51"
        },
        {
            "input": "93 50 66 50 84 35 80 26 93 18 65 95 32 72 54",
            "output": "54 72 32 95 65 18 93 26 80 35 84 50 66 50 93"
        },
        {
            "input": "27 70 20 98 53 69 56 69 20 98 20 55",
            "output": "55 20 98 20 69 56 69 53 98 20 70 27"
        },
        {
            "input": "97 86 93 37 17",
            "output": "17 37 93 86 97"
        },
        {
            "input": "51 67 76 55 30 83 66 6 56 28 31 4 5 52",
            "output": "52 5 4 31 28 56 6 66 83 30 55 76 67 51"
        },
        {
            "input": "17 47 89 89 1 53 84 27 39 91 39",
            "output": "39 91 39 27 84 53 1 89 89 47 17"
        },
        {
            "input": "81 61 65 30 95 93 89 16 39 87 7 6 61",
            "output": "61 6 7 87 39 16 89 93 95 30 65 61 81"
        },
        {
            "input": "55 56 47 67 96 7 39 84 73 28 42 11",
            "output": "11 42 28 73 84 39 7 96 67 47 56 55"
        },
        {
            "input": "49 56 59 96 87 88 26 31 80 33 55 99",
            "output": "99 55 33 80 31 26 88 87 96 59 56 49"
        },
        {
            "input": "66 38 46 78 61 26 37",
            "output": "37 26 61 78 46 38 66"
        },
        {
            "input": "89 90 24",
            "output": "24 90 89"
        },
        {
            "input": "5 71 10 3 84 38 100 29 28 30",
            "output": "30 28 29 100 38 84 3 10 71 5"
        },
        {
            "input": "2 33 81 38 6 77 85 73 79",
            "output": "79 73 85 77 6 38 81 33 2"
        },
        {
            "input": "83 96 56 80 21 62 59 22 45 4 84 36 98 35",
            "output": "35 98 36 84 4 45 22 59 62 21 80 56 96 83"
        },
        {
            "input": "76 67 35 87 85 76 7",
            "output": "7 76 85 87 35 67 76"
        },
        {
            "input": "29 94 98 41",
            "output": "41 98 94 29"
        },
        {
            "input": "78 49 60 71",
            "output": "71 60 49 78"
        },
        {
            "input": "17 95 86 27 95 64 81 49 89",
            "output": "89 49 81 64 95 27 86 95 17"
        },
        {
            "input": "52 68 84 53 66 20 44 89 79 100 71 64 30",
            "output": "30 64 71 100 79 89 44 20 66 53 84 68 52"
        },
        {
            "input": "86 33 18 1 50 99 49 11",
            "output": "11 49 99 50 1 18 33 86"
        },
        {
            "input": "24 80 57 8 80 29 68 50 25 12 67",
            "output": "67 12 25 50 68 29 80 8 57 80 24"
        },
        {
            "input": "62 6 35 17 73 56 40 76 92 72 34 89",
            "output": "89 34 72 92 76 40 56 73 17 35 6 62"
        },
        {
            "input": "39 41 51 72 78 29 62 84 67 34 64",
            "output": "64 34 67 84 62 29 78 72 51 41 39"
        },
        {
            "input": "95 29 71 62 2 10 46 68 28",
            "output": "28 68 46 10 2 62 71 29 95"
        },
        {
            "input": "36 66 64 98 59",
            "output": "59 98 64 66 36"
        },
        {
            "input": "32 4 75",
            "output": "75 4 32"
        },
        {
            "input": "81 84 25 56",
            "output": "56 25 84 81"
        },
        {
            "input": "5 71 44 17 58 84 85 23 53 91 88 65 85 33 31",
            "output": "31 33 85 65 88 91 53 23 85 84 58 17 44 71 5"
        },
        {
            "input": "55 96 96 62 50",
            "output": "50 62 96 96 55"
        },
        {
            "input": "58 27 49 60 42 36 57 87 12 5 79 30 70 12 85",
            "output": "85 12 70 30 79 5 12 87 57 36 42 60 49 27 58"
        },
        {
            "input": "95 46 27 67",
            "output": "67 27 46 95"
        },
        {
            "input": "50 45 80 68 23 59 16 83 7 79 72 65 48 49",
            "output": "49 48 65 72 79 7 83 16 59 23 68 80 45 50"
        },
        {
            "input": "17 74 67 61 62 76 80",
            "output": "80 76 62 61 67 74 17"
        },
        {
            "input": "74 59 28 24 71 75 25 89 59 19 91 79",
            "output": "79 91 19 59 89 25 75 71 24 28 59 74"
        },
        {
            "input": "49 92 78 69",
            "output": "69 78 92 49"
        },
        {
            "input": "63 100 85 80 79 77 75 100 45 9 76 56",
            "output": "56 76 9 45 100 75 77 79 80 85 100 63"
        },
        {
            "input": "53 5 80 45 68 5 70 10 43 34 99 83",
            "output": "83 99 34 43 10 70 5 68 45 80 5 53"
        },
        {
            "input": "11 100 25",
            "output": "25 100 11"
        },
        {
            "input": "1 85 23 72 49 14 87 39 16 8 93",
            "output": "93 8 16 39 87 14 49 72 23 85 1"
        },
        {
            "input": "51 66 17 62 70",
            "output": "70 62 17 66 51"
        },
        {
            "input": "38 80 54 1 71 79 32 59 61 32 37 50 22 46 17",
            "output": "17 46 22 50 37 32 61 59 32 79 71 1 54 80 38"
        },
        {
            "input": "48 50 94 1 42 55 51 66 16 65 96",
            "output": "96 65 16 66 51 55 42 1 94 50 48"
        },
        {
            "input": "63 39 73 75 3 64 17 7 70",
            "output": "70 7 17 64 3 75 73 39 63"
        },
        {
            "input": "27 20 8 72 1 32 18",
            "output": "18 32 1 72 8 20 27"
        },
        {
            "input": "74 58 47 51 8 18 87",
            "output": "87 18 8 51 47 58 74"
        },
        {
            "input": "26 88 52 1 99 84 37 60 100",
            "output": "100 60 37 84 99 1 52 88 26"
        },
        {
            "input": "83 8 95 86 96 96",
            "output": "96 96 86 95 8 83"
        },
        {
            "input": "64 41 37 70 15 83 26 15 84 76 98 50 66 73 92",
            "output": "92 73 66 50 98 76 84 15 26 83 15 70 37 41 64"
        },
        {
            "input": "29 56 84",
            "output": "84 56 29"
        },
        {
            "input": "96 53 93 32 76 6 60 49 63 66 9 28 65 56 63",
            "output": "63 56 65 28 9 66 63 49 60 6 76 32 93 53 96"
        },
        {
            "input": "40 28 15 48 80 88 27 29 91 97 39 39",
            "output": "39 39 97 91 29 27 88 80 48 15 28 40"
        },
        {
            "input": "57 5 2 15 100 15 8 51 19 8 39 23 96",
            "output": "96 23 39 8 19 51 8 15 100 15 2 5 57"
        },
        {
            "input": "62 56 30 8 14",
            "output": "14 8 30 56 62"
        },
        {
            "input": "2 84 60 20 75 24 38 57 9 86 82",
            "output": "82 86 9 57 38 24 75 20 60 84 2"
        },
        {
            "input": "20 18 58 46 46 57 79 89 75 40 100 70 36 54",
            "output": "54 36 70 100 40 75 89 79 57 46 46 58 18 20"
        },
        {
            "input": "14 91 15 95 57 64 22 83 88 30",
            "output": "30 88 83 22 64 57 95 15 91 14"
        },
        {
            "input": "54 26 87 29",
            "output": "29 87 26 54"
        },
        {
            "input": "9 33 33 82 27 43 75 57",
            "output": "57 75 43 27 82 33 33 9"
        },
        {
            "input": "26 78 13 93 63 67 21 37",
            "output": "37 21 67 63 93 13 78 26"
        },
        {
            "input": "1 29 77 6 42 50 85",
            "output": "85 50 42 6 77 29 1"
        },
        {
            "input": "16 79 74 29 3 11 33",
            "output": "33 11 3 29 74 79 16"
        },
        {
            "input": "57 27 60 18 15 5 49 96 50 37 97 92 85 67 27",
            "output": "27 67 85 92 97 37 50 96 49 5 15 18 60 27 57"
        },
        {
            "input": "61 36 63 29 10 1 37 71 18 21 66 8",
            "output": "8 66 21 18 71 37 1 10 29 63 36 61"
        },
        {
            "input": "54 94 49 57 61 42 63 41 26 1 40 69 22",
            "output": "22 69 40 1 26 41 63 42 61 57 49 94 54"
        },
        {
            "input": "9 61 69 18 18 2 93 24",
            "output": "24 93 2 18 18 69 61 9"
        },
        {
            "input": "80 6 77 44",
            "output": "44 77 6 80"
        },
        {
            "input": "7 14 99 71 6 24 35 88 97 41 65 91 48 8",
            "output": "8 48 91 65 41 97 88 35 24 6 71 99 14 7"
        },
        {
            "input": "72 60 45 52 71 81 28 65 8 34 6 25 44",
            "output": "44 25 6 34 8 65 28 81 71 52 45 60 72"
        },
        {
            "input": "9 3 73 73 46 4 57 49 55",
            "output": "55 49 57 4 46 73 73 3 9"
        },
        {
            "input": "53 78 48 15 92 58 44 68 41 67 58",
            "output": "58 67 41 68 44 58 92 15 48 78 53"
        },
        {
            "input": "49 70 5",
            "output": "5 70 49"
        },
        {
            "input": "87 20 91 8 91 25 18 40 43 56",
            "output": "56 43 40 18 25 91 8 91 20 87"
        },
        {
            "input": "36 51 97",
            "output": "97 51 36"
        },
        {
            "input": "45 99 37 44 18 23 17 14 57 80 21",
            "output": "21 80 57 14 17 23 18 44 37 99 45"
        },
        {
            "input": "30 49 44 82 90 62 76 84 97 65 17",
            "output": "17 65 97 84 76 62 90 82 44 49 30"
        },
        {
            "input": "12 36 26 62 71 100 14 96 55 17 72 44 96 68 41",
            "output": "41 68 96 44 72 17 55 96 14 100 71 62 26 36 12"
        },
        {
            "input": "50 83 75 21 5 97 69 97 21 20 26 86",
            "output": "86 26 20 21 97 69 97 5 21 75 83 50"
        },
        {
            "input": "35 51 100 85 6 76 25 87 20 11 24 27 78 12",
            "output": "12 78 27 24 11 20 87 25 76 6 85 100 51 35"
        },
        {
            "input": "29 32 39 50 17",
            "output": "17 50 39 32 29"
        },
        {
            "input": "51 60 21 43 83 74 76 97 4 35 72 5 96 33",
            "output": "33 96 5 72 35 4 97 76 74 83 43 21 60 51"
        },
        {
            "input": "16 84 92 44 32 44 89 45 63 35 97 30 12 9",
            "output": "9 12 30 97 35 63 45 89 44 32 44 92 84 16"
        },
        {
            "input": "29 59 80 40 72 86",
            "output": "86 72 40 80 59 29"
        },
        {
            "input": "36 12 100 33 97 81 45 18 86 10 33",
            "output": "33 10 86 18 45 81 97 33 100 12 36"
        },
        {
            "input": "74 63 2 14 57 66 3 91 66 9 63 15",
            "output": "15 63 9 66 91 3 66 57 14 2 63 74"
        },
        {
            "input": "71 87 41 46 16",
            "output": "16 46 41 87 71"
        },
        {
            "input": "72 65 86",
            "output": "86 65 72"
        },
        {
            "input": "66 55 62",
            "output": "62 55 66"
        },
        {
            "input": "51 60 51 48 99 93 95 85 26 27 61 35 42 2",
            "output": "2 42 35 61 27 26 85 95 93 99 48 51 60 51"
        },
        {
            "input": "4 53 34 83 88 65 23 34 9",
            "output": "9 34 23 65 88 83 34 53 4"
        },
        {
            "input": "42 64 63 63 51 73 3 30",
            "output": "30 3 73 51 63 63 64 42"
        },
        {
            "input": "99 60 80 76 65 92 74 38 79 87 91 95 59",
            "output": "59 95 91 87 79 38 74 92 65 76 80 60 99"
        },
        {
            "input": "3 88 99 91 3 35",
            "output": "35 3 91 99 88 3"
        },
        {
            "input": "22 49 99",
            "output": "99 49 22"
        },
        {
            "input": "32 29 1 14 89 94 82 98 68 5",
            "output": "5 68 98 82 94 89 14 1 29 32"
        },
        {
            "input": "31 33 22 20 31",
            "output": "31 20 22 33 31"
        },
        {
            "input": "41 21 5 41 36",
            "output": "36 41 5 21 41"
        },
        {
            "input": "66 11 42 14",
            "output": "14 42 11 66"
        },
        {
            "input": "62 70 66 31 10 47",
            "output": "47 10 31 66 70 62"
        },
        {
            "input": "64 81 7 23 35 82 41 66 4 81 17 57 13 70",
            "output": "70 13 57 17 81 4 66 41 82 35 23 7 81 64"
        },
        {
            "input": "72 92 93 57 30 48 13",
            "output": "13 48 30 57 93 92 72"
        },
        {
            "input": "66 6 47 95",
            "output": "95 47 6 66"
        },
        {
            "input": "100 33 18 95 88 77 90 73 67",
            "output": "67 73 90 77 88 95 18 33 100"
        },
        {
            "input": "97 87 13 18 72 67 2 47 40 36 40 47",
            "output": "47 40 36 40 47 2 67 72 18 13 87 97"
        },
        {
            "input": "8 44 91 15 86 80 41 37 90 92 57 41",
            "output": "41 57 92 90 37 41 80 86 15 91 44 8"
        },
        {
            "input": "11 68 23",
            "output": "23 68 11"
        },
        {
            "input": "16 75 8",
            "output": "8 75 16"
        },
        {
            "input": "65 61 72 82 91 62 14 22 30 32 55 2 93 44 89",
            "output": "89 44 93 2 55 32 30 22 14 62 91 82 72 61 65"
        },
        {
            "input": "14 55 5 88 37 19 44 17 23 28 65 100 81 25",
            "output": "25 81 100 65 28 23 17 44 19 37 88 5 55 14"
        },
        {
            "input": "26 52 39 30 71 38 86 23 3 40 53 16 89",
            "output": "89 16 53 40 3 23 86 38 71 30 39 52 26"
        },
        {
            "input": "84 20 2 49 19 36 62 50 8 97 24 29",
            "output": "29 24 97 8 50 62 36 19 49 2 20 84"
        },
        {
            "input": "71 78 98 13 45 78 78",
            "output": "78 78 45 13 98 78 71"
        },
        {
            "input": "14 87 94 88 65 39",
            "output": "39 65 88 94 87 14"
        },
        {
            "input": "4 86 8 50 96",
            "output": "96 50 8 86 4"
        },
        {
            "input": "93 48 36 11 30 66",
            "output": "66 30 11 36 48 93"
        },
        {
            "input": "25 4 72 66 21",
            "output": "21 66 72 4 25"
        },
        {
            "input": "64 73 78 38 37 13 79 77 38 36",
            "output": "36 38 77 79 13 37 38 78 73 64"
        },
        {
            "input": "42 70 34 55 56 42 77 61 64",
            "output": "64 61 77 42 56 55 34 70 42"
        },
        {
            "input": "77 89 56 87",
            "output": "87 56 89 77"
        },
        {
            "input": "51 70 61 1 54 89 26 67 25 7",
            "output": "7 25 67 26 89 54 1 61 70 51"
        },
        {
            "input": "15 72 81 88 76 41 19 98 6 75 68 79 3",
            "output": "3 79 68 75 6 98 19 41 76 88 81 72 15"
        },
        {
            "input": "10 73 80 53 12 15 64 67 5 30",
            "output": "30 5 67 64 15 12 53 80 73 10"
        },
        {
            "input": "68 34 13 13 89 73 1 30 53 72 44",
            "output": "44 72 53 30 1 73 89 13 13 34 68"
        },
        {
            "input": "69 12 17 30 17 56 99 89 19 27 36 100 27 50 69",
            "output": "69 50 27 100 36 27 19 89 99 56 17 30 17 12 69"
        },
        {
            "input": "82 17 67 13 92 11 46 95 53 97 94 12",
            "output": "12 94 97 53 95 46 11 92 13 67 17 82"
        },
        {
            "input": "62 84 47 37 58 59 97 41 48",
            "output": "48 41 97 59 58 37 47 84 62"
        },
        {
            "input": "37 72 49",
            "output": "49 72 37"
        },
        {
            "input": "11 58 45 27 92 20 84 7 71 55 76 69 64",
            "output": "64 69 76 55 71 7 84 20 92 27 45 58 11"
        },
        {
            "input": "10 44 81 1 70 39 57",
            "output": "57 39 70 1 81 44 10"
        },
        {
            "input": "46 40 10 54 24 85 17 85 71 3",
            "output": "3 71 85 17 85 24 54 10 40 46"
        },
        {
            "input": "85 86 10 9",
            "output": "9 10 86 85"
        },
        {
            "input": "4 92 62 39 69 59 70 87 90 100 47 47 57 93 14",
            "output": "14 93 57 47 47 100 90 87 70 59 69 39 62 92 4"
        },
        {
            "input": "16 33 54 14 69",
            "output": "69 14 54 33 16"
        },
        {
            "input": "36 78 60 48 7",
            "output": "7 48 60 78 36"
        },
        {
            "input": "79 96 97 21 10 46 100 33 50",
            "output": "50 33 100 46 10 21 97 96 79"
        },
        {
            "input": "40 8 55 13 40 30 70 69 49 87 38 90 39",
            "output": "39 90 38 87 49 69 70 30 40 13 55 8 40"
        },
        {
            "input": "11 55 71 14 17 76 99 1 37 5 8 52 89 47",
            "output": "47 89 52 8 5 37 1 99 76 17 14 71 55 11"
        },
        {
            "input": "16 33 81 4 80 94 47 75 32 70 13",
            "output": "13 70 32 75 47 94 80 4 81 33 16"
        },
        {
            "input": "67 46 24 46 3 82 82 66 42 56 24",
            "output": "24 56 42 66 82 82 3 46 24 46 67"
        },
        {
            "input": "15 99 1 86 92 45 62 82 79 12",
            "output": "12 79 82 62 45 92 86 1 99 15"
        },
        {
            "input": "19 21 100 59 43 9 62 54",
            "output": "54 62 9 43 59 100 21 19"
        },
        {
            "input": "60 61 100 2 11",
            "output": "11 2 100 61 60"
        },
        {
            "input": "45 23 53 91",
            "output": "91 53 23 45"
        },
        {
            "input": "50 14 64 98 66 98 84 58 21 68 74 73",
            "output": "73 74 68 21 58 84 98 66 98 64 14 50"
        },
        {
            "input": "19 24 100 49 58 90 58 100 13 26 93 76 78 59 40",
            "output": "40 59 78 76 93 26 13 100 58 90 58 49 100 24 19"
        },
        {
            "input": "65 40 4 91 2 38 27 35 73 8 23 74 50",
            "output": "50 74 23 8 73 35 27 38 2 91 4 40 65"
        },
        {
            "input": "32 81 46 62 30 4 17 85 87 76 99 44 15 2",
            "output": "2 15 44 99 76 87 85 17 4 30 62 46 81 32"
        },
        {
            "input": "22 1 68 70 5 97 61 53 24 98 89 66",
            "output": "66 89 98 24 53 61 97 5 70 68 1 22"
        },
        {
            "input": "56 82 66 94 41 83 15 33 31 42 20 37",
            "output": "37 20 42 31 33 15 83 41 94 66 82 56"
        },
        {
            "input": "6 16 43 28",
            "output": "28 43 16 6"
        },
        {
            "input": "73 53 9 76 16",
            "output": "16 76 9 53 73"
        },
        {
            "input": "48 4 65 30",
            "output": "30 65 4 48"
        },
        {
            "input": "29 5 30 71 67 60 70 69 41 9 39 52 19 27",
            "output": "27 19 52 39 9 41 69 70 60 67 71 30 5 29"
        },
        {
            "input": "63 40 57 84 42 12",
            "output": "12 42 84 57 40 63"
        },
        {
            "input": "44 72 8",
            "output": "8 72 44"
        },
        {
            "input": "75 75 89 64",
            "output": "64 89 75 75"
        },
        {
            "input": "57 89 61 51 69 71 34 86 75",
            "output": "75 86 34 71 69 51 61 89 57"
        },
        {
            "input": "83 84 71 52",
            "output": "52 71 84 83"
        },
        {
            "input": "16 59 56 42 68 99 40 48",
            "output": "48 40 99 68 42 56 59 16"
        },
        {
            "input": "99 87 55 76 92 13 99 63 39 76 99 35 75 24 76",
            "output": "76 24 75 35 99 76 39 63 99 13 92 76 55 87 99"
        },
        {
            "input": "42 63 18 24 47 28 57 25 88",
            "output": "88 25 57 28 47 24 18 63 42"
        },
        {
            "input": "30 36 48 38 86 7 56 76 25 6 19",
            "output": "19 6 25 76 56 7 86 38 48 36 30"
        },
        {
            "input": "79 27 51 56 50 24 72 60 81 66 5",
            "output": "5 66 81 60 72 24 50 56 51 27 79"
        },
        {
            "input": "3 31 57 54 7 60 68 48 65 17 87 30 75",
            "output": "75 30 87 17 65 48 68 60 7 54 57 31 3"
        },
        {
            "input": "72 45 72 8 17 52 75",
            "output": "75 52 17 8 72 45 72"
        },
        {
            "input": "41 31 91 57",
            "output": "57 91 31 41"
        },
        {
            "input": "31 89 10 44 60 39 51 80 68 6 10 97 7 12 52",
            "output": "52 12 7 97 10 6 68 80 51 39 60 44 10 89 31"
        },
        {
            "input": "7 7 27 8 98 7 21 48 100 90 70 93",
            "output": "93 70 90 100 48 21 7 98 8 27 7 7"
        },
        {
            "input": "71 24 11 30 29 30 10 26 28 93",
            "output": "93 28 26 10 30 29 30 11 24 71"
        },
        {
            "input": "83 86 37 63 19 6 25 46 37 35 32 37 56 65 19",
            "output": "19 65 56 37 32 35 37 46 25 6 19 63 37 86 83"
        },
        {
            "input": "85 62 92 16 36 43 24 76 26 2 93",
            "output": "93 2 26 76 24 43 36 16 92 62 85"
        },
        {
            "input": "75 66 99 8 88 88",
            "output": "88 88 8 99 66 75"
        },
        {
            "input": "70 26 82 60 40 58 72 55 65 51",
            "output": "51 65 55 72 58 40 60 82 26 70"
        },
        {
            "input": "84 14 59 88 29 37 23",
            "output": "23 37 29 88 59 14 84"
        },
        {
            "input": "49 2 94 31 95 85 5 35 100 37 100 78",
            "output": "78 100 37 100 35 5 85 95 31 94 2 49"
        },
        {
            "input": "91 39 92",
            "output": "92 39 91"
        },
        {
            "input": "3 23 77 14 95 2 67 33 25 5",
            "output": "5 25 33 67 2 95 14 77 23 3"
        },
        {
            "input": "61 17 8 97",
            "output": "97 8 17 61"
        },
        {
            "input": "22 33 97 90 84 42 97 48 97 76 8 81 48 12 50",
            "output": "50 12 48 81 8 76 97 48 97 42 84 90 97 33 22"
        },
        {
            "input": "11 63 33 82",
            "output": "82 33 63 11"
        },
        {
            "input": "51 60 70 56 86 32 3 27 38 74 88 30 99 100 98",
            "output": "98 100 99 30 88 74 38 27 3 32 86 56 70 60 51"
        },
        {
            "input": "31 68 41 13 80 68 7 58 44 91 79 36",
            "output": "36 79 91 44 58 7 68 80 13 41 68 31"
        },
        {
            "input": "99 51 18 56 50 55 63 45 2",
            "output": "2 45 63 55 50 56 18 51 99"
        },
        {
            "input": "34 29 85 81 40 45 62 88 65 99 88",
            "output": "88 99 65 88 62 45 40 81 85 29 34"
        },
        {
            "input": "85 2 72 69 36 63 51 47 11 45 92 9",
            "output": "9 92 45 11 47 51 63 36 69 72 2 85"
        },
        {
            "input": "72 76 7 4 74 59 4 23 71 45 26 22",
            "output": "22 26 45 71 23 4 59 74 4 7 76 72"
        },
        {
            "input": "6 64 83",
            "output": "83 64 6"
        },
        {
            "input": "69 31 76 67 70 93 84 16",
            "output": "16 84 93 70 67 76 31 69"
        },
        {
            "input": "72 29 10",
            "output": "10 29 72"
        },
        {
            "input": "78 91 77 70 37 36",
            "output": "36 37 70 77 91 78"
        },
        {
            "input": "15 27 91 89 82 60 64 21 91 37 37 55",
            "output": "55 37 37 91 21 64 60 82 89 91 27 15"
        },
        {
            "input": "71 30 33 58 99 19 100 39 14 29 15 66 65 93 85",
            "output": "85 93 65 66 15 29 14 39 100 19 99 58 33 30 71"
        },
        {
            "input": "18 52 81 34",
            "output": "34 81 52 18"
        },
        {
            "input": "49 50 90 33 46 61 17 94 77 42 53 30",
            "output": "30 53 42 77 94 17 61 46 33 90 50 49"
        },
        {
            "input": "38 41 37 12 57 83 50 20 68 86 42 80 27 92 20",
            "output": "20 92 27 80 42 86 68 20 50 83 57 12 37 41 38"
        },
        {
            "input": "86 49 19 95 59 95",
            "output": "95 59 95 19 49 86"
        },
        {
            "input": "99 91 39 69",
            "output": "69 39 91 99"
        },
        {
            "input": "86 73 33 44 98 91 39 43",
            "output": "43 39 91 98 44 33 73 86"
        },
        {
            "input": "46 58 89 43 93 54 97 96 88 36 12 45 95",
            "output": "95 45 12 36 88 96 97 54 93 43 89 58 46"
        },
        {
            "input": "17 25 64 32 83 26 83 86 97 74 42 92 11 54 75",
            "output": "75 54 11 92 42 74 97 86 83 26 83 32 64 25 17"
        },
        {
            "input": "15 4 61 86 8 43 97",
            "output": "97 43 8 86 61 4 15"
        },
        {
            "input": "1 34 78 10 88 45 69",
            "output": "69 45 88 10 78 34 1"
        },
        {
            "input": "78 21 34 23",
            "output": "23 34 21 78"
        },
        {
            "input": "48 27 50 64 97 18 18 73 30 43",
            "output": "43 30 73 18 18 97 64 50 27 48"
        },
        {
            "input": "18 64 20 27 67 55 80 9 84 79",
            "output": "79 84 9 80 55 67 27 20 64 18"
        },
        {
            "input": "23 64 26 37 20 11 1 45 19 52 89",
            "output": "89 52 19 45 1 11 20 37 26 64 23"
        },
        {
            "input": "55 21 4 79 55 17 97",
            "output": "97 17 55 79 4 21 55"
        },
        {
            "input": "77 3 30 30 49 82 2 63 34",
            "output": "34 63 2 82 49 30 30 3 77"
        },
        {
            "input": "43 31 77 26 65 14 85 48 61 20 59 7 8 72",
            "output": "72 8 7 59 20 61 48 85 14 65 26 77 31 43"
        },
        {
            "input": "89 12 41 84 33",
            "output": "33 84 41 12 89"
        },
        {
            "input": "83 20 71 56",
            "output": "56 71 20 83"
        },
        {
            "input": "16 17 64 70 32 3 25 6 10",
            "output": "10 6 25 3 32 70 64 17 16"
        },
        {
            "input": "55 31 15 79",
            "output": "79 15 31 55"
        },
        {
            "input": "86 43 66 36 70 89 49",
            "output": "49 89 70 36 66 43 86"
        },
        {
            "input": "34 30 77 49 17 43 44",
            "output": "44 43 17 49 77 30 34"
        },
        {
            "input": "20 8 26 1 77 61 21 79 46 67 93 49 12 70",
            "output": "70 12 49 93 67 46 79 21 61 77 1 26 8 20"
        },
        {
            "input": "23 78 85 94 61 43",
            "output": "43 61 94 85 78 23"
        },
        {
            "input": "18 2 58 25 35 49 30 90 29 84 76 36",
            "output": "36 76 84 29 90 30 49 35 25 58 2 18"
        },
        {
            "input": "30 39 31 32 16 64 42 34 97 60 57 88 24",
            "output": "24 88 57 60 97 34 42 64 16 32 31 39 30"
        },
        {
            "input": "88 53 93 63 65 64 59 34 8 59 18 24",
            "output": "24 18 59 8 34 59 64 65 63 93 53 88"
        },
        {
            "input": "77 53 31 16 90",
            "output": "90 16 31 53 77"
        },
        {
            "input": "88 46 27 21 5 29 37 78 74 57 27 53 91 97 67",
            "output": "67 97 91 53 27 57 74 78 37 29 5 21 27 46 88"
        },
        {
            "input": "76 88 1 30 94 65 66 43 91 53",
            "output": "53 91 43 66 65 94 30 1 88 76"
        },
        {
            "input": "2 48 53 89 79 48 94 17 67 16 81 10 21",
            "output": "21 10 81 16 67 17 94 48 79 89 53 48 2"
        },
        {
            "input": "8 24 78 87 49 45 99 67 4 45 48 4 11 29 38",
            "output": "38 29 11 4 48 45 4 67 99 45 49 87 78 24 8"
        },
        {
            "input": "92 21 27 62 8 26 73 97 56 80 65 23 75",
            "output": "75 23 65 80 56 97 73 26 8 62 27 21 92"
        },
        {
            "input": "29 45 81 7 26 28",
            "output": "28 26 7 81 45 29"
        },
        {
            "input": "52 23 54 89 50 80 89 54 56 22",
            "output": "22 56 54 89 80 50 89 54 23 52"
        },
        {
            "input": "54 85 98 70 44 21 30 52 100 34 32 16",
            "output": "16 32 34 100 52 30 21 44 70 98 85 54"
        },
        {
            "input": "26 54 5",
            "output": "5 54 26"
        },
        {
            "input": "3 31 64 78 86",
            "output": "86 78 64 31 3"
        },
        {
            "input": "93 56 18 74",
            "output": "74 18 56 93"
        },
        {
            "input": "5 83 76 6 16 58 47 3 50 41 82 85 25",
            "output": "25 85 82 41 50 3 47 58 16 6 76 83 5"
        },
        {
            "input": "73 77 60",
            "output": "60 77 73"
        },
        {
            "input": "61 76 65 92 17 27 27 25",
            "output": "25 27 27 17 92 65 76 61"
        },
        {
            "input": "58 27 87 89 79 9",
            "output": "9 79 89 87 27 58"
        },
        {
            "input": "13 85 35 62 36 67 13 18 65 15 96 93 99",
            "output": "99 93 96 15 65 18 13 67 36 62 35 85 13"
        },
        {
            "input": "18 85 89 64 82 96 20 9 88 58 33 73 70",
            "output": "70 73 33 58 88 9 20 96 82 64 89 85 18"
        },
        {
            "input": "87 61 26 12 70",
            "output": "70 12 26 61 87"
        },
        {
            "input": "82 36 97 30 79 61 16 20 50 14 27 90 75 24",
            "output": "24 75 90 27 14 50 20 16 61 79 30 97 36 82"
        },
        {
            "input": "99 99 96 31 59 9 45 27 95",
            "output": "95 27 45 9 59 31 96 99 99"
        },
        {
            "input": "7 34 77 26 40 53 33 43 7",
            "output": "7 43 33 53 40 26 77 34 7"
        },
        {
            "input": "18 93 19 70 51 48 54 69 22 94 63 55 80 40 58",
            "output": "58 40 80 55 63 94 22 69 54 48 51 70 19 93 18"
        },
        {
            "input": "67 48 29 48 83",
            "output": "83 48 29 48 67"
        },
        {
            "input": "6 10 65 56 14 71 44 56 87 68 52 59 3 5 74",
            "output": "74 5 3 59 52 68 87 56 44 71 14 56 65 10 6"
        },
        {
            "input": "92 36 37 64 78 89 65 83 82 90 15 98 95",
            "output": "95 98 15 90 82 83 65 89 78 64 37 36 92"
        },
        {
            "input": "75 43 55 83 22 70 30 29 51 57 91 8 50",
            "output": "50 8 91 57 51 29 30 70 22 83 55 43 75"
        },
        {
            "input": "30 39 39 99 15 62 77 39 65 58 91 30 14",
            "output": "14 30 91 58 65 39 77 62 15 99 39 39 30"
        },
        {
            "input": "81 90 26 55 34 14 99 98 98 3",
            "output": "3 98 98 99 14 34 55 26 90 81"
        },
        {
            "input": "74 64 68 13 9 68 82 95",
            "output": "95 82 68 9 13 68 64 74"
        },
        {
            "input": "98 6 11 84 44 32 99 66 93 98 31 26 13",
            "output": "13 26 31 98 93 66 99 32 44 84 11 6 98"
        },
        {
            "input": "57 67 75 23 79 87 85 77 17 1",
            "output": "1 17 77 85 87 79 23 75 67 57"
        },
        {
            "input": "12 10 76 93 63 27 63 46 73",
            "output": "73 46 63 27 63 93 76 10 12"
        },
        {
            "input": "95 99 56 83 96 15",
            "output": "15 96 83 56 99 95"
        },
        {
            "input": "75 84 30 56 42 74 31 36",
            "output": "36 31 74 42 56 30 84 75"
        },
        {
            "input": "66 68 19 13 26 80 93 7 45 72 10 40",
            "output": "40 10 72 45 7 93 80 26 13 19 68 66"
        },
        {
            "input": "76 20 2 100 33 47 22 98 76 22 77 81 74 100",
            "output": "100 74 81 77 22 76 98 22 47 33 100 2 20 76"
        },
        {
            "input": "82 12 94 19 43 40 61 48 97 43 12 32 35",
            "output": "35 32 12 43 97 48 61 40 43 19 94 12 82"
        },
        {
            "input": "52 91 62 71 90",
            "output": "90 71 62 91 52"
        },
        {
            "input": "21 12 98 75 23 66",
            "output": "66 23 75 98 12 21"
        },
        {
            "input": "42 58 84 78 85",
            "output": "85 78 84 58 42"
        },
        {
            "input": "39 53 13",
            "output": "13 53 39"
        },
        {
            "input": "21 43 26 5 3 41 76 94 22 23 17 92 64",
            "output": "64 92 17 23 22 94 76 41 3 5 26 43 21"
        },
        {
            "input": "17 75 18 22 6 37 81 8 65 42 36 89 47 47 16",
            "output": "16 47 47 89 36 42 65 8 81 37 6 22 18 75 17"
        },
        {
            "input": "49 34 97 54 97 51 75 15 58",
            "output": "58 15 75 51 97 54 97 34 49"
        },
        {
            "input": "36 46 48",
            "output": "48 46 36"
        },
        {
            "input": "2 4 71 36 84 39",
            "output": "39 84 36 71 4 2"
        },
        {
            "input": "89 86 16",
            "output": "16 86 89"
        },
        {
            "input": "19 51 13 50 69 36 9 50 3 84 61 19",
            "output": "19 61 84 3 50 9 36 69 50 13 51 19"
        },
        {
            "input": "5 18 42 47 53 76 17 92 44 32 71 60",
            "output": "60 71 32 44 92 17 76 53 47 42 18 5"
        },
        {
            "input": "11 36 63 26 85",
            "output": "85 26 63 36 11"
        },
        {
            "input": "30 40 56 57 42 1 26 42 59",
            "output": "59 42 26 1 42 57 56 40 30"
        },
        {
            "input": "89 30 58 92 61 44 37 40 91",
            "output": "91 40 37 44 61 92 58 30 89"
        },
        {
            "input": "15 83 1 60 26 54 24 95",
            "output": "95 24 54 26 60 1 83 15"
        },
        {
            "input": "60 78 92 36 71 95 45 2 86 92 96",
            "output": "96 92 86 2 45 95 71 36 92 78 60"
        },
        {
            "input": "26 28 42 47 79 100 30 17 60 86 63 7 26 34",
            "output": "34 26 7 63 86 60 17 30 100 79 47 42 28 26"
        },
        {
            "input": "9 30 99 20 24",
            "output": "24 20 99 30 9"
        },
        {
            "input": "42 23 70 47",
            "output": "47 70 23 42"
        },
        {
            "input": "96 28 63 86 41 24 94 4 87 48 83 76",
            "output": "76 83 48 87 4 94 24 41 86 63 28 96"
        },
        {
            "input": "20 31 91 76 20 57 55 45 51 96 57 63 53 62",
            "output": "62 53 63 57 96 51 45 55 57 20 76 91 31 20"
        },
        {
            "input": "34 85 48 92 10 41 86 20 28 45 22 57 5",
            "output": "5 57 22 45 28 20 86 41 10 92 48 85 34"
        },
        {
            "input": "53 6 5 4 65 26 63 89 45 9",
            "output": "9 45 89 63 26 65 4 5 6 53"
        },
        {
            "input": "57 81 3",
            "output": "3 81 57"
        },
        {
            "input": "19 87 1 25 41",
            "output": "41 25 1 87 19"
        },
        {
            "input": "69 83 30 15 15 61",
            "output": "61 15 15 30 83 69"
        },
        {
            "input": "78 56 22",
            "output": "22 56 78"
        },
        {
            "input": "90 98 10 21",
            "output": "21 10 98 90"
        },
        {
            "input": "88 87 31 17 78 73",
            "output": "73 78 17 31 87 88"
        },
        {
            "input": "95 54 96 90",
            "output": "90 96 54 95"
        },
        {
            "input": "10 55 18 56 49 34 26 7 77 71",
            "output": "71 77 7 26 34 49 56 18 55 10"
        },
        {
            "input": "8 16 63",
            "output": "63 16 8"
        },
        {
            "input": "5 47 31 60 25 72 35 90 3 84 14 36 95 55",
            "output": "55 95 36 14 84 3 90 35 72 25 60 31 47 5"
        },
        {
            "input": "36 70 96 57",
            "output": "57 96 70 36"
        },
        {
            "input": "15 26 62 71 100 72 5 10 69 33",
            "output": "33 69 10 5 72 100 71 62 26 15"
        },
        {
            "input": "22 5 85 75 74 60 14",
            "output": "14 60 74 75 85 5 22"
        },
        {
            "input": "77 64 89 55 46 61 76 66 75 51 1 74 51",
            "output": "51 74 1 51 75 66 76 61 46 55 89 64 77"
        },
        {
            "input": "64 79 89 64 46 72 96",
            "output": "96 72 46 64 89 79 64"
        },
        {
            "input": "73 91 95 43 79 57 40 23 37 48 48 60 86 29",
            "output": "29 86 60 48 48 37 23 40 57 79 43 95 91 73"
        },
        {
            "input": "60 88 27 69",
            "output": "69 27 88 60"
        },
        {
            "input": "36 86 68 47 90",
            "output": "90 47 68 86 36"
        },
        {
            "input": "61 25 28 48 23 82 95 37 77 91 51",
            "output": "51 91 77 37 95 82 23 48 28 25 61"
        },
        {
            "input": "93 25 75 48 100 58 78 89 99 87 22 63 47 80",
            "output": "80 47 63 22 87 99 89 78 58 100 48 75 25 93"
        },
        {
            "input": "74 94 5",
            "output": "5 94 74"
        },
        {
            "input": "41 46 22 91 78",
            "output": "78 91 22 46 41"
        },
        {
            "input": "65 66 54 100 84 73 67 82 80 73 76 4 34 22 3",
            "output": "3 22 34 4 76 73 80 82 67 73 84 100 54 66 65"
        },
        {
            "input": "39 29 18 64 97 13 46 75 1 21",
            "output": "21 1 75 46 13 97 64 18 29 39"
        },
        {
            "input": "69 99 31 82 26 75 95 81 62 94 44 47 74 32",
            "output": "32 74 47 44 94 62 81 95 75 26 82 31 99 69"
        },
        {
            "input": "35 14 46 84 99 81 74 48 92 74 19 22 82 63 17",
            "output": "17 63 82 22 19 74 92 48 74 81 99 84 46 14 35"
        },
        {
            "input": "60 85 33 65 59 66 67 99 75 37 19 17",
            "output": "17 19 37 75 99 67 66 59 65 33 85 60"
        },
        {
            "input": "44 24 83",
            "output": "83 24 44"
        },
        {
            "input": "60 98 10 4 60 30 62 28 22",
            "output": "22 28 62 30 60 4 10 98 60"
        },
        {
            "input": "8 34 60 98 100 44 96 30 32 85 76 97",
            "output": "97 76 85 32 30 96 44 100 98 60 34 8"
        },
        {
            "input": "40 91 67 83 82 20",
            "output": "20 82 83 67 91 40"
        },
        {
            "input": "37 39 44 20 92 3 58 88 96 61 10",
            "output": "10 61 96 88 58 3 92 20 44 39 37"
        },
        {
            "input": "15 54 14 99 12 12 68 92 86 64 24 74 84 87 50",
            "output": "50 87 84 74 24 64 86 92 68 12 12 99 14 54 15"
        },
        {
            "input": "7 47 7 37 27 87 27 86 66 16",
            "output": "16 66 86 27 87 27 37 7 47 7"
        },
        {
            "input": "96 74 63 98 32 11 63 75",
            "output": "75 63 11 32 98 63 74 96"
        },
        {
            "input": "76 36 26",
            "output": "26 36 76"
        },
        {
            "input": "65 73 78 20",
            "output": "20 78 73 65"
        },
        {
            "input": "91 100 85 83 58",
            "output": "58 83 85 100 91"
        },
        {
            "input": "36 25 98 100 26 8 48 52 23 47 66 94 83 61 38",
            "output": "38 61 83 94 66 47 23 52 48 8 26 100 98 25 36"
        },
        {
            "input": "35 22 66 32 63 20 88 16 31 75 71 99",
            "output": "99 71 75 31 16 88 20 63 32 66 22 35"
        },
        {
            "input": "96 98 23 47 89 32 94 84 94 23",
            "output": "23 94 84 94 32 89 47 23 98 96"
        },
        {
            "input": "50 40 38 76 48 36 85 74 81 90 74 41 100 68 86",
            "output": "86 68 100 41 74 90 81 74 85 36 48 76 38 40 50"
        },
        {
            "input": "65 65 79 74 88 92 42 39 12 36",
            "output": "36 12 39 42 92 88 74 79 65 65"
        },
        {
            "input": "52 73 35 20",
            "output": "20 35 73 52"
        },
        {
            "input": "100 47 46 20 16 89 91 85 4 39 74 29 97",
            "output": "97 29 74 39 4 85 91 89 16 20 46 47 100"
        },
        {
            "input": "59 5 81 93 23 83 93 100 75 83 62 88 84",
            "output": "84 88 62 83 75 100 93 83 23 93 81 5 59"
        },
        {
            "input": "81 50 57 83 30 55 92 16 18 56 87 36 63 76 80",
            "output": "80 76 63 36 87 56 18 16 92 55 30 83 57 50 81"
        },
        {
            "input": "26 65 24 51",
            "output": "51 24 65 26"
        },
        {
            "input": "43 22 39",
            "output": "39 22 43"
        },
        {
            "input": "82 57 55 37 30 53 29 21 6 86 25 8 81 90 71",
            "output": "71 90 81 8 25 86 6 21 29 53 30 37 55 57 82"
        },
        {
            "input": "29 24 18 66 73 17",
            "output": "17 73 66 18 24 29"
        },
        {
            "input": "86 7 77 46 24 73 60 89 75 36",
            "output": "36 75 89 60 73 24 46 77 7 86"
        },
        {
            "input": "15 97 95 67 57 39 6 76 92 30 60 60 69",
            "output": "69 60 60 30 92 76 6 39 57 67 95 97 15"
        },
        {
            "input": "38 43 74 62 66 84 14 44 8 48 9",
            "output": "9 48 8 44 14 84 66 62 74 43 38"
        },
        {
            "input": "74 93 46 31 53 92 47",
            "output": "47 92 53 31 46 93 74"
        },
        {
            "input": "88 65 26 26 11 50 81 97",
            "output": "97 81 50 11 26 26 65 88"
        },
        {
            "input": "32 46 70 35 80 11 97 35 54 17 59",
            "output": "59 17 54 35 97 11 80 35 70 46 32"
        },
        {
            "input": "8 18 31 62 38 57 45 8",
            "output": "8 45 57 38 62 31 18 8"
        },
        {
            "input": "46 39 63 8 53 24 65 68 98 90 36 18 35 85 52",
            "output": "52 85 35 18 36 90 98 68 65 24 53 8 63 39 46"
        },
        {
            "input": "46 9 81 39 94 21 47 60 65 15 6 100",
            "output": "100 6 15 65 60 47 21 94 39 81 9 46"
        },
        {
            "input": "68 56 24 81 82 22",
            "output": "22 82 81 24 56 68"
        },
        {
            "input": "67 90 63 18 49 31 53 38 5 44",
            "output": "44 5 38 53 31 49 18 63 90 67"
        },
        {
            "input": "20 33 70 65 98 1 40 68",
            "output": "68 40 1 98 65 70 33 20"
        },
        {
            "input": "67 35 33 5 24 98 98 32 3 100 85 45",
            "output": "45 85 100 3 32 98 98 24 5 33 35 67"
        },
        {
            "input": "85 86 29 72 74 48 91 90 62 47 32",
            "output": "32 47 62 90 91 48 74 72 29 86 85"
        },
        {
            "input": "87 99 75 27 54 8 54",
            "output": "54 8 54 27 75 99 87"
        },
        {
            "input": "55 62 97 36 54 44 7 47 13 38 51 88 12 39 37",
            "output": "37 39 12 88 51 38 13 47 7 44 54 36 97 62 55"
        },
        {
            "input": "34 83 94 8 89 65 43",
            "output": "43 65 89 8 94 83 34"
        },
        {
            "input": "74 6 39",
            "output": "39 6 74"
        },
        {
            "input": "52 35 91 74 25 14 89 49 45 37 72 95 33",
            "output": "33 95 72 37 45 49 89 14 25 74 91 35 52"
        },
        {
            "input": "21 54 2 72 66 36 66 26 83",
            "output": "83 26 66 36 66 72 2 54 21"
        },
        {
            "input": "5 54 96 66 77 35 83 99 78 29",
            "output": "29 78 99 83 35 77 66 96 54 5"
        },
        {
            "input": "34 81 87 27 32 93 60 21 44 63 12 29 88",
            "output": "88 29 12 63 44 21 60 93 32 27 87 81 34"
        },
        {
            "input": "17 98 38 19 49 18 100 54 23 92",
            "output": "92 23 54 100 18 49 19 38 98 17"
        },
        {
            "input": "80 79 23 64 95",
            "output": "95 64 23 79 80"
        },
        {
            "input": "26 5 40 35 31 93 1 95 1 59",
            "output": "59 1 95 1 93 31 35 40 5 26"
        },
        {
            "input": "13 73 8 16 47 65 61 35 69",
            "output": "69 35 61 65 47 16 8 73 13"
        },
        {
            "input": "13 42 27",
            "output": "27 42 13"
        },
        {
            "input": "3 80 98 10 25 45 58 83 10 25 44",
            "output": "44 25 10 83 58 45 25 10 98 80 3"
        },
        {
            "input": "57 82 5 32 49 98 15 99",
            "output": "99 15 98 49 32 5 82 57"
        },
        {
            "input": "11 57 94 24 87 94 69 53 28 6 23",
            "output": "23 6 28 53 69 94 87 24 94 57 11"
        },
        {
            "input": "18 67 76 11 3 19 20",
            "output": "20 19 3 11 76 67 18"
        },
        {
            "input": "39 100 56 11 99 91 78 33 43",
            "output": "43 33 78 91 99 11 56 100 39"
        },
        {
            "input": "32 11 37 41 63 50",
            "output": "50 63 41 37 11 32"
        },
        {
            "input": "84 21 24",
            "output": "24 21 84"
        },
        {
            "input": "45 98 93 10 82 43",
            "output": "43 82 10 93 98 45"
        },
        {
            "input": "49 14 57 66 96 86",
            "output": "86 96 66 57 14 49"
        },
        {
            "input": "69 29 44 77 24 19 3 30 80 95 29 64 64",
            "output": "64 64 29 95 80 30 3 19 24 77 44 29 69"
        },
        {
            "input": "23 63 96 33 98 92 25 16 47 23 56 12 87 25 29",
            "output": "29 25 87 12 56 23 47 16 25 92 98 33 96 63 23"
        },
        {
            "input": "77 98 22 8 70 31 80 31 94 65 37 50 81 17",
            "output": "17 81 50 37 65 94 31 80 31 70 8 22 98 77"
        },
        {
            "input": "15 43 29 33 65 17 68 27 76 96 77",
            "output": "77 96 76 27 68 17 65 33 29 43 15"
        },
        {
            "input": "52 33 36 55 39 31 1 32 55",
            "output": "55 32 1 31 39 55 36 33 52"
        },
        {
            "input": "38 39 68 20 36 77 47 68",
            "output": "68 47 77 36 20 68 39 38"
        },
        {
            "input": "68 10 95 61 99 83 5 27",
            "output": "27 5 83 99 61 95 10 68"
        },
        {
            "input": "1 54 35",
            "output": "35 54 1"
        },
        {
            "input": "87 31 99 53 99 70 35 28 81 88 39 44 53",
            "output": "53 44 39 88 81 28 35 70 99 53 99 31 87"
        },
        {
            "input": "98 46 20 92 38 18 99 55 96 12 8 40 32 69",
            "output": "69 32 40 8 12 96 55 99 18 38 92 20 46 98"
        },
        {
            "input": "3 74 49 88 65 16 54 63 80 79 34",
            "output": "34 79 80 63 54 16 65 88 49 74 3"
        },
        {
            "input": "72 53 80 93 47 6",
            "output": "6 47 93 80 53 72"
        },
        {
            "input": "91 62 1 13 54 15 45 40 63 32 99 68 40 70",
            "output": "70 40 68 99 32 63 40 45 15 54 13 1 62 91"
        },
        {
            "input": "28 64 98 30 51 3 85 6 15 56 76 67 34 35",
            "output": "35 34 67 76 56 15 6 85 3 51 30 98 64 28"
        },
        {
            "input": "83 91 42 86 45 50",
            "output": "50 45 86 42 91 83"
        },
        {
            "input": "22 87 32 69 14 57 88",
            "output": "88 57 14 69 32 87 22"
        },
        {
            "input": "15 70 41 12 86 29 7 60 41 9 95 22 19 48 66",
            "output": "66 48 19 22 95 9 41 60 7 29 86 12 41 70 15"
        },
        {
            "input": "17 60 84 94 38 17 44 63 11 44 97 12 38 33",
            "output": "33 38 12 97 44 11 63 44 17 38 94 84 60 17"
        },
        {
            "input": "69 33 25 94 84 49 47 62 49 98",
            "output": "98 49 62 47 49 84 94 25 33 69"
        },
        {
            "input": "12 85 28 66 77 100 9",
            "output": "9 100 77 66 28 85 12"
        },
        {
            "input": "83 67 15 71 76 48 41 60 95 6 44",
            "output": "44 6 95 60 41 48 76 71 15 67 83"
        },
        {
            "input": "45 55 80 53 85 95 37 30 38 9 93 15",
            "output": "15 93 9 38 30 37 95 85 53 80 55 45"
        },
        {
            "input": "14 23 22 100 97 5 8 76 33",
            "output": "33 76 8 5 97 100 22 23 14"
        },
        {
            "input": "13 28 18 86 73 11 82 76 33 12 4",
            "output": "4 12 33 76 82 11 73 86 18 28 13"
        },
        {
            "input": "89 92 94 29 19 10 96 83 11 6 8 41",
            "output": "41 8 6 11 83 96 10 19 29 94 92 89"
        },
        {
            "input": "38 40 49 8 63 5 61 89 44 96 82 87 72 34",
            "output": "34 72 87 82 96 44 89 61 5 63 8 49 40 38"
        },
        {
            "input": "35 57 65 83 68 65 89 97 8 14",
            "output": "14 8 97 89 65 68 83 65 57 35"
        },
        {
            "input": "61 73 32 29 26 66 26 63 58 90 7",
            "output": "7 90 58 63 26 66 26 29 32 73 61"
        },
        {
            "input": "21 66 74 82 68 48 43 93 79 39 87 29 24 58 6",
            "output": "6 58 24 29 87 39 79 93 43 48 68 82 74 66 21"
        },
        {
            "input": "85 1 81 76 45 64 23",
            "output": "23 64 45 76 81 1 85"
        },
        {
            "input": "7 86 90 52 48 35 64 53 60",
            "output": "60 53 64 35 48 52 90 86 7"
        },
        {
            "input": "98 92 43 82 77 98 93 27",
            "output": "27 93 98 77 82 43 92 98"
        },
        {
            "input": "78 84 29 21 30 62 39 19 52",
            "output": "52 19 39 62 30 21 29 84 78"
        },
        {
            "input": "53 96 94 95 6 84 46 12 51 24 22 55 64",
            "output": "64 55 22 24 51 12 46 84 6 95 94 96 53"
        },
        {
            "input": "87 98 16 5 98",
            "output": "98 5 16 98 87"
        },
        {
            "input": "78 13 89 31 1 26 44 49 42 65 70 5 87 66",
            "output": "66 87 5 70 65 42 49 44 26 1 31 89 13 78"
        },
        {
            "input": "39 69 36 10 14 47 88 64 99 38",
            "output": "38 99 64 88 47 14 10 36 69 39"
        },
        {
            "input": "75 26 94 68",
            "output": "68 94 26 75"
        },
        {
            "input": "61 88 24 12 75 19 63 96 43 5 40 26 24 71 84",
            "output": "84 71 24 26 40 5 43 96 63 19 75 12 24 88 61"
        },
        {
            "input": "72 60 82 18 3 18 62 22",
            "output": "22 62 18 3 18 82 60 72"
        },
        {
            "input": "87 13 12 8 56 71 13",
            "output": "13 71 56 8 12 13 87"
        },
        {
            "input": "55 76 15 33 47 13 6 96 59 88",
            "output": "88 59 96 6 13 47 33 15 76 55"
        },
        {
            "input": "77 85 55 85 44 98 72 86 44 63 57 31 8",
            "output": "8 31 57 63 44 86 72 98 44 85 55 85 77"
        },
        {
            "input": "59 95 31 96 35 43 12 75 34 78 69 32 74 24",
            "output": "24 74 32 69 78 34 75 12 43 35 96 31 95 59"
        },
        {
            "input": "42 68 10 74 30 37 65 17 5 6 91 38 89 95",
            "output": "95 89 38 91 6 5 17 65 37 30 74 10 68 42"
        },
        {
            "input": "82 69 47 27 41",
            "output": "41 27 47 69 82"
        },
        {
            "input": "31 70 75",
            "output": "75 70 31"
        },
        {
            "input": "65 21 81 38 6 52 9 71 71 63 97 83",
            "output": "83 97 63 71 71 9 52 6 38 81 21 65"
        },
        {
            "input": "27 85 56 50 45",
            "output": "45 50 56 85 27"
        },
        {
            "input": "85 38 5 96 86 13 83 33 50 36 7 10 61 94 9",
            "output": "9 94 61 10 7 36 50 33 83 13 86 96 5 38 85"
        },
        {
            "input": "15 17 37",
            "output": "37 17 15"
        },
        {
            "input": "31 15 82 63 60 17 23 84 100 64 32 77 53 34 45",
            "output": "45 34 53 77 32 64 100 84 23 17 60 63 82 15 31"
        },
        {
            "input": "9 42 15 87 11 67 6 47 43 1 37 56 62 46",
            "output": "46 62 56 37 1 43 47 6 67 11 87 15 42 9"
        },
        {
            "input": "2 43 31 33 16 22",
            "output": "22 16 33 31 43 2"
        },
        {
            "input": "65 76 54",
            "output": "54 76 65"
        },
        {
            "input": "10 74 47 74 49 28 100 62 14 34 13 89",
            "output": "89 13 34 14 62 100 28 49 74 47 74 10"
        },
        {
            "input": "47 10 8 46 27 62 48 81 67",
            "output": "67 81 48 62 27 46 8 10 47"
        },
        {
            "input": "38 15 5 14 47",
            "output": "47 14 5 15 38"
        },
        {
            "input": "7 52 93 92 89 29 20 34 71 71",
            "output": "71 71 34 20 29 89 92 93 52 7"
        },
        {
            "input": "99 2 79 30 1 92 6 36 52 81 49 91 47 7 40",
            "output": "40 7 47 91 49 81 52 36 6 92 1 30 79 2 99"
        }
    ]
}