{
    "id": "reverse_string",
    "title": "Reverse a String",
    "description": "Reversing a string involves arranging its characters in the opposite order. For example, 'hello' becomes 'olleh'. In this problem, you are given a string `S`. Your task is to generate and output the reversed version of this string.",
    "input_format": "A single string S.",
    "output_format": "Output a single string representing the reversed version of the input string `S`.",
    "constraints": {
        "S": "1 <= length(S) <= 1000"
    },
    "judge_mode": "FIRST_FAIL",
    "time_limit": 1,
    "sample_test_cases": [
        {
            "input": "hello",
            "output": "olleh"
        },
        {
            "input": "world",
            "output": "dlrow"
        }
    ],
    "hidden_test_cases": [
        {
            "input": "dcggdgddfdaf",
            "output": "fadfddgdggcd"
        },
        {
            "input": "ggbdcfdccfbbdb",
            "output": "bdbbfccdfcdbgg"
        },
        {
            "input": "cbbcded",
            "output": "dedcbbc"
        },
        {
            "input": "fgc",
            "output": "cgf"
        },
        {
            "input": "gffaffccadgcab",
            "output": "bacgdaccffaffg"
        },
        {
            "input": "agbgceabed",
            "output": "debaecgbga"
        },
        {
            "input": "caa",
            "output": "aac"
        },
        {
            "input": "deaffg",
            "output": "gffaed"
        },
        {
            "input": "ecgfafe",
            "output": "efafgce"
        },
        {
            "input": "gbccdceebgaae",
            "output": "eaagbeecdccbg"
        },
        {
            "input": "dgeccd",
            "output": "dccegd"
        },
        {
            "input": "gcbcgabbcgg",
            "output": "ggcbbagcbcg"
        },
        {
            "input": "fgddgadgbbbg",
            "output": "gbbbgdagddgf"
        },
        {
            "input": "gdega",
            "output": "agedg"
        },
        {
            "input": "abee",
            "output": "eeba"
        },
        {
            "input": "eaeagcedbgef",
            "output": "fegbdecgaeae"
        },
        {
            "input": "fcceebcfgeafeab",
            "output": "baefaegfcbeeccf"
        },
        {
            "input": "ffbecgfeegead",
            "output": "daegeefgcebff"
        },
        {
            "input": "fgeddefbfa",
            "output": "afbfeddegf"
        },
        {
            "input": "cefbecdedcfb",
            "output": "bfcdedcebfec"
        },
        {
            "input": "bddccbddb",
            "output": "bddbccddb"
        },
        {
            "input": "ecgdgccb",
            "output": "bccgdgce"
        },
        {
            "input": "cecegabeaf",
            "output": "faebagecec"
        },
        {
            "input": "beafcaaabga",
            "output": "agbaaacfaeb"
        },
        {
            "input": "fbdacccacbg",
            "output": "gbcacccadbf"
        },
        {
            "input": "efebcgedfadagba",
            "output": "abgadafdegcbefe"
        },
        {
            "input": "fafegedgfbeb",
            "output": "bebfgdegefaf"
        },
        {
            "input": "ccga",
            "output": "agcc"
        },
        {
            "input": "edcccce",
            "output": "eccccde"
        },
        {
            "input": "eaacbe",
            "output": "ebcaae"
        },
        {
            "input": "bcd",
            "output": "dcb"
        },
        {
            "input": "edeaaaefbeb",
            "output": "bebfeaaaede"
        },
        {
            "input": "gfebdfe",
            "output": "efdbefg"
        },
        {
            "input": "bcdda",
            "output": "addcb"
        },
        {
            "input": "ggceead",
            "output": "daeecgg"
        },
        {
            "input": "fdcebffgdg",
            "output": "gdgffbecdf"
        },
        {
            "input": "fbgfeabcefbge",
            "output": "egbfecbaefgbf"
        },
        {
            "input": "fdagea",
            "output": "aegadf"
        },
        {
            "input": "cbdeegfgfed",
            "output": "defgfgeedbc"
        },
        {
            "input": "ggcbd",
            "output": "dbcgg"
        },
        {
            "input": "gbf",
            "output": "fbg"
        },
        {
            "input": "aecdfcgcdea",
            "output": "aedcgcfdcea"
        },
        {
            "input": "ggefdbegddbfbdg",
            "output": "gdbfbddgebdfegg"
        },
        {
            "input": "agga",
            "output": "agga"
        },
        {
            "input": "gcbgbdbdbce",
            "output": "ecbdbdbgbcg"
        },
        {
            "input": "efeecfaaag",
            "output": "gaaafceefe"
        },
        {
            "input": "bdae",
            "output": "eadb"
        },
        {
            "input": "gdgfbacccce",
            "output": "eccccabfgdg"
        },
        {
            "input": "eeffafcfgfebe",
            "output": "ebefgfcfaffee"
        },
        {
            "input": "cgacbbggabf",
            "output": "fbaggbbcagc"
        },
        {
            "input": "cadfa",
            "output": "afdac"
        },
        {
            "input": "fgfgbcg",
            "output": "gcbgfgf"
        },
        {
            "input": "ecfacge",
            "output": "egcafce"
        },
        {
            "input": "gbbggd",
            "output": "dggbbg"
        },
        {
            "input": "fegfbbbdcd",
            "output": "dcdbbbfgef"
        },
        {
            "input": "ggbea",
            "output": "aebgg"
        },
        {
            "input": "gfffdcbc",
            "output": "cbcdfffg"
        },
        {
            "input": "ddfedbcafebabe",
            "output": "ebabefacbdefdd"
        },
        {
            "input": "bca",
            "output": "acb"
        },
        {
            "input": "beffbegbggacfb",
            "output": "bfcaggbgebffeb"
        },
        {
            "input": "bfbeffaceg",
            "output": "gecaffebfb"
        },
        {
            "input": "eccefcecfdebcfa",
            "output": "afcbedfcecfecce"
        },
        {
            "input": "aceaeaaa",
            "output": "aaaeaeca"
        },
        {
            "input": "bffffagccegd",
            "output": "dgeccgaffffb"
        },
        {
            "input": "gfgdfedfggf",
            "output": "fggfdefdgfg"
        },
        {
            "input": "babgdebfabgac",
            "output": "cagbafbedgbab"
        },
        {
            "input": "efa",
            "output": "afe"
        },
        {
            "input": "bgafabcef",
            "output": "fecbafagb"
        },
        {
            "input": "afdcddcag",
            "output": "gacddcdfa"
        },
        {
            "input": "cbadg",
            "output": "gdabc"
        },
        {
            "input": "gfecdfac",
            "output": "cafdcefg"
        },
        {
            "input": "beabeagfebb",
            "output": "bbefgaebaeb"
        },
        {
            "input": "ccbaceacfbbagde",
            "output": "edgabbfcaecabcc"
        },
        {
            "input": "gedeebd",
            "output": "dbeedeg"
        },
        {
            "input": "agcbaggcefbc",
            "output": "cbfecggabcga"
        },
        {
            "input": "febcfbgffabfg",
            "output": "gfbaffgbfcbef"
        },
        {
            "input": "debgcafeggg",
            "output": "gggefacgbed"
        },
        {
            "input": "cebcbcgeeccb",
            "output": "bcceegcbcbec"
        },
        {
            "input": "afdbaaddfbebcbf",
            "output": "fbcbebfddaabdfa"
        },
        {
            "input": "bcagbgfegbb",
            "output": "bbgefgbgacb"
        },
        {
            "input": "cebf",
            "output": "fbec"
        },
        {
            "input": "fadecgd",
            "output": "dgcedaf"
        },
        {
            "input": "dgfdecbg",
            "output": "gbcedfgd"
        },
        {
            "input": "ecgdf",
            "output": "fdgce"
        },
        {
            "input": "aaagdge",
            "output": "egdgaaa"
        },
        {
            "input": "gff",
            "output": "ffg"
        },
        {
            "input": "fgaafagf",
            "output": "fgafaagf"
        },
        {
            "input": "ceeeadg",
            "output": "gdaeeec"
        },
        {
            "input": "cgcgeaggb",
            "output": "bggaegcgc"
        },
        {
            "input": "decbfgceeeedaaf",
            "output": "faadeeeecgfbced"
        },
        {
            "input": "ffgag",
            "output": "gagff"
        },
        {
            "input": "cace",
            "output": "ecac"
        },
        {
            "input": "fgcccacgcb",
            "output": "bcgcacccgf"
        },
        {
            "input": "cdd",
            "output": "ddc"
        },
        {
            "input": "gdfegdaedbgff",
            "output": "ffgbdeadgefdg"
        },
        {
            "input": "aacabe",
            "output": "ebacaa"
        },
        {
            "input": "dbbabgeeedcaa",
            "output": "aacdeeegbabbd"
        },
        {
            "input": "cedaggbb",
            "output": "bbggadec"
        },
        {
            "input": "baae",
            "output": "eaab"
        },
        {
            "input": "gac",
            "output": "cag"
        },
        {
            "input": "fbag",
            "output": "gabf"
        },
        {
            "input": "beaacbfbfgef",
            "output": "fegfbfbcaaeb"
        },
        {
            "input": "cffcfcbbgbgab",
            "output": "bagbgbbcfcffc"
        },
        {
            "input": "cgcdca",
            "output": "acdcgc"
        },
        {
            "input": "ecaaeccbcgdfebb",
            "output": "bbefdgcbcceaace"
        },
        {
            "input": "bcfe",
            "output": "efcb"
        },
        {
            "input": "bfef",
            "output": "fefb"
        },
        {
            "input": "ecfcgdaeegcda",
            "output": "adcgeeadgcfce"
        },
        {
            "input": "baecgfdcbfece",
            "output": "ecefbcdfgceab"
        },
        {
            "input": "dgfbcbceg",
            "output": "gecbcbfgd"
        },
        {
            "input": "aggcggd",
            "output": "dggcgga"
        },
        {
            "input": "fbcgfffdceaa",
            "output": "aaecdfffgcbf"
        },
        {
            "input": "abfcgce",
            "output": "ecgcfba"
        },
        {
            "input": "eefebc",
            "output": "cbefee"
        },
        {
            "input": "ffdbcagdfeg",
            "output": "gefdgacbdff"
        },
        {
            "input": "fgegbceacgbfffd",
            "output": "dfffbgcaecbgegf"
        },
        {
            "input": "bac",
            "output": "cab"
        },
        {
            "input": "cddf",
            "output": "fddc"
        },
        {
            "input": "dfbdffddaggfefd",
            "output": "dfefggaddffdbfd"
        },
        {
            "input": "gbfdgeddcdededg",
            "output": "gdededcddegdfbg"
        },
        {
            "input": "eegdbafbgbed",
            "output": "debgbfabdgee"
        },
        {
            "input": "cagagfged",
            "output": "degfgagac"
        },
        {
            "input": "efgggebeac",
            "output": "caebegggfe"
        },
        {
            "input": "adeaeedgf",
            "output": "fgdeeaeda"
        },
        {
            "input": "bggeb",
            "output": "beggb"
        },
        {
            "input": "aaafbgcfdbg",
            "output": "gbdfcgbfaaa"
        },
        {
            "input": "cbb",
            "output": "bbc"
        },
        {
            "input": "fdfgffaec",
            "output": "ceaffgfdf"
        },
        {
            "input": "fdffecfcdf",
            "output": "fdcfceffdf"
        },
        {
            "input": "eeebe",
            "output": "ebeee"
        },
        {
            "input": "bcag",
            "output": "gacb"
        },
        {
            "input": "fbaaage",
            "output": "egaaabf"
        },
        {
            "input": "gca",
            "output": "acg"
        },
        {
            "input": "afefadeedagfaee",
            "output": "eeafgadeedafefa"
        },
        {
            "input": "gafe",
            "output": "efag"
        },
        {
            "input": "edegcefaedac",
            "output": "cadeafecgede"
        },
        {
            "input": "acee",
            "output": "eeca"
        },
        {
            "input": "dcaagbfegcffce",
            "output": "ecffcgefbgaacd"
        },
        {
            "input": "aefddad",
            "output": "daddfea"
        },
        {
            "input": "gaeg",
            "output": "geag"
        },
        {
            "input": "cdgfagbabfegffd",
            "output": "dffgefbabgafgdc"
        },
        {
            "input": "abbfaeacccc",
            "output": "ccccaeafbba"
        },
        {
            "input": "cfe",
            "output": "efc"
        },
        {
            "input": "fbdcaefadeece",
            "output": "eceedafeacdbf"
        },
        {
            "input": "cfafbb",
            "output": "bbfafc"
        },
        {
            "input": "acc",
            "output": "cca"
        },
        {
            "input": "cagefcfdccaac",
            "output": "caaccdfcfegac"
        },
        {
            "input": "ddcgeagbbfb",
            "output": "bfbbgaegcdd"
        },
        {
            "input": "ebdcfcegeggecf",
            "output": "fceggegecfcdbe"
        },
        {
            "input": "cafbbbfec",
            "output": "cefbbbfac"
        },
        {
            "input": "addgbcgg",
            "output": "ggcbgdda"
        },
        {
            "input": "fgccbecefafaeg",
            "output": "geafafecebccgf"
        },
        {
            "input": "efbaf",
            "output": "fabfe"
        },
        {
            "input": "gaaed",
            "output": "deaag"
        },
        {
            "input": "fgfadcfeb",
            "output": "befcdafgf"
        },
        {
            "input": "addfcccbd",
            "output": "dbcccfdda"
        },
        {
            "input": "cbf",
            "output": "fbc"
        },
        {
            "input": "fcdaefgcg",
            "output": "gcgfeadcf"
        },
        {
            "input": "dbfdgdda",
            "output": "addgdfbd"
        },
        {
            "input": "agbgeedb",
            "output": "bdeegbga"
        },
        {
            "input": "cfbafefgdgfcgef",
            "output": "fegcfgdgfefabfc"
        },
        {
            "input": "cecdcacbaeb",
            "output": "beabcacdcec"
        },
        {
            "input": "ccdceebbbcb",
            "output": "bcbbbeecdcc"
        },
        {
            "input": "gcbfddcdggbae",
            "output": "eabggdcddfbcg"
        },
        {
            "input": "gfedccb",
            "output": "bccdefg"
        },
        {
            "input": "gddcacdbeede",
            "output": "edeebdcacddg"
        },
        {
            "input": "beffa",
            "output": "affeb"
        },
        {
            "input": "ebbgfcadeg",
            "output": "gedacfgbbe"
        },
        {
            "input": "abgfccbcgcg",
            "output": "gcgcbccfgba"
        },
        {
            "input": "bdefebdecgedb",
            "output": "bdegcedbefedb"
        },
        {
            "input": "agbb",
            "output": "bbga"
        },
        {
            "input": "dbeddeeg",
            "output": "geeddebd"
        },
        {
            "input": "fbafddaf",
            "output": "faddfabf"
        },
        {
            "input": "cgbgedaadefdf",
            "output": "fdfedaadegbgc"
        },
        {
            "input": "gegffecaaafee",
            "output": "eefaaaceffgeg"
        },
        {
            "input": "dccbgdbfg",
            "output": "gfbdgbccd"
        },
        {
            "input": "cecaedb",
            "output": "bdeacec"
        },
        {
            "input": "gfaacbbceca",
            "output": "acecbbcaafg"
        },
        {
            "input": "cbbbcgegdac",
            "output": "cadgegcbbbc"
        },
        {
            "input": "cfedfcdceffdfc",
            "output": "cfdffecdcfdefc"
        },
        {
            "input": "eagff",
            "output": "ffgae"
        },
        {
            "input": "cggffbc",
            "output": "cbffggc"
        },
        {
            "input": "afaedgfae",
            "output": "eafgdeafa"
        },
        {
            "input": "gbgdcabcgb",
            "output": "bgcbacdgbg"
        },
        {
            "input": "acdd",
            "output": "ddca"
        },
        {
            "input": "cfgfdeacdfga",
            "output": "agfdcaedfgfc"
        },
        {
            "input": "edafb",
            "output": "bfade"
        },
        {
            "input": "edg",
            "output": "gde"
        },
        {
            "input": "cgeccdcdg",
            "output": "gdcdccegc"
        },
        {
            "input": "fcb",
            "output": "bcf"
        },
        {
            "input": "ebfbcbcbbcf",
            "output": "fcbbcbcbfbe"
        },
        {
            "input": "bacg",
            "output": "gcab"
        },
        {
            "input": "deacgc",
            "output": "cgcaed"
        },
        {
            "input": "fdceaacc",
            "output": "ccaaecdf"
        },
        {
            "input": "cbcabdadf",
            "output": "fdadbacbc"
        },
        {
            "input": "ggb",
            "output": "bgg"
        },
        {
            "input": "eaacfaeab",
            "output": "baeafcaae"
        },
        {
            "input": "eaacdadcgg",
            "output": "ggcdadcaae"
        },
        {
            "input": "aagdfcabe",
            "output": "ebacfdgaa"
        },
        {
            "input": "cdgebbfbcgdeb",
            "output": "bedgcbfbbegdc"
        },
        {
            "input": "dbdagcgfafad",
            "output": "dafafgcgadbd"
        },
        {
            "input": "fbdgga",
            "output": "aggdbf"
        },
        {
            "input": "afccbfdfe",
            "output": "efdfbccfa"
        },
        {
            "input": "aeffgffcdddb",
            "output": "bdddcffgffea"
        },
        {
            "input": "bad",
            "output": "dab"
        },
        {
            "input": "edfefe",
            "output": "efefde"
        },
        {
            "input": "fada",
            "output": "adaf"
        },
        {
            "input": "fadecfd",
            "output": "dfcedaf"
        },
        {
            "input": "ecebgf",
            "output": "fgbece"
        },
        {
            "input": "ccbdegbfcegf",
            "output": "fgecfbgedbcc"
        },
        {
            "input": "cebdf",
            "output": "fdbec"
        },
        {
            "input": "bgfafcdfgcgcdd",
            "output": "ddcgcgfdcfafgb"
        },
        {
            "input": "gdc",
            "output": "cdg"
        },
        {
            "input": "bcffebbgd",
            "output": "dgbbeffcb"
        },
        {
            "input": "fgcgadcbbbbd",
            "output": "dbbbbcdagcgf"
        },
        {
            "input": "adcebbgdg",
            "output": "gdgbbecda"
        },
        {
            "input": "bccebagfb",
            "output": "bfgabeccb"
        },
        {
            "input": "aebfagfeadaadfg",
            "output": "gfdaadaefgafbea"
        },
        {
            "input": "cdgcbfcddeffffc",
            "output": "cffffeddcfbcgdc"
        },
        {
            "input": "ebbdafcfdbbag",
            "output": "gabbdfcfadbbe"
        },
        {
            "input": "fdgbabdfffe",
            "output": "efffdbabgdf"
        },
        {
            "input": "egg",
            "output": "gge"
        },
        {
            "input": "fcagdfca",
            "output": "acfdgacf"
        },
        {
            "input": "eed",
            "output": "dee"
        },
        {
            "input": "defgeabbb",
            "output": "bbbaegfed"
        },
        {
            "input": "dbdbaadcfbef",
            "output": "febfcdaabdbd"
        },
        {
            "input": "adaccde",
            "output": "edccada"
        },
        {
            "input": "faccgab",
            "output": "bagccaf"
        },
        {
            "input": "ecfaafdddbgcfgg",
            "output": "ggfcgbdddfaafce"
        },
        {
            "input": "cgedfefdfdbcdb",
            "output": "bdcbdfdfefdegc"
        },
        {
            "input": "cdccabgbab",
            "output": "babgbaccdc"
        },
        {
            "input": "afbgcdfcbbaa",
            "output": "aabbcfdcgbfa"
        },
        {
            "input": "fec",
            "output": "cef"
        },
        {
            "input": "gegg",
            "output": "ggeg"
        },
        {
            "input": "ffg",
            "output": "gff"
        },
        {
            "input": "cacc",
            "output": "ccac"
        },
        {
            "input": "dcbb",
            "output": "bbcd"
        },
        {
            "input": "abfbcdbcae",
            "output": "eacbdcbfba"
        },
        {
            "input": "bebbfcggb",
            "output": "bggcfbbeb"
        },
        {
            "input": "gea",
            "output": "aeg"
        },
        {
            "input": "eedcgdedefd",
            "output": "dfededgcdee"
        },
        {
            "input": "ddfeeeecegeefag",
            "output": "gafeegeceeeefdd"
        },
        {
            "input": "fgebfabbcdeefd",
            "output": "dfeedcbbafbegf"
        },
        {
            "input": "acefcgg",
            "output": "ggcfeca"
        },
        {
            "input": "gdeafegeefgge",
            "output": "eggfeegefaedg"
        },
        {
            "input": "aeafceeaf",
            "output": "faeecfaea"
        },
        {
            "input": "dffeaccbgcdcdc",
            "output": "cdcdcgbccaeffd"
        },
        {
            "input": "bcgaebce",
            "output": "ecbeagcb"
        },
        {
            "input": "bgcgbcdecbacac",
            "output": "cacabcedcbgcgb"
        },
        {
            "input": "ddacadc",
            "output": "cdacadd"
        },
        {
            "input": "ddgebf",
            "output": "fbegdd"
        },
        {
            "input": "fcgegeeda",
            "output": "adeegegcf"
        },
        {
            "input": "fab",
            "output": "baf"
        },
        {
            "input": "fbbgfga",
            "output": "agfgbbf"
        },
        {
            "input": "cfged",
            "output": "degfc"
        },
        {
            "input": "gcdeecdaegaeg",
            "output": "geageadceedcg"
        },
        {
            "input": "bcg",
            "output": "gcb"
        },
        {
            "input": "caae",
            "output": "eaac"
        },
        {
            "input": "bedbfcecdbbcae",
            "output": "eacbbdcecfbdeb"
        },
        {
            "input": "egcgbbedgfg",
            "output": "gfgdebbgcge"
        },
        {
            "input": "bgfg",
            "output": "gfgb"
        },
        {
            "input": "gagfcdgb",
            "output": "bgdcfgag"
        },
        {
            "input": "dacagcgec",
            "output": "cegcgacad"
        },
        {
            "input": "gfdgdfgeg",
            "output": "gegfdgdfg"
        },
        {
            "input": "affagaeaeb",
            "output": "beaeagaffa"
        },
        {
            "input": "gbfcbeageafag",
            "output": "gafaegaebcfbg"
        },
        {
            "input": "adccee",
            "output": "eeccda"
        },
        {
            "input": "ebefcd",
            "output": "dcfebe"
        },
        {
            "input": "gcaeaffbgdbf",
            "output": "fbdgbffaeacg"
        },
        {
            "input": "afecfgfebeebc",
            "output": "cbeebefgfcefa"
        },
        {
            "input": "cafacedfbdfgfa",
            "output": "afgfdbfdecafac"
        },
        {
            "input": "gfg",
            "output": "gfg"
        },
        {
            "input": "cccbfafe",
            "output": "efafbccc"
        },
        {
            "input": "bfaagbbcd",
            "output": "dcbbgaafb"
        },
        {
            "input": "cdgdgbcafgda",
            "output": "adgfacbgdgdc"
        },
        {
            "input": "cfbac",
            "output": "cabfc"
        },
        {
            "input": "gdbfefefde",
            "output": "edfefefbdg"
        },
        {
            "input": "gecgbgbbbagdff",
            "output": "ffdgabbbgbgceg"
        },
        {
            "input": "dfbcaaf",
            "output": "faacbfd"
        },
        {
            "input": "dbccbggf",
            "output": "fggbccbd"
        },
        {
            "input": "affceadcaead",
            "output": "daeacdaecffa"
        },
        {
            "input": "ccffefeeadgd",
            "output": "dgdaeefeffcc"
        },
        {
            "input": "cfbcbbgdcff",
            "output": "ffcdgbbcbfc"
        },
        {
            "input": "dfeaa",
            "output": "aaefd"
        },
        {
            "input": "gaaagcddee",
            "output": "eeddcgaaag"
        },
        {
            "input": "gfeddedebcecc",
            "output": "ccecbededdefg"
        },
        {
            "input": "ggdde",
            "output": "eddgg"
        },
        {
            "input": "bbfefecfbbcfa",
            "output": "afcbbfcefefbb"
        },
        {
            "input": "aebebegggfffc",
            "output": "cfffgggebebea"
        },
        {
            "input": "abfbcabffaadacd",
            "output": "dcadaaffbacbfba"
        },
        {
            "input": "fcaddbacfb",
            "output": "bfcabddacf"
        },
        {
            "input": "abcdgcgf",
            "output": "fgcgdcba"
        },
        {
            "input": "afaeecag",
            "output": "gaceeafa"
        },
        {
            "input": "eagaecgdfggdc",
            "output": "cdggfdgceagae"
        },
        {
            "input": "ececgfgeefcc",
            "output": "ccfeegfgcece"
        },
        {
            "input": "dafdfeaggeeaadd",
            "output": "ddaaeeggaefdfad"
        },
        {
            "input": "bggb",
            "output": "bggb"
        },
        {
            "input": "gbb",
            "output": "bbg"
        },
        {
            "input": "gcgcdfdfffccad",
            "output": "daccfffdfdcgcg"
        },
        {
            "input": "bdefcfa",
            "output": "afcfedb"
        },
        {
            "input": "fgbaecbagba",
            "output": "abgabceabgf"
        },
        {
            "input": "fafdgbaggd",
            "output": "dggabgdfaf"
        },
        {
            "input": "ffbgcecdfcdb",
            "output": "bdcfdcecgbff"
        },
        {
            "input": "caccebaaeefc",
            "output": "cfeeaabeccac"
        },
        {
            "input": "ebbbafe",
            "output": "efabbbe"
        },
        {
            "input": "fgcefafbddbebb",
            "output": "bbebddbfafecgf"
        },
        {
            "input": "bbbgecfcaeg",
            "output": "geacfcegbbb"
        },
        {
            "input": "ecfeafggd",
            "output": "dggfaefce"
        },
        {
            "input": "dacae",
            "output": "eacad"
        },
        {
            "input": "bbd",
            "output": "dbb"
        },
        {
            "input": "dbdg",
            "output": "gdbd"
        },
        {
            "input": "cdgb",
            "output": "bgdc"
        },
        {
            "input": "ccecb",
            "output": "bcecc"
        },
        {
            "input": "bcacdcaggbaafb",
            "output": "bfaabggacdcacb"
        },
        {
            "input": "ccbg",
            "output": "gbcc"
        },
        {
            "input": "fbedfb",
            "output": "bfdebf"
        },
        {
            "input": "bcdbbcabee",
            "output": "eebacbbdcb"
        },
        {
            "input": "ffbddc",
            "output": "cddbff"
        },
        {
            "input": "cbad",
            "output": "dabc"
        },
        {
            "input": "cefdgcgdabd",
            "output": "dbadgcgdfec"
        },
        {
            "input": "dfabeedebgddca",
            "output": "acddgbedeebafd"
        },
        {
            "input": "fdffacgeedeg",
            "output": "gedeegcaffdf"
        },
        {
            "input": "becg",
            "output": "gceb"
        },
        {
            "input": "egddaeac",
            "output": "caeaddge"
        },
        {
            "input": "caacfffecfecd",
            "output": "dcefcefffcaac"
        },
        {
            "input": "abaadeagdgcecd",
            "output": "dcecgdgaedaaba"
        },
        {
            "input": "fgcbb",
            "output": "bbcgf"
        },
        {
            "input": "bgggecggggebb",
            "output": "bbeggggcegggb"
        },
        {
            "input": "gdeeegccaagaga",
            "output": "agagaaccgeeedg"
        },
        {
            "input": "ffaddeggecaage",
            "output": "egaaceggeddaff"
        },
        {
            "input": "cfbeggfdb",
            "output": "bdfggebfc"
        },
        {
            "input": "gfaaac",
            "output": "caaafg"
        },
        {
            "input": "ebbagca",
            "output": "acgabbe"
        },
        {
            "input": "faeaffaebbcge",
            "output": "egcbbeaffaeaf"
        },
        {
            "input": "abgcfffdgd",
            "output": "dgdfffcgba"
        },
        {
            "input": "ebebfabcdeegb",
            "output": "bgeedcbafbebe"
        },
        {
            "input": "gcebfgcgfcdb",
            "output": "bdcfgcgfbecg"
        },
        {
            "input": "aggade",
            "output": "edagga"
        },
        {
            "input": "gbeccdgda",
            "output": "adgdccebg"
        },
        {
            "input": "bddceg",
            "output": "gecddb"
        },
        {
            "input": "eebbeba",
            "output": "abebbee"
        },
        {
            "input": "ccfgfggfcbcd",
            "output": "dcbcfggfgfcc"
        },
        {
            "input": "bdcecddfbegacd",
            "output": "dcagebfddcecdb"
        },
        {
            "input": "gfbecgbdaef",
            "output": "feadbgcebfg"
        },
        {
            "input": "cgegaf",
            "output": "fagegc"
        },
        {
            "input": "cbbcfgbbedceecd",
            "output": "dceecdebbgfcbbc"
        },
        {
            "input": "cceecbeacbca",
            "output": "acbcaebceecc"
        },
        {
            "input": "caabfcfecga",
            "output": "agcefcfbaac"
        },
        {
            "input": "dfddgbffadc",
            "output": "cdaffbgddfd"
        },
        {
            "input": "aaeeeeg",
            "output": "geeeeaa"
        },
        {
            "input": "cccbdfebae",
            "output": "eabefdbccc"
        },
        {
            "input": "fdbbagcbabcefcc",
            "output": "ccfecbabcgabbdf"
        },
        {
            "input": "bdcedgeffc",
            "output": "cffegdecdb"
        },
        {
            "input": "aaacfbeadceggbg",
            "output": "gbggecdaebfcaaa"
        },
        {
            "input": "dcgffgccebg",
            "output": "gbeccgffgcd"
        },
        {
            "input": "cbd",
            "output": "dbc"
        },
        {
            "input": "accfggabfa",
            "output": "afbaggfcca"
        },
        {
            "input": "gegdaac",
            "output": "caadgeg"
        },
        {
            "input": "acfa",
            "output": "afca"
        },
        {
            "input": "accfefffbaadgb",
            "output": "bgdaabfffefcca"
        },
        {
            "input": "dfbbb",
            "output": "bbbfd"
        },
        {
            "input": "fdag",
            "output": "gadf"
        },
        {
            "input": "ceba",
            "output": "abec"
        },
        {
            "input": "cbggagfcfabgcg",
            "output": "gcgbafcfgaggbc"
        },
        {
            "input": "cbfgfged",
            "output": "degfgfbc"
        },
        {
            "input": "dccgeedaecdagd",
            "output": "dgadceadeegccd"
        },
        {
            "input": "gabbdcgaafeebge",
            "output": "egbeefaagcdbbag"
        },
        {
            "input": "dfgcaf",
            "output": "facgfd"
        },
        {
            "input": "dcfeefceedaggc",
            "output": "cggadeecfeefcd"
        },
        {
            "input": "cfdaff",
            "output": "ffadfc"
        },
        {
            "input": "eegaacfggaeeacg",
            "output": "gcaeeaggfcaagee"
        },
        {
            "input": "gacfcdaaa",
            "output": "aaadcfcag"
        },
        {
            "input": "gceced",
            "output": "dececg"
        },
        {
            "input": "acgcccfbagcbg",
            "output": "gbcgabfcccgca"
        },
        {
            "input": "dafececbbbabg",
            "output": "gbabbbcecefad"
        },
        {
            "input": "beaeadc",
            "output": "cdaeaeb"
        },
        {
            "input": "daffefcd",
            "output": "dcfeffad"
        },
        {
            "input": "dfgaagegfedacgf",
            "output": "fgcadefgegaagfd"
        },
        {
            "input": "gbcdd",
            "output": "ddcbg"
        },
        {
            "input": "cbbacfccbcbacbd",
            "output": "dbcabcbccfcabbc"
        },
        {
            "input": "fddcgcgfggdc",
            "output": "cdggfgcgcddf"
        },
        {
            "input": "egdbfcbeeb",
            "output": "beebcfbdge"
        },
        {
            "input": "gcdadceegc",
            "output": "cgeecdadcg"
        },
        {
            "input": "bdegcfadaece",
            "output": "eceadafcgedb"
        },
        {
            "input": "aaffeecacdce",
            "output": "ecdcaceeffaa"
        },
        {
            "input": "addaegbbgde",
            "output": "edgbbgeadda"
        },
        {
            "input": "gaegabddbg",
            "output": "gbddbageag"
        },
        {
            "input": "ebfdfgeacbad",
            "output": "dabcaegfdfbe"
        },
        {
            "input": "aadg",
            "output": "gdaa"
        },
        {
            "input": "cedeccc",
            "output": "cccedec"
        },
        {
            "input": "abcbfg",
            "output": "gfbcba"
        },
        {
            "input": "feagcgfgededcge",
            "output": "egcdedegfgcgaef"
        },
        {
            "input": "fcdfebdgbcdg",
            "output": "gdcbgdbefdcf"
        },
        {
            "input": "abbdbgcgdfbc",
            "output": "cbfdgcgbdbba"
        },
        {
            "input": "dedaccgedgbgag",
            "output": "gagbgdegccaded"
        },
        {
            "input": "fbcd",
            "output": "dcbf"
        },
        {
            "input": "gecaagbb",
            "output": "bbgaaceg"
        },
        {
            "input": "gbcfgggd",
            "output": "dgggfcbg"
        },
        {
            "input": "cfaabgcegdc",
            "output": "cdgecgbaafc"
        },
        {
            "input": "bdggbfdcca",
            "output": "accdfbggdb"
        },
        {
            "input": "effbdggecbge",
            "output": "egbceggdbffe"
        },
        {
            "input": "adceeagb",
            "output": "bgaeecda"
        },
        {
            "input": "gfgfaebcegaa",
            "output": "aagecbeafgfg"
        },
        {
            "input": "ebbdb",
            "output": "bdbbe"
        },
        {
            "input": "dgcb",
            "output": "bcgd"
        },
        {
            "input": "dffffcgf",
            "output": "fgcffffd"
        },
        {
            "input": "egedefgebgef",
            "output": "fegbegfedege"
        },
        {
            "input": "ccfab",
            "output": "bafcc"
        },
        {
            "input": "fbafcefgaaeagc",
            "output": "cgaeaagfecfabf"
        },
        {
            "input": "dfebgcgcfdecbb",
            "output": "bbcedfcgcgbefd"
        },
        {
            "input": "cfbecffgdgac",
            "output": "cagdgffcebfc"
        },
        {
            "input": "cgfcbcedfaea",
            "output": "aeafdecbcfgc"
        },
        {
            "input": "bdbaffbecc",
            "output": "ccebffabdb"
        },
        {
            "input": "abecagbbgacbge",
            "output": "egbcagbbgaceba"
        },
        {
            "input": "bbbcdbgfeggce",
            "output": "ecggefgbdcbbb"
        },
        {
            "input": "dfeecffcbaebd",
            "output": "dbeabcffceefd"
        },
        {
            "input": "ggacababa",
            "output": "ababacagg"
        },
        {
            "input": "eabcegaafagagd",
            "output": "dgagafaagecbae"
        },
        {
            "input": "degaegcf",
            "output": "fcgeaged"
        },
        {
            "input": "bfaaddgbfccbbca",
            "output": "acbbccfbgddaafb"
        },
        {
            "input": "faa",
            "output": "aaf"
        },
        {
            "input": "gccdabegee",
            "output": "eegebadccg"
        },
        {
            "input": "befcf",
            "output": "fcfeb"
        },
        {
            "input": "dgcdcffggc",
            "output": "cggffcdcgd"
        },
        {
            "input": "decfcb",
            "output": "bcfced"
        },
        {
            "input": "daebfdfbdgfae",
            "output": "eafgdbfdfbead"
        },
        {
            "input": "eecfc",
            "output": "cfcee"
        },
        {
            "input": "cbdeeceabcebgbg",
            "output": "gbgbecbaeceedbc"
        },
        {
            "input": "gceffg",
            "output": "gffecg"
        },
        {
            "input": "afaadfbaeb",
            "output": "beabfdaafa"
        },
        {
            "input": "fcfegaegdfcdcd",
            "output": "dcdcfdgeagefcf"
        },
        {
            "input": "accbbcabdac",
            "output": "cadbacbbcca"
        },
        {
            "input": "agfbde",
            "output": "edbfga"
        },
        {
            "input": "beaa",
            "output": "aaeb"
        },
        {
            "input": "bcfcdaffd",
            "output": "dffadcfcb"
        },
        {
            "input": "bbcgac",
            "output": "cagcbb"
        },
        {
            "input": "fgaggcedbadcbcd",
            "output": "dcbcdabdecggagf"
        },
        {
            "input": "cfbc",
            "output": "cbfc"
        },
        {
            "input": "ggdgbge",
            "output": "egbgdgg"
        },
        {
            "input": "cedagbbef",
            "output": "febbgadec"
        },
        {
            "input": "edfcaeeebfbfbc",
            "output": "cbfbfbeeeacfde"
        },
        {
            "input": "gegbdfgb",
            "output": "bgfdbgeg"
        },
        {
            "input": "cfaeffegdgcf",
            "output": "fcgdgeffeafc"
        },
        {
            "input": "egecdba",
            "output": "abdcege"
        },
        {
            "input": "adf",
            "output": "fda"
        },
        {
            "input": "eace",
            "output": "ecae"
        },
        {
            "input": "edbeeaedbaffbcc",
            "output": "ccbffabdeaeebde"
        },
        {
            "input": "efacgfbabad",
            "output": "dababfgcafe"
        },
        {
            "input": "fbfcbdbaegeg",
            "output": "gegeabdbcfbf"
        },
        {
            "input": "acegccbeefee",
            "output": "eefeebccgeca"
        },
        {
            "input": "fbggag",
            "output": "gaggbf"
        },
        {
            "input": "fabfcccafddceb",
            "output": "becddfacccfbaf"
        },
        {
            "input": "abefbffabdgbdd",
            "output": "ddbgdbaffbfeba"
        },
        {
            "input": "ggg",
            "output": "ggg"
        },
        {
            "input": "gedcbbabcdeddbb",
            "output": "bbddedcbabbcdeg"
        },
        {
            "input": "fcaggdabegddgaa",
            "output": "aagddgebadggacf"
        },
        {
            "input": "dccbaefdg",
            "output": "gdfeabccd"
        },
        {
            "input": "babcfddfaedd",
            "output": "ddeafddfcbab"
        },
        {
            "input": "bdbadcad",
            "output": "dacdabdb"
        },
        {
            "input": "bbfcbafdddfafbg",
            "output": "gbfafdddfabcfbb"
        },
        {
            "input": "eegbagceagee",
            "output": "eegaecgabgee"
        },
        {
            "input": "ccacabfeegc",
            "output": "cgeefbacacc"
        },
        {
            "input": "cfddfbe",
            "output": "ebfddfc"
        },
        {
            "input": "gegad",
            "output": "dageg"
        },
        {
            "input": "eeedcccfacg",
            "output": "gcafcccdeee"
        },
        {
            "input": "gbdae",
            "output": "eadbg"
        },
        {
            "input": "bddcd",
            "output": "dcddb"
        },
        {
            "input": "eecfbaa",
            "output": "aabfcee"
        },
        {
            "input": "edgedcdedaggcac",
            "output": "cacggadedcdegde"
        },
        {
            "input": "fcaec",
            "output": "ceacf"
        },
        {
            "input": "bdfbgbe",
            "output": "ebgbfdb"
        },
        {
            "input": "afgdfdafbagea",
            "output": "aegabfadfdgfa"
        },
        {
            "input": "bedbadaefeddcc",
            "output": "ccddefeadabdeb"
        },
        {
            "input": "cbccbfadgfcb",
            "output": "bcfgdafbccbc"
        },
        {
            "input": "eebfgaa",
            "output": "aagfbee"
        },
        {
            "input": "adfceb",
            "output": "becfda"
        },
        {
            "input": "eeaeeaeb",
            "output": "beaeeaee"
        },
        {
            "input": "facbaggecd",
            "output": "dceggabcaf"
        },
        {
            "input": "fdbbebga",
            "output": "agbebbdf"
        },
        {
            "input": "cfddba",
            "output": "abddfc"
        },
        {
            "input": "ebggaddadce",
            "output": "ecdaddaggbe"
        },
        {
            "input": "bfeageecdagaaf",
            "output": "faagadceegaefb"
        },
        {
            "input": "bddgdad",
            "output": "dadgddb"
        },
        {
            "input": "fffg",
            "output": "gfff"
        },
        {
            "input": "eba",
            "output": "abe"
        },
        {
            "input": "bbaadecbcebfdca",
            "output": "acdfbecbcedaabb"
        },
        {
            "input": "gfeaefg",
            "output": "gfeaefg"
        },
        {
            "input": "efabgffdgaaa",
            "output": "aaagdffgbafe"
        },
        {
            "input": "geaddggadgb",
            "output": "bgdaggddaeg"
        },
        {
            "input": "cbab",
            "output": "babc"
        },
        {
            "input": "bbeagdacd",
            "output": "dcadgaebb"
        },
        {
            "input": "ffa",
            "output": "aff"
        },
        {
            "input": "eea",
            "output": "aee"
        },
        {
            "input": "ggaadgedefdecff",
            "output": "ffcedfedegdaagg"
        },
        {
            "input": "deb",
            "output": "bed"
        },
        {
            "input": "efeebdb",
            "output": "bdbeefe"
        },
        {
            "input": "eade",
            "output": "edae"
        },
        {
            "input": "ddecb",
            "output": "bcedd"
        },
        {
            "input": "gddg",
            "output": "gddg"
        },
        {
            "input": "eebdcdgcdafbe",
            "output": "ebfadcgdcdbee"
        }
    ]
}