{
    "id": "second_largest_element",
    "title": "Second Largest Element",
    "description": "Finding the largest element is common, but finding the second largest requires a bit more logic. In this problem, you are given an array of integers. Your task is to find and print the second largest distinct element in the array. If the array contains duplicates, they should not affect the ranking (e.g., in [10, 10, 5], the second largest is 5).",
    "input_format": "A single line containing space-separated integers.",
    "output_format": "Output a single integer representing the second largest element in the array.",
    "constraints": {
        "Array Elements": "-10^9 <= A[i] <= 10^9"
    },
    "judge_mode": "FIRST_FAIL",
    "time_limit": 1,
    "sample_test_cases": [
        {
            "input": "10 20 4 45 99",
            "output": "45"
        },
        {
            "input": "1 2 3 4 5 6",
            "output": "5"
        }
    ],
    "hidden_test_cases": [
        {
            "input": "11 33 68 31 23 2 29",
            "output": "33"
        },
        {
            "input": "33 11 96 8 85 23 47 66 53 46 76 87 1 52 77 48 70 75 28",
            "output": "87"
        },
        {
            "input": "83 42 54 18 84 56 88 81 60 20 76 66 77 94",
            "output": "88"
        },
        {
            "input": "97 23 96 39 22 80 69 24 85 99 25 75",
            "output": "97"
        },
        {
            "input": "87 72 88 11 86 52 92 66 17 4 90 95 29 54 73 31 89 37 38",
            "output": "92"
        },
        {
            "input": "32 78",
            "output": "32"
        },
        {
            "input": "68 12 77 62 69",
            "output": "69"
        },
        {
            "input": "91 96 16 57 49 75 68 79 77 50 8 81 24 45 18 80 52 67",
            "output": "91"
        },
        {
            "input": "74 35 28 52 56 98 38 66",
            "output": "74"
        },
        {
            "input": "9 13 57 3 42 46 79 100 17 67",
            "output": "79"
        },
        {
            "input": "43 42 23 47 39 97 53 78 20 33 72 74 66 7 60 25",
            "output": "78"
        },
        {
            "input": "83 42 94 62 63 31 96 81 45",
            "output": "94"
        },
        {
            "input": "21 83 5 90 17 77 71 65 35 91 19 51 99 47",
            "output": "91"
        },
        {
            "input": "40 15 98 79 97 96 47 85 80 49 83 34 4",
            "output": "97"
        },
        {
            "input": "60 73 67 35 22 61 11 15 58 19 81 54 75 83 85 6",
            "output": "83"
        },
        {
            "input": "65 37 12 21 17 60 83 30 42 16 84",
            "output": "83"
        },
        {
            "input": "93 86 79 26 28 82",
            "output": "86"
        },
        {
            "input": "28 84 68 99 44 72 94 73 46 95 10 36 86 70 12 21 35",
            "output": "95"
        },
        {
            "input": "22 96 56 70 50 35 3 29",
            "output": "70"
        },
        {
            "input": "98 6 74 26 44 86 46 22 63 2 20 56 96 25 55 40 19 27",
            "output": "96"
        },
        {
            "input": "78 39 42 70 33 96 37 61 45 1",
            "output": "78"
        },
        {
            "input": "17 61 89 82 58 90 43 38 83",
            "output": "89"
        },
        {
            "input": "5 84 66 80 56 69 71 11 27 14 48 7",
            "output": "80"
        },
        {
            "input": "11 79 26 60 89 62 10",
            "output": "79"
        },
        {
            "input": "12 42 4 70 15 13 95 89 16 38 54 7 67 3 98 69 73 77",
            "output": "95"
        },
        {
            "input": "24 8 80 11 53",
            "output": "53"
        },
        {
            "input": "31 97 90 18 69 74 4",
            "output": "90"
        },
        {
            "input": "39 85 33 24 88 90 53 48 36 42 75 70 83 96 17 38 77",
            "output": "90"
        },
        {
            "input": "68 8 53 78 30 25 67 76 86",
            "output": "78"
        },
        {
            "input": "62 42 98 69 84 93 80 6 95 15 60 33 70 3 24",
            "output": "95"
        },
        {
            "input": "64 13 31",
            "output": "31"
        },
        {
            "input": "38 92 45 77 69",
            "output": "77"
        },
        {
            "input": "88 15 73",
            "output": "73"
        },
        {
            "input": "11 96 27 65 28 4 7",
            "output": "65"
        },
        {
            "input": "67 70 79 18 11 86 21 22 26 75 45",
            "output": "79"
        },
        {
            "input": "58 74 47 67 80 77 36 45 75 4 35 71 6 48 78 17 73",
            "output": "78"
        },
        {
            "input": "7 43 66 45 62 68 10 32 30 96 89 23 49",
            "output": "89"
        },
        {
            "input": "3 76 29 20 35 65 16 4 68 85 31 77 87 44",
            "output": "85"
        },
        {
            "input": "57 77 34 62 46 47 93 13 45",
            "output": "77"
        },
        {
            "input": "22 11 66 59 35 88 39 19 76 98 62 24 65 46 13",
            "output": "88"
        },
        {
            "input": "10 54 55 38",
            "output": "54"
        },
        {
            "input": "73 45 99",
            "output": "73"
        },
        {
            "input": "58 59 42 73 79 6 43 47 2 57 97 69 35 93 64 68",
            "output": "93"
        },
        {
            "input": "57 51 59 36 30 86 16 71 77 10 29 66 75 22",
            "output": "77"
        },
        {
            "input": "53 21 18 78 13 89 77",
            "output": "78"
        },
        {
            "input": "11 74 54 41 3 45 70 77",
            "output": "74"
        },
        {
            "input": "20 19 61 96 65 39 33 35 83",
            "output": "83"
        },
        {
            "input": "78 65 44 100 98 51 13 2 76 22 29 49 14 89 39 86 56 34 53",
            "output": "98"
        },
        {
            "input": "47 58 74 69 71 92 56 9",
            "output": "74"
        },
        {
            "input": "61 31 82 93 58 60",
            "output": "82"
        },
        {
            "input": "82 76 9 53 25 59 56 96",
            "output": "82"
        },
        {
            "input": "78 87 30 86 34 51 24 31 85 53 17 11 49 39 35 1",
            "output": "86"
        },
        {
            "input": "24 94 82 18 1",
            "output": "82"
        },
        {
            "input": "71 46 59 45 93",
            "output": "71"
        },
        {
            "input": "59 43 33 31 55 49 39 93 2 11 12 54 25 87 42 99 21",
            "output": "93"
        },
        {
            "input": "22 56 41 25 24",
            "output": "41"
        },
        {
            "input": "97 37 72 20 5 66 1 30 22 10 9",
            "output": "72"
        },
        {
            "input": "1 37 50 90 97 14 40 62 27 45 35 76 72 10 70",
            "output": "90"
        },
        {
            "input": "35 13 79 95",
            "output": "79"
        },
        {
            "input": "29 44 74 70 62 14 80 27 78 4 54",
            "output": "78"
        },
        {
            "input": "90 65 14 34 84 70 77",
            "output": "84"
        },
        {
            "input": "58 78 57",
            "output": "58"
        },
        {
            "input": "92 66 87 52 1",
            "output": "87"
        },
        {
            "input": "50 71 54 17 55 13 15 45 29 28 40 83 34 87 33 78",
            "output": "83"
        },
        {
            "input": "64 73 45 1 72 90 23 47 11 15 70 17 94 81 54 87 42 4 21",
            "output": "90"
        },
        {
            "input": "59 80 20 6 12 4 57 48 73 18 3 26 49 97 58",
            "output": "80"
        },
        {
            "input": "51 39 90 46 25 69 76 42 12 15 3 29 19 61 49 18 28 32",
            "output": "76"
        },
        {
            "input": "85 99 84 1 59 32 75 95 18",
            "output": "95"
        },
        {
            "input": "75 3 98 100 62 70 97 86 93 7 66 27 60 48 1 53",
            "output": "98"
        },
        {
            "input": "54 64 41 34 94 14 1 36 67 89 62 11 30 9 46 2",
            "output": "89"
        },
        {
            "input": "10 24 45 55 81 83 30 86",
            "output": "83"
        },
        {
            "input": "92 70 37 65 88 5 51 46 72",
            "output": "88"
        },
        {
            "input": "13 41 89 42 46 66 24 35 14 44 76 32 69 85 73 28",
            "output": "85"
        },
        {
            "input": "63 76 8 90 36 91",
            "output": "90"
        },
        {
            "input": "52 38 92 11",
            "output": "52"
        },
        {
            "input": "19 90 42 88 60 56 66 64 30 48",
            "output": "88"
        },
        {
            "input": "81 3 12 41",
            "output": "41"
        },
        {
            "input": "25 62 71 88 83 21 89 94 90 65 53 15 17 37 9 54 86 78",
            "output": "90"
        },
        {
            "input": "77 96 66 5 84 32 97 6 29 83 1 39 81 65 71 52 9 36",
            "output": "96"
        },
        {
            "input": "54 89 15 75 43 1 42 81 82 85 21 100 95 51 25",
            "output": "95"
        },
        {
            "input": "4 71 60 52 1 2 74 33 26 35 67 55 68",
            "output": "71"
        },
        {
            "input": "23 62 69 40 76 74 4 26 72 71",
            "output": "74"
        },
        {
            "input": "75 47 45 55 34 66 64 87 12 29 54 91 36 41 18 96 76",
            "output": "91"
        },
        {
            "input": "86 42 14 49 11 64 53 76 47 36 95 34 41 55 89 81 52 63 65",
            "output": "89"
        },
        {
            "input": "85 58 76 81 40 53 70 65 45 50 92 86 90 91 16",
            "output": "91"
        },
        {
            "input": "90 7 28 94 10 53 27 18 49 92 25 100 15 98 30 31 68",
            "output": "98"
        },
        {
            "input": "79 74 93 13 67",
            "output": "79"
        },
        {
            "input": "20 83 84 22 68 98 55 49 81 33 12 57 44 50 75",
            "output": "84"
        },
        {
            "input": "50 28 56 4 48 25 42 60",
            "output": "56"
        },
        {
            "input": "91 10 86 30 72 100",
            "output": "91"
        },
        {
            "input": "89 45 52 37 39 10 33 6 19 11 22 59 20",
            "output": "59"
        },
        {
            "input": "17 27 6 73 9 71",
            "output": "71"
        },
        {
            "input": "65 80 55 83 14 9 11 88 25",
            "output": "83"
        },
        {
            "input": "69 4 68 9 56 85 33 97 17 16 90 65 31",
            "output": "90"
        },
        {
            "input": "72 10 85 56 68 27 89 70 60 14 15",
            "output": "85"
        },
        {
            "input": "62 67 79 57 98 17 10 22 84 48 34",
            "output": "84"
        },
        {
            "input": "24 44 89 17 60 8 61 47 94 91 73 90 88 97 7 43 99 3",
            "output": "97"
        },
        {
            "input": "72 86 57 36 65 94 10 54 53 14",
            "output": "86"
        },
        {
            "input": "1 65 2 34 61 75 37 45 7 60 17 18 43",
            "output": "65"
        },
        {
            "input": "42 72 22 36 80",
            "output": "72"
        },
        {
            "input": "60 39 53 77 6 75 10 89 17",
            "output": "77"
        },
        {
            "input": "4 12 31 27 61 96 5",
            "output": "61"
        },
        {
            "input": "56 3 42 51 76 5 24 61 95 49",
            "output": "76"
        },
        {
            "input": "80 74 58 100 14 67 40 36 77 41 92 81 99 11 96 32",
            "output": "99"
        },
        {
            "input": "6 68 49 98 73 67 90 29 39 13 34 70 26",
            "output": "90"
        },
        {
            "input": "18 91 23 76 73 58 89 40 9 68 42 72 64",
            "output": "89"
        },
        {
            "input": "71 33 31 82 49 37 17 5 11",
            "output": "71"
        },
        {
            "input": "19 47 30 13 15 1 34 32 91 36 66 68 74 78 83 58 29",
            "output": "83"
        },
        {
            "input": "88 10 56 97 75 6 44 74 99 30 34 100 51 22 16",
            "output": "99"
        },
        {
            "input": "33 51 94",
            "output": "51"
        },
        {
            "input": "54 10 69",
            "output": "54"
        },
        {
            "input": "33 47 79 85",
            "output": "79"
        },
        {
            "input": "51 36 46 10 84 21 100 3 76 52 53 11 74 71 45 55 43 40 9",
            "output": "84"
        },
        {
            "input": "23 40 29 63 51 28 92 66 38 10",
            "output": "66"
        },
        {
            "input": "2 89 72 34 99 16",
            "output": "89"
        },
        {
            "input": "63 86 10 72 2 58",
            "output": "72"
        },
        {
            "input": "49 66 5 56 59 31 14 87",
            "output": "66"
        },
        {
            "input": "5 40 83",
            "output": "40"
        },
        {
            "input": "65 95 71 18 79 53 41",
            "output": "79"
        },
        {
            "input": "35 7 21 23 64 74 48 11 97 14 53 73 30",
            "output": "74"
        },
        {
            "input": "94 52 22 63 86 69 40 85 95 65 77 71 67 49 88 17",
            "output": "94"
        },
        {
            "input": "31 89 43",
            "output": "43"
        },
        {
            "input": "22 39 99 86 44 53 69 23 31",
            "output": "86"
        },
        {
            "input": "17 24 43 40 21 52 91",
            "output": "52"
        },
        {
            "input": "89 69 60 28",
            "output": "69"
        },
        {
            "input": "33 10 24",
            "output": "24"
        },
        {
            "input": "44 73 26 15 86 57 71 46 13 82 87 5 95 59 37 96 92 11",
            "output": "95"
        },
        {
            "input": "72 73 95 5 93 11 19 25 1 32 86 31 56 94 83 37 99",
            "output": "95"
        },
        {
            "input": "83 90 80 23 20 62 17 47 73 49 5 7 98 59",
            "output": "90"
        },
        {
            "input": "9 97 54 3 26 65 60",
            "output": "65"
        },
        {
            "input": "48 1 100 78 30 74 15 69 91",
            "output": "91"
        },
        {
            "input": "12 35 76 93 51 53 81 46 99 2 22 68",
            "output": "93"
        },
        {
            "input": "54 2 70 53 69 74 97 17 90 48",
            "output": "90"
        },
        {
            "input": "20 33 92 86",
            "output": "86"
        },
        {
            "input": "76 17 80 95 23 84",
            "output": "84"
        },
        {
            "input": "85 69 98 73 58 55 18 35",
            "output": "85"
        },
        {
            "input": "100 29 64 43 25 97 50 12 57 14 67 77 80 83 15 26 93",
            "output": "97"
        },
        {
            "input": "78 37 7 35 95 33 56 54 73 84 50 26 34 66 69 36",
            "output": "84"
        },
        {
            "input": "88 18 66 100 4 6 15 86 39 76 37 60 94 54 29 89 33",
            "output": "94"
        },
        {
            "input": "100 93 76 24 32 69 10 52 74 2 45 46 26",
            "output": "93"
        },
        {
            "input": "29 81 25 11 71 94 48 20 41 2 100 18 7 65 39 44 24",
            "output": "94"
        },
        {
            "input": "93 53 24 59 84 48 14",
            "output": "84"
        },
        {
            "input": "86 1 47 34 37 98 92 46 61 71 91 18 40 49 89 39",
            "output": "92"
        },
        {
            "input": "57 65 3 66 16 84 43 99 25",
            "output": "84"
        },
        {
            "input": "4 29 11 36 19 10 20 13 80 52 100 64",
            "output": "80"
        },
        {
            "input": "84 31 67 77 72 60 57 19 69",
            "output": "77"
        },
        {
            "input": "24 30 29 91 14 77 84 40 44 67 43 59",
            "output": "84"
        },
        {
            "input": "34 89 68 86 17 92 42 77 74 10 25 24 60 8 36",
            "output": "89"
        },
        {
            "input": "95 100 46 10 66 53 56 68 4 98 75 45 13 72",
            "output": "98"
        },
        {
            "input": "14 87 21 19 2 34 26 31 32 63 65 12 97",
            "output": "87"
        },
        {
            "input": "91 11 45 48 3 81 92 22 31 89 24 18 44 35 47",
            "output": "91"
        },
        {
            "input": "4 53 78 41 77 48 24 69 19 9 47 45 90 38 11",
            "output": "78"
        },
        {
            "input": "35 75 22 21 93 19 37 40 3 76 7 99 90",
            "output": "93"
        },
        {
            "input": "80 19 55 37 24 12 69 91 57 61 64 73 36",
            "output": "80"
        },
        {
            "input": "16 3 58 18 75 53 50 22 81 26 19 98 88",
            "output": "88"
        },
        {
            "input": "57 60 79 13 40 21 69 41 8 5 96 2 68 10 56",
            "output": "79"
        },
        {
            "input": "18 83 79 24 34 13 89 9 46 40 48 77",
            "output": "83"
        },
        {
            "input": "26 3 93",
            "output": "26"
        },
        {
            "input": "28 29 99 87 27 71 40 21 88 45 62 20",
            "output": "88"
        },
        {
            "input": "7 72 45 16 49 26 66 54 64 8 17 100 52 98 41 84 9",
            "output": "98"
        },
        {
            "input": "94 46 29 18 60",
            "output": "60"
        },
        {
            "input": "39 43 63 59 61 50 73 8 26",
            "output": "63"
        },
        {
            "input": "24 79 71 44 28 51 1 36 83 59 15 18",
            "output": "79"
        },
        {
            "input": "63 68 4 74 2 29 77 38 52 61 9 48 16 24",
            "output": "74"
        },
        {
            "input": "86 29 33 56 94 24 82 41 98 74 43 16 51 36 53",
            "output": "94"
        },
        {
            "input": "52 64 46 16 17 75 98 65 96 29 68",
            "output": "96"
        },
        {
            "input": "64 96 36 94 58 27 48 92 45 60 66 75 6",
            "output": "94"
        },
        {
            "input": "76 78 26 88 72 93 49 9 10 11",
            "output": "88"
        },
        {
            "input": "33 37 4 74 29 90 54 95 39 2",
            "output": "90"
        },
        {
            "input": "34 1 31 24 53 76 65 54 52 96 68 74 28 17 85 81 75 27 3 62",
            "output": "85"
        },
        {
            "input": "52 47 54 85 42 67 33 25 57 49 18",
            "output": "67"
        },
        {
            "input": "59 56 83 15 20 29 12 72 94 16 23 48 87 44",
            "output": "87"
        },
        {
            "input": "81 68 97 93 47 24 89 71 49 22 57 15 87 26 40 70 41 17",
            "output": "93"
        },
        {
            "input": "66 95 61 16 87 69 53 63 14 35 9 3",
            "output": "87"
        },
        {
            "input": "28 58 84 23 60 40 85 10 41 45 6 4",
            "output": "84"
        },
        {
            "input": "45 28 71 18 26 11 48 12 17 39",
            "output": "48"
        },
        {
            "input": "5 63 29 11 44",
            "output": "44"
        },
        {
            "input": "28 33 77 30 17 19 43 90 13 85 60 70 12 100 95 36 48 99",
            "output": "99"
        },
        {
            "input": "22 15 17",
            "output": "17"
        },
        {
            "input": "63 62 14 5 56 36 18 94 76",
            "output": "76"
        },
        {
            "input": "16 90 67 30 35 36 96 32 26 76 68 27 79 44 39 31 10 65",
            "output": "90"
        },
        {
            "input": "5 55 46 13 83",
            "output": "55"
        },
        {
            "input": "60 2 3 50 30 11",
            "output": "50"
        },
        {
            "input": "1 35 3 21 44 49 89 13 62 23 94 78 95 59 45",
            "output": "94"
        },
        {
            "input": "77 6 81 95",
            "output": "81"
        },
        {
            "input": "38 74 39 61 100 55 85",
            "output": "85"
        },
        {
            "input": "80 11 85 99",
            "output": "85"
        },
        {
            "input": "63 29 39 98 67 22 74 20 58 46 17 40 36 62",
            "output": "74"
        },
        {
            "input": "98 100 15 94 73 7 49 5 26 82 50 9 87 96 92 75",
            "output": "98"
        },
        {
            "input": "42 52 17 48 33 36 91 54 66 75 84 31 13",
            "output": "84"
        },
        {
            "input": "17 65 31 38 90",
            "output": "65"
        },
        {
            "input": "34 98 24 80 50",
            "output": "80"
        },
        {
            "input": "10 8 53 92 15 54 81 100 13 82 26 57",
            "output": "92"
        },
        {
            "input": "73 54 63 11 1 58 6 57 43 94 38 83",
            "output": "83"
        },
        {
            "input": "63 37 71 75 52 45 83 41 96 60 87 57 65 81 97 76 16 46 33 54",
            "output": "96"
        },
        {
            "input": "33 14 12 73 2",
            "output": "33"
        },
        {
            "input": "7 23 95 83 41 13 3 65 70",
            "output": "83"
        },
        {
            "input": "67 16 15 79 29",
            "output": "67"
        },
        {
            "input": "88 81 30 38 7",
            "output": "81"
        },
        {
            "input": "93 90 97 82 70",
            "output": "93"
        },
        {
            "input": "56 65 61 45 79 96 83 77",
            "output": "83"
        },
        {
            "input": "74 71 17 73 80 7 84 66 95 86 69 96 52 100",
            "output": "96"
        },
        {
            "input": "93 47 27 71 54 70 42 46 32 21 67 39 78 74",
            "output": "78"
        },
        {
            "input": "78 95 10 60 63 59 21 76 8 19 70 52 31 56 51 73 80",
            "output": "80"
        },
        {
            "input": "83 53 89 70 36 47 66 40 35 81 25 16 52 82 21 74",
            "output": "83"
        },
        {
            "input": "54 5 56 82 53",
            "output": "56"
        },
        {
            "input": "75 44 82",
            "output": "75"
        },
        {
            "input": "7 40 80 57 34 25 19 35 73 56 15 68 79 98 69",
            "output": "80"
        },
        {
            "input": "24 15 6 9",
            "output": "15"
        },
        {
            "input": "8 40 93 98 65 48 49",
            "output": "93"
        },
        {
            "input": "84 49 85 71 83 21 82 5 94 95",
            "output": "94"
        },
        {
            "input": "64 93 100 61 73 90",
            "output": "93"
        },
        {
            "input": "70 29 100 92 64 60 59 77 56 74 90",
            "output": "92"
        },
        {
            "input": "8 95 16 55 79 20 47 42 5 43 39",
            "output": "79"
        },
        {
            "input": "70 3 100 35 19 6 74 21",
            "output": "74"
        },
        {
            "input": "26 29 74 63 41 69",
            "output": "69"
        },
        {
            "input": "22 50 87 70",
            "output": "70"
        },
        {
            "input": "3 85 61 13 53",
            "output": "61"
        },
        {
            "input": "93 5 92 78 33",
            "output": "92"
        },
        {
            "input": "16 25 68",
            "output": "25"
        },
        {
            "input": "76 19 35 69 85 92 56",
            "output": "85"
        },
        {
            "input": "95 91 48 59 74 82 66 34 17 73 77 89 4 54 45 23 38",
            "output": "91"
        },
        {
            "input": "15 75 43 74",
            "output": "74"
        },
        {
            "input": "11 100 77 3 4 75 31 49 56",
            "output": "77"
        },
        {
            "input": "3 48 88 42 37 41 72 1",
            "output": "72"
        },
        {
            "input": "24 46 22 75",
            "output": "46"
        },
        {
            "input": "48 37 96 41 46 80 16 53 66 27 64 63 18 82 11",
            "output": "82"
        },
        {
            "input": "11 91 18 19 80 9 96 28 98 46 25 57 100 17 53 13 50 62",
            "output": "98"
        },
        {
            "input": "51 48 89 49 8 25 27 4",
            "output": "51"
        },
        {
            "input": "54 85 69 52 46 95 96",
            "output": "95"
        },
        {
            "input": "80 62 22 66 73 25 37 69 20 31 40 49 56",
            "output": "73"
        },
        {
            "input": "6 70 99 12 58 8 56 25 22 17 20 32 97 41",
            "output": "97"
        },
        {
            "input": "25 49 3",
            "output": "25"
        },
        {
            "input": "54 14 35 97 49 30 89 88 50 39 21",
            "output": "89"
        },
        {
            "input": "45 48 26 82 30 23 50 87 3 75 93 88 25 79 52 84 71 57",
            "output": "88"
        },
        {
            "input": "26 8 23 86 100 84 20 55 93 87 41 21 92 69",
            "output": "93"
        },
        {
            "input": "10 59 49 75 51 73 21",
            "output": "73"
        },
        {
            "input": "88 45 44 80 97 76 1 47 3 4 54",
            "output": "88"
        },
        {
            "input": "78 46 86 97 82 47 27 32 65 34 38 64 63 3 50 41 20",
            "output": "86"
        },
        {
            "input": "96 78 45",
            "output": "78"
        },
        {
            "input": "74 46 43 9 97 16 45 61 38 41 72 66 98 11",
            "output": "97"
        },
        {
            "input": "77 69 91 97 57 64 19 96 7 95 32",
            "output": "96"
        },
        {
            "input": "56 99 47 92 50 67",
            "output": "92"
        },
        {
            "input": "29 63 95 34 19 66 22 96 15 68 54 37 1 91",
            "output": "95"
        },
        {
            "input": "61 1 62 23 8 18 58 78 59 31",
            "output": "62"
        },
        {
            "input": "72 59 85 24 62 60 51 54 70",
            "output": "72"
        },
        {
            "input": "91 5 14",
            "output": "14"
        },
        {
            "input": "99 69 84 17 85 73 78",
            "output": "85"
        },
        {
            "input": "55 89 27 88 48 77 47 20 60 12 22 19 85 33 74 1 42 68",
            "output": "88"
        },
        {
            "input": "82 1 60 88 90 2 14",
            "output": "88"
        },
        {
            "input": "48 88 32 3",
            "output": "48"
        },
        {
            "input": "36 8 61 40 33 34 45 10 24 88",
            "output": "61"
        },
        {
            "input": "80 83 1 40 79 86 64 25 23 5 93 12",
            "output": "86"
        },
        {
            "input": "97 57 58 67 26 72 16",
            "output": "72"
        },
        {
            "input": "76 89 27 15 99 55 74 96 68 34 79",
            "output": "96"
        },
        {
            "input": "82 44 23 20 79 94 9 81 52 61 70 62",
            "output": "82"
        },
        {
            "input": "25 83 44 15 70 94 71 37 67 5 43 29 50 73 17 41 93 12",
            "output": "93"
        },
        {
            "input": "9 79 91 60 16 32 70 2 12 81 7",
            "output": "81"
        },
        {
            "input": "24 13 17 80 29 90 82 66 37 44 28 4",
            "output": "82"
        },
        {
            "input": "28 64 54 19 14 72 49 48 88 89 98 78",
            "output": "89"
        },
        {
            "input": "81 25 13 95 78 80 14 68 16 75 11 51 74 72",
            "output": "81"
        },
        {
            "input": "98 68 3 72 64 78 58 16 5 73 19 13 29 46 1",
            "output": "78"
        },
        {
            "input": "74 68 28 38 83",
            "output": "74"
        },
        {
            "input": "25 29 8 93 46 67",
            "output": "67"
        },
        {
            "input": "61 26 14 75 56 81 16 53 45 7 1 47 30 66 43 86 65",
            "output": "81"
        },
        {
            "input": "90 43 88 34 13 52 94 15",
            "output": "90"
        },
        {
            "input": "59 10 19 71 92 81 22 42 74 12 91 5 33 7",
            "output": "91"
        },
        {
            "input": "66 33 8 28 37 53 38 17 79 54 95 27 16 5 31 86 36 93 76",
            "output": "93"
        },
        {
            "input": "22 62 34 6 66 7 26",
            "output": "62"
        },
        {
            "input": "74 69 4 93 64 24 97 61",
            "output": "93"
        },
        {
            "input": "50 35 99 74",
            "output": "74"
        },
        {
            "input": "66 52 85",
            "output": "66"
        },
        {
            "input": "62 54 45 50",
            "output": "54"
        },
        {
            "input": "63 5 72 34",
            "output": "63"
        },
        {
            "input": "46 70 69 24 81 37 97 32 39 94 92 10 62 95 43 5 22",
            "output": "95"
        },
        {
            "input": "93 58 11 76 21 63 20 69 29 32 46 40 28 68 10",
            "output": "76"
        },
        {
            "input": "72 10 78 48 45 96 4 76 42 21 39",
            "output": "78"
        },
        {
            "input": "13 92 86 55 69 41",
            "output": "86"
        },
        {
            "input": "68 17 2 38 53 80 66 69 84",
            "output": "80"
        },
        {
            "input": "77 42 48 10 82",
            "output": "77"
        },
        {
            "input": "35 95 61 7 59 45 88 6 63 29 78",
            "output": "88"
        },
        {
            "input": "71 95 26 21 8 64 67 85 52 13 79 92 32",
            "output": "92"
        },
        {
            "input": "13 31 52 14 12 50 84 61 92 82 48 88 89 91",
            "output": "91"
        },
        {
            "input": "8 72 50 97 37 28 2 60 13 89 77 11 85 7",
            "output": "89"
        },
        {
            "input": "61 32 54 94 53 4 40 89 26",
            "output": "89"
        },
        {
            "input": "24 53 19 95 41 9 16 92 80 50 90 97 72 67",
            "output": "95"
        },
        {
            "input": "53 6 91 20 8 10 9 1 74",
            "output": "74"
        },
        {
            "input": "78 30 39 72 3",
            "output": "72"
        },
        {
            "input": "41 49 43 66 33 17 71 9 51",
            "output": "66"
        },
        {
            "input": "63 99 56 34 23 45 41 2 3 90 62 31 6 81",
            "output": "90"
        },
        {
            "input": "75 89 78 73 51 38 87 20 36 60 94 56 10 57 9 97 35",
            "output": "94"
        },
        {
            "input": "11 40 20 76 67",
            "output": "67"
        },
        {
            "input": "17 7 54 77 52 14 57 37 61 56 23 66 35",
            "output": "66"
        },
        {
            "input": "37 75 94",
            "output": "75"
        },
        {
            "input": "72 83 95 25 78 94 75 5 58 34 89 24",
            "output": "94"
        },
        {
            "input": "79 52 83 70 80 7 41 86 13 60 43 33 37 74 77",
            "output": "83"
        },
        {
            "input": "30 41 6 91 16 38 13 26 40 68 95 46 47 1 66 84 90 29 2",
            "output": "91"
        },
        {
            "input": "66 50 61 39 88 84 15 21 51 98 33 27 71 68 91 22",
            "output": "91"
        },
        {
            "input": "56 100 38 4",
            "output": "56"
        },
        {
            "input": "42 80 62",
            "output": "62"
        },
        {
            "input": "8 85 73 62 54 5 68",
            "output": "73"
        },
        {
            "input": "44 66 26 100 18 8 80 86 83 62 72 4 49 55 38 71 89 27",
            "output": "89"
        },
        {
            "input": "60 68 84 62 95 8 17 82 37 64 67 76 50 29",
            "output": "84"
        },
        {
            "input": "20 95 77 5 67 96 16 18",
            "output": "95"
        },
        {
            "input": "15 34 59 53 78 32",
            "output": "59"
        },
        {
            "input": "94 55 85 46 80 90 70 38 97 79 58 61 57 87 63 82 78",
            "output": "94"
        },
        {
            "input": "93 62 28",
            "output": "62"
        },
        {
            "input": "3 99 68 25 97 96 4 45 76 19 69 39 51 24 9",
            "output": "97"
        },
        {
            "input": "42 43 73 3 27 60 31 47 85",
            "output": "73"
        },
        {
            "input": "60 2 83 56 37 22 29 86 53 77 74 4 27 52",
            "output": "83"
        },
        {
            "input": "25 61",
            "output": "25"
        },
        {
            "input": "71 28 29 70 19 62 99",
            "output": "71"
        },
        {
            "input": "61 21 80 37 44 50 41 5 85 58 23 35 8 83",
            "output": "83"
        },
        {
            "input": "5 66 72 88 85 65 80 95 67 13 25 89 59 35 39 37 51",
            "output": "89"
        },
        {
            "input": "8 28 80 11 7 63 19 4 49 78 62 72 65 74",
            "output": "78"
        },
        {
            "input": "5 60 30 31 22 28 21 82 68 83 42",
            "output": "82"
        },
        {
            "input": "22 2 74 78 71 53 27 90 87",
            "output": "87"
        },
        {
            "input": "82 71 40",
            "output": "71"
        },
        {
            "input": "12 48 81 86 26 93 88 75 40 62 56 55 69 91 84 58 77 15",
            "output": "91"
        },
        {
            "input": "50 3 37 69",
            "output": "50"
        },
        {
            "input": "78 81 23 84 70 28 57 31 43 59 74 33",
            "output": "81"
        },
        {
            "input": "72 37 91 13 8 84 9 74 47",
            "output": "84"
        },
        {
            "input": "37 63 19 97 91 10",
            "output": "91"
        },
        {
            "input": "31 47 57 64 77 22 2 76 53 43 16",
            "output": "76"
        },
        {
            "input": "89 28 37 96 22 31 13 93 77 21 70 1 55",
            "output": "93"
        },
        {
            "input": "61 37 31 26 1 79 52 76 33",
            "output": "76"
        },
        {
            "input": "14 58 67 66 1 20",
            "output": "66"
        },
        {
            "input": "63 13 96 55 2",
            "output": "63"
        },
        {
            "input": "99 52 20 37 96",
            "output": "96"
        },
        {
            "input": "28 61 82 20 35",
            "output": "61"
        },
        {
            "input": "39 51 75 57 44 16 10 79 71 82 87 91 58 38 43 15 11 65",
            "output": "87"
        },
        {
            "input": "34 2 68 4 15 72 90 96 13 97 41 17",
            "output": "96"
        },
        {
            "input": "29 12 4 47 60 45",
            "output": "47"
        },
        {
            "input": "30 42 11 41",
            "output": "41"
        },
        {
            "input": "48 6 29 56 92 33 99 90 22",
            "output": "92"
        },
        {
            "input": "14 69 48 97 57 73 13 88 53 51 40 87 74",
            "output": "88"
        },
        {
            "input": "19 40 80 78 91 98 82 76 58 3 60 38 4",
            "output": "91"
        },
        {
            "input": "9 59 12 97 36",
            "output": "59"
        },
        {
            "input": "76 16 58 44 22 67 3 97 9 57 94 35 37",
            "output": "94"
        },
        {
            "input": "25 65 80 19",
            "output": "65"
        },
        {
            "input": "7 62 57 78 51 83 39 1 90 17 68 66 55",
            "output": "83"
        },
        {
            "input": "53 29 99 43",
            "output": "53"
        },
        {
            "input": "61 81 12 67 23 41 84 100 24 92 54 21 48 26 4 93 13 88 1 86",
            "output": "93"
        },
        {
            "input": "78 27 93 15 82 83 98 53 67 3 100 79 21 68 57 17 47 1",
            "output": "98"
        },
        {
            "input": "22 36 10 56 50 34 90 12 27 81 57",
            "output": "81"
        },
        {
            "input": "13 92 30 42 4 6 62 90 41 93",
            "output": "92"
        },
        {
            "input": "33 26 13 39 40 22 29 81 87",
            "output": "81"
        },
        {
            "input": "7 48 89 22 44 9 26",
            "output": "48"
        },
        {
            "input": "99 1 68 70 86 23 97 57 83 75 2 44 34 92 28 20",
            "output": "97"
        },
        {
            "input": "8 39 71 15 22 32 86 98 92 30 21 95 4 35 6 50",
            "output": "95"
        },
        {
            "input": "49 7 55",
            "output": "49"
        },
        {
            "input": "49 64 88 33 1",
            "output": "64"
        },
        {
            "input": "8 64 60 1",
            "output": "60"
        },
        {
            "input": "55 15 99 16 61 67 40 75 66 88 81 76 78 49 92 53 85",
            "output": "92"
        },
        {
            "input": "23 36 94 31 58 15 33 76 19 12 67 34 96 48 63 72 43",
            "output": "94"
        },
        {
            "input": "42 78 1 38 92 68 91 12 73 74 67 58 100 28 27 75 61",
            "output": "92"
        },
        {
            "input": "3 86 82 12 69 60 20 9 36 8 74 63",
            "output": "82"
        },
        {
            "input": "97 46 26 20 6 90 42 89 87",
            "output": "90"
        },
        {
            "input": "53 76 45 43 31 6 89 51 25 87 79 74 40 78 85 33 17",
            "output": "87"
        },
        {
            "input": "28 1 91 90 37",
            "output": "90"
        },
        {
            "input": "42 58 10 13 33 46 51 96 72 11 30 69 34 14 91 97 89",
            "output": "96"
        },
        {
            "input": "32 59 16 57",
            "output": "57"
        },
        {
            "input": "61 40 25 83 84 17 79 56 31 54 44 21 50 19 86 4 90",
            "output": "86"
        },
        {
            "input": "61 62 89 20 29 3 84 40 11 65",
            "output": "84"
        },
        {
            "input": "52 10 90 17 98 3 97 67 57 83 75 92 1 62",
            "output": "97"
        },
        {
            "input": "47 91 98 77 57",
            "output": "91"
        },
        {
            "input": "89 26 31 91 27 61 3 75 76",
            "output": "89"
        },
        {
            "input": "93 100 29 28 26 3 52 30 81 46 50 83 34 55 14 96",
            "output": "96"
        },
        {
            "input": "7 42 100 35 64",
            "output": "64"
        },
        {
            "input": "87 30 71 78 54",
            "output": "78"
        },
        {
            "input": "16 91 85 25 17 39 34 26 27 77 4 57 40",
            "output": "85"
        },
        {
            "input": "18 21 66 77 63",
            "output": "66"
        },
        {
            "input": "28 18 83 1 42 30 100 77 52 63 23",
            "output": "83"
        },
        {
            "input": "24 25 60 28 77 46 42 20 44 6 81 76",
            "output": "77"
        },
        {
            "input": "4 3 78 2 93 80 98 44 65 27 91 1 30",
            "output": "93"
        },
        {
            "input": "29 26 15",
            "output": "26"
        },
        {
            "input": "14 88 94 62 48 97 33 8 56",
            "output": "94"
        },
        {
            "input": "20 93 34 58 38 10 71 2 75 6 73 25 27 13",
            "output": "75"
        },
        {
            "input": "30 29 70 89 44 13 68 93 65 90 42 92 39 80 37 3 81 12 27",
            "output": "92"
        },
        {
            "input": "61 5 90 30 3",
            "output": "61"
        },
        {
            "input": "79 18 24",
            "output": "24"
        },
        {
            "input": "63 49 50 31 80 76 11 70 82 51 95 96 98 16 61 66 12 94 8",
            "output": "96"
        },
        {
            "input": "82 5 6 45 31 35 84 41 34 43 99",
            "output": "84"
        },
        {
            "input": "53 59 6 84 94 98 42 24 79 85 61 39 76",
            "output": "94"
        },
        {
            "input": "23 48 62 22 87 8 96 64 16",
            "output": "87"
        },
        {
            "input": "65 92 46 37 1 76 23 86 60 36 91 53 32 75 70 26 47",
            "output": "91"
        },
        {
            "input": "18 85 39 87 15 45 37 8 9 43 83 50 20 33 17",
            "output": "85"
        },
        {
            "input": "78 48 77 99 18 23 46",
            "output": "78"
        },
        {
            "input": "24 38 8 80 6 15 29 50 12 77 32 4 1 60 83 74 39 65 85 87",
            "output": "85"
        },
        {
            "input": "68 93 59 54 90 46 8 27 79 74 4 64 84 78 1 42",
            "output": "90"
        },
        {
            "input": "58 2 93 43 4 22 29",
            "output": "58"
        },
        {
            "input": "82 50 53 86 63 74 47 35 49 33 94 43 41 22 99 97 77",
            "output": "97"
        },
        {
            "input": "76 1 40 86 62 32 30 69 91 82 17 35 54 90 79 68 16",
            "output": "90"
        },
        {
            "input": "70 47 82 94 76 61 58 65 48 86 54 34 90",
            "output": "90"
        },
        {
            "input": "25 52 84 15 94 35 53 13 24 26 83 17 40 88 6",
            "output": "88"
        },
        {
            "input": "45 4 46 30 27 43",
            "output": "45"
        },
        {
            "input": "92 53 63 18",
            "output": "63"
        },
        {
            "input": "26 87 38 88 30 48 77",
            "output": "87"
        },
        {
            "input": "1 83 39 55",
            "output": "55"
        },
        {
            "input": "70 61 21 8",
            "output": "61"
        },
        {
            "input": "21 81 27 52",
            "output": "52"
        },
        {
            "input": "97 5 95",
            "output": "95"
        },
        {
            "input": "19 94 86 53 9 39 79 59 11 96 15 89 90 83 58",
            "output": "94"
        },
        {
            "input": "35 71 67 46 55 31 56 65 97 78 73 72 59",
            "output": "78"
        },
        {
            "input": "35 67 62 29 78 10 56 63 80 14 65 83",
            "output": "80"
        },
        {
            "input": "3 45 72 4 25 30 82 95 53 7 59 58 48 49 36",
            "output": "82"
        },
        {
            "input": "1 97 51 96 54 99 40 32 94 84 23 20 66 81 85 28",
            "output": "97"
        },
        {
            "input": "58 52 43 46 35 42 99 72 59 4 8 82 10 50 39 57",
            "output": "82"
        },
        {
            "input": "3 27 12 30 60 21 34 59 48 94 92",
            "output": "92"
        },
        {
            "input": "33 98 95 42 25",
            "output": "95"
        },
        {
            "input": "51 33 36 69 76 31",
            "output": "69"
        },
        {
            "input": "16 62 36 5",
            "output": "36"
        },
        {
            "input": "94 97 53 51 75 84 86 37 27 19 38 31 11 61 100 56 79",
            "output": "97"
        },
        {
            "input": "54 56 16 65 55 99 81 51 3 62 14 30 27 93 80 39 75",
            "output": "93"
        },
        {
            "input": "93 79 60 69 76 8",
            "output": "79"
        },
        {
            "input": "71 29 28",
            "output": "29"
        },
        {
            "input": "3 87 72 68 83 78 7 2 80 13 37 47 59 71",
            "output": "83"
        },
        {
            "input": "43 99 27 6 58",
            "output": "58"
        },
        {
            "input": "92 71 47 84 59 30 28",
            "output": "84"
        },
        {
            "input": "8 15 91 71 10 25 9 5 89 88 68",
            "output": "89"
        },
        {
            "input": "7 49 22 91 96 51 42 20 70 35 31 60 16 67 57 76 23",
            "output": "91"
        },
        {
            "input": "25 99 19 32 48 58 85 49 62 78 83 73 6",
            "output": "85"
        },
        {
            "input": "72 55",
            "output": "55"
        },
        {
            "input": "78 53 28 70 19 58 30 71 92 83 37 87 99 79 21",
            "output": "92"
        },
        {
            "input": "59 91 22 11 89 32 99 68 53 94 60 20",
            "output": "94"
        },
        {
            "input": "41 20 25 6 1 19 46 17 3 43 37 90 51 52",
            "output": "52"
        },
        {
            "input": "58 47 96 45 100 1 5 77 44 68 30 38 34",
            "output": "96"
        },
        {
            "input": "57 13 74 7 5 54 33 93 2",
            "output": "74"
        },
        {
            "input": "94 7 49 95 82 64 62 47 24 31 22 61 92 91 33 32 1 75 85 23",
            "output": "94"
        },
        {
            "input": "70 63 98 56 64 74 76 37 4 17 39 51 77 6 11 53 55 19 67",
            "output": "77"
        },
        {
            "input": "38 20 53 62 74 11 40 79 10 82 73 17 14",
            "output": "79"
        },
        {
            "input": "43 54 15",
            "output": "43"
        },
        {
            "input": "88 4 89 35 51 76 63 33 97 29 34 93 50 42 38 100 14 87 43",
            "output": "97"
        },
        {
            "input": "61 37 84 92 51 74 88 2 50 33 31 80 21",
            "output": "88"
        },
        {
            "input": "6 96 49 13 38 73 26",
            "output": "73"
        },
        {
            "input": "36 85 92 94 3 48 31 43 66 52 4 5 77 72 1 84",
            "output": "92"
        },
        {
            "input": "10 63 73 68",
            "output": "68"
        },
        {
            "input": "15 79 28 78 34 12 85 77 70 76 97 88 54 7 20 11 21 3 74",
            "output": "88"
        },
        {
            "input": "4 7 54 97 91 72 64 98 10 39 89 34 11 100 31 57 15",
            "output": "98"
        },
        {
            "input": "24 49 9 88 32 33 47 5 60 82 18 19 85 38",
            "output": "85"
        },
        {
            "input": "29 58 12 17 14 87 24 2 48 71 31 86 61 63 94 88",
            "output": "88"
        },
        {
            "input": "5 49 58 66 74 100 16 24 35 59 31 17 99 37 39 33",
            "output": "99"
        },
        {
            "input": "27 4 55 98 69 68 77 16 28 73 56 53 7 66 13 58 74",
            "output": "77"
        },
        {
            "input": "64 63 87 98 51 33 56 71",
            "output": "87"
        },
        {
            "input": "67 58 94 18 11",
            "output": "67"
        },
        {
            "input": "88 67 23 73 68 100 65 39 72 81 26 43 10 56 93",
            "output": "93"
        },
        {
            "input": "54 52 29 75 51 45 69 10 23 27 91",
            "output": "75"
        },
        {
            "input": "53 84 77 51 12 16 19 80 93 11 6 95 99 96 34 31 81 43 69",
            "output": "96"
        },
        {
            "input": "25 47 63 70 69 90 72 85 23",
            "output": "85"
        },
        {
            "input": "25 86 52 27",
            "output": "52"
        },
        {
            "input": "92 60 16 36 82 7 24 94 21 19 50 46 89 54 61",
            "output": "92"
        },
        {
            "input": "92 7 89 79 97 42 66 64 10 90 96 48 45 27 93 9",
            "output": "96"
        },
        {
            "input": "73 25 5 79 46 95 65 52 30 35 80 37 36 70",
            "output": "80"
        },
        {
            "input": "32 65 20 2 42 81 29",
            "output": "65"
        },
        {
            "input": "96 45 18 52 88",
            "output": "88"
        },
        {
            "input": "9 46 42 47 24 62 43 95 74 39 10 81",
            "output": "81"
        },
        {
            "input": "2 38 100 55 9 51 36 12 58 18 97 5",
            "output": "97"
        },
        {
            "input": "96 60 98 81 92 86 80",
            "output": "96"
        },
        {
            "input": "83 4 64 12 72 43 88 62 35 17 24 55 5 3 73 93 66 90",
            "output": "90"
        },
        {
            "input": "69 39 23 16 89 29 28 93 57 24 30 12 71 87 43",
            "output": "89"
        },
        {
            "input": "34 31 27 82 85 75 43 21 41 94 84 37 74 54 95",
            "output": "94"
        },
        {
            "input": "54 31 62 91 14 86 1 46 95 15 40 5 56 99 84 100 24 13",
            "output": "99"
        },
        {
            "input": "76 62 99 35 15 74 27 21 51 67 24 90 64 96 85 93 55 50",
            "output": "96"
        },
        {
            "input": "12 18 86 55 40 54 5 50 62 4 64 36 25 96 60",
            "output": "86"
        },
        {
            "input": "57 8 20 44 6 96 37 23 2 32 42 83 90 12 74 9 86 81",
            "output": "90"
        },
        {
            "input": "98 96 83 27 19 73 42 62 95 53 33 77 99 63",
            "output": "98"
        },
        {
            "input": "20 85 43 31 96 57 4 89 75 13 83 41",
            "output": "89"
        },
        {
            "input": "39 73 36 20 86 53 41 29 80 8 18",
            "output": "80"
        },
        {
            "input": "30 52 63 93 24 50 69 60 4 56 79 39 17 97",
            "output": "93"
        },
        {
            "input": "68 59 51 96",
            "output": "68"
        },
        {
            "input": "17 40 71 93 78 14 43 65 35 89 91 85 52 45 41",
            "output": "91"
        },
        {
            "input": "45 88 95 27 81 75 60 78 1 18 14 68 79 53 73 86",
            "output": "88"
        },
        {
            "input": "58 55 3 80 90 50 74 39 4 10",
            "output": "80"
        },
        {
            "input": "71 90 85 81 43 74 75 40 45 91 67 12 11 99 42 34 77 9",
            "output": "91"
        },
        {
            "input": "22 29 6 16 40 54 64",
            "output": "54"
        },
        {
            "input": "52 27 54 58 29 37 63 26 15 90 61 19 16 77",
            "output": "77"
        },
        {
            "input": "49 77 19 93 73",
            "output": "77"
        },
        {
            "input": "91 60 54 71 11 97 86 4 26 77 47 75 16 56 13 72 40 7",
            "output": "91"
        },
        {
            "input": "80 24 35 10 85 71 50",
            "output": "80"
        },
        {
            "input": "33 57 25 8 54 93 69 5 42 80",
            "output": "80"
        },
        {
            "input": "84 72 20",
            "output": "72"
        },
        {
            "input": "95 28 12 45 93 56 27 91 70 69 13 52 36 83 6",
            "output": "93"
        },
        {
            "input": "99 14 65 81 43 80 76 91 95",
            "output": "95"
        },
        {
            "input": "29 76 60 45 10 84 6 64 53",
            "output": "76"
        },
        {
            "input": "40 74 18",
            "output": "40"
        },
        {
            "input": "62 92 51 68 9 34 48 66 75 44 53 96 98 80 15 18 47",
            "output": "96"
        },
        {
            "input": "75 25 78 18 97 93 72 44 86 9 61 92",
            "output": "93"
        },
        {
            "input": "15 7 68 71 57 11 87 9 62 37 40",
            "output": "71"
        },
        {
            "input": "21 96 13 28 32 12 2 76 57 19 79",
            "output": "79"
        },
        {
            "input": "99 37 53 86 90",
            "output": "90"
        },
        {
            "input": "38 59 47 90 67 49 98 61 29",
            "output": "90"
        },
        {
            "input": "61 45 1 90 44 67 51",
            "output": "67"
        },
        {
            "input": "77 74 95 83 58 61 9 81",
            "output": "83"
        },
        {
            "input": "96 100 33 16 17 8 3 27 64 94 92 73 40",
            "output": "96"
        },
        {
            "input": "69 5 27 33 79 67 18 39 70 48 41 11 17 63",
            "output": "70"
        },
        {
            "input": "79 52 21 50 29 64 42 68 78",
            "output": "78"
        },
        {
            "input": "96 42 64 45 71 93",
            "output": "93"
        },
        {
            "input": "52 40 62 67 57 37 39 83 22 69 36 53 87 70 32 24",
            "output": "83"
        },
        {
            "input": "32 91 51",
            "output": "51"
        },
        {
            "input": "8 5 71 43 57 7 25 52 89 96 93 83 92 60",
            "output": "93"
        }
    ]
}