{
    "id": "simple_array_sum",
    "title": "Simple Array Sum",
    "description": "This is a simple startup problem to get you familiar with array processing. You are provided with a list of integers separated by spaces. Your task is to calculate the total sum of all these integers.",
    "input_format": "A single line containing space-separated integers.",
    "output_format": "Output a single integer representing the sum of all elements in the input list.",
    "constraints": {
        "Array Elements": "-1000 <= element <= 1000",
        "Array Length": "1 <= length <= 100"
    },
    "judge_mode": "FIRST_FAIL",
    "time_limit": 1,
    "sample_test_cases": [
        {
            "input": "1 2 3 4 5",
            "output": "15"
        },
        {
            "input": "10 20 30",
            "output": "60"
        }
    ],
    "hidden_test_cases": [
        {
            "input": "16 75 65 41 69 40 96 27 10 73 37 71 43 62 11 75 63 60",
            "output": "934"
        },
        {
            "input": "100 48 71",
            "output": "219"
        },
        {
            "input": "28 82 15 45",
            "output": "170"
        },
        {
            "input": "82 88 7 21 96 84",
            "output": "378"
        },
        {
            "input": "72 85 38 36 49 88 100 49 61 75 84 84 23 38 32 73 98 6 15 49",
            "output": "1155"
        },
        {
            "input": "55 47 12 30 96 77 86 66",
            "output": "469"
        },
        {
            "input": "81 39 85 35 25 52 70 12 47 60 32 16 75 18 62 72 21 80",
            "output": "882"
        },
        {
            "input": "23 4 51 93",
            "output": "171"
        },
        {
            "input": "60 3 98 84 69 51 16 54 53 35 16 96 11",
            "output": "646"
        },
        {
            "input": "93 62 4 64 5",
            "output": "228"
        },
        {
            "input": "11 88 8 97 52 55 9 14 14 55 59 12 73 34 3 27 71",
            "output": "682"
        },
        {
            "input": "18 39 16 8 85 61 1 32 65",
            "output": "325"
        },
        {
            "input": "19 51 3 52 10",
            "output": "135"
        },
        {
            "input": "7 40 64 39 48 68 2 18 48 85 19",
            "output": "438"
        },
        {
            "input": "63 41 29 77 88 57 16",
            "output": "371"
        },
        {
            "input": "63 66 40 80 50 14 20 58 53 36 26 57 64 89 21 71 61 63",
            "output": "932"
        },
        {
            "input": "100 11 22 16",
            "output": "149"
        },
        {
            "input": "81 99 31 4 26 48 75 74",
            "output": "438"
        },
        {
            "input": "40 47 87 52 46 97 76 55 13 51 77 21 38 59 6 12 91 87",
            "output": "955"
        },
        {
            "input": "33 99 36 84 76 58 42 62 86",
            "output": "576"
        },
        {
            "input": "84 27 95",
            "output": "206"
        },
        {
            "input": "36 96 73 95 94 23 17 55 35 47 47",
            "output": "618"
        },
        {
            "input": "3 74 95 93 28 95",
            "output": "388"
        },
        {
            "input": "6 17 93 11 61 53 4 89 15 17 30 99 83",
            "output": "578"
        },
        {
            "input": "9 8 8 89 92 84 1 64 15 7 87 95 92 5 72 96 68 80 66 7",
            "output": "1045"
        },
        {
            "input": "95 2 10 13 3 54 53 18 10 33 78 2 18 55 14 95 29 16 51 28",
            "output": "677"
        },
        {
            "input": "44 60 70 69 82 38 67 59 62 87 57 13 67 93 26 14 45 6 22 47",
            "output": "1028"
        },
        {
            "input": "4 61 7 10 2 64 87 93 40 10 21 83 26 90 16 69",
            "output": "683"
        },
        {
            "input": "71 17 60 77 8 96 98 84 99",
            "output": "610"
        },
        {
            "input": "42 55 77 96 19 87",
            "output": "376"
        },
        {
            "input": "64 34 3 92 64 84 52 47 43 60 89 15 12 54 65 40 63 11",
            "output": "892"
        },
        {
            "input": "85 80 14 56 54 39 53 90 26 42",
            "output": "539"
        },
        {
            "input": "67 85 34 34",
            "output": "220"
        },
        {
            "input": "65 50 14 6",
            "output": "135"
        },
        {
            "input": "2 74 83 87 78 16 47 61 33 13",
            "output": "494"
        },
        {
            "input": "58 35 87 76 71",
            "output": "327"
        },
        {
            "input": "74 54 13",
            "output": "141"
        },
        {
            "input": "83 36 86 75 5 100 78 46 30 73 3 49 27 2 76 97 46 28 58",
            "output": "998"
        },
        {
            "input": "41 40 81 87 95 19 45 10 47 72 92 11 42 98 9 1 13 21 56 87",
            "output": "967"
        },
        {
            "input": "63 42 85 71 9 65 31",
            "output": "366"
        },
        {
            "input": "1 98 57 13 65 7 24 88 53 46 35",
            "output": "487"
        },
        {
            "input": "16 80 92 5 38 67 89 47 49 7 1",
            "output": "491"
        },
        {
            "input": "57 18 1 28 66 72 31 97 17 82",
            "output": "469"
        },
        {
            "input": "37 38 28 84 92 31 22 85 86 54 32 96 93 98 49",
            "output": "925"
        },
        {
            "input": "4 37 65 76 98 47",
            "output": "327"
        },
        {
            "input": "32 28 80 46 60 52 75 30",
            "output": "403"
        },
        {
            "input": "24 30 24 3 24 97 34 54 13 77 4 7 94 27 16",
            "output": "528"
        },
        {
            "input": "94 45 85 84 45 47 64",
            "output": "464"
        },
        {
            "input": "79 26 92 27 19 59 48 95 55 46 12 91 30 20 92 64 56",
            "output": "911"
        },
        {
            "input": "91 73 45 27 18 61 53 45 96 75 8 22 90",
            "output": "704"
        },
        {
            "input": "20 47 76 23 75 4 65 51 28 59 41 49",
            "output": "538"
        },
        {
            "input": "83 72 28 65 38 39 75 83 23 51 67",
            "output": "624"
        },
        {
            "input": "97 56 81 60 42",
            "output": "336"
        },
        {
            "input": "76 77 89 75 3",
            "output": "320"
        },
        {
            "input": "20 31 84 96 36 29 99 37 50 66 45",
            "output": "593"
        },
        {
            "input": "82 90 14 73 80 84 1 61 31 14 70 88 64 42 48 59 35 42 53",
            "output": "1031"
        },
        {
            "input": "93 5 85 9 76 5 73 79 97 43 5 76 40 68 88",
            "output": "842"
        },
        {
            "input": "56 97 31 100 97 28 96 80 76 81 8 99 69 25 25 10 3",
            "output": "981"
        },
        {
            "input": "43 57 13 6 85 24 78 60 54 10 33 29 12",
            "output": "504"
        },
        {
            "input": "24 1 97 84 80 69 3 61 2 47",
            "output": "468"
        },
        {
            "input": "43 90 95 90 59 43 93 67 19 79",
            "output": "678"
        },
        {
            "input": "2 3 74 58 94 72 52 40 59 30",
            "output": "484"
        },
        {
            "input": "87 94 21 62 66 19 13 61 17 29 27 79 52 5",
            "output": "632"
        },
        {
            "input": "24 56 28 62 25 61 72 75 30 56 21 41 92 65",
            "output": "708"
        },
        {
            "input": "40 74 59 38 69 27 23 36 64",
            "output": "430"
        },
        {
            "input": "54 75 78 97 82 22 66 43 71 13 37 20",
            "output": "658"
        },
        {
            "input": "33 5 19 3 5 26 3 27",
            "output": "121"
        },
        {
            "input": "29 34 97 41 91 79 84 34 8 42 44 75 1 75 12 6 42",
            "output": "794"
        },
        {
            "input": "69 36 67 15",
            "output": "187"
        },
        {
            "input": "13 76 13 53 97 13",
            "output": "265"
        },
        {
            "input": "1 13 8 12 81 44 26",
            "output": "185"
        },
        {
            "input": "72 43 11 98 76 36 39",
            "output": "375"
        },
        {
            "input": "2 3 97 32 27 96 90 89 3 67 28 55 43 4 19 39",
            "output": "694"
        },
        {
            "input": "92 65 15 84 10 26 89 99 13 86 79 91",
            "output": "749"
        },
        {
            "input": "90 24 22 78 61 18 31 98",
            "output": "422"
        },
        {
            "input": "88 57 67 45 78 24 91 73 87 79 8 72 95 8 57",
            "output": "929"
        },
        {
            "input": "78 62 3 81 76 39 21 48 11 50 93 41 25 73",
            "output": "701"
        },
        {
            "input": "35 52 8 39 85 73 29 39 82 94 69",
            "output": "605"
        },
        {
            "input": "93 72 65 8 8 64 56 80",
            "output": "446"
        },
        {
            "input": "60 30 10 92 41 78 87 21 83 39 3 76 4 94 28 37 80",
            "output": "863"
        },
        {
            "input": "56 56 19 4",
            "output": "135"
        },
        {
            "input": "17 60 36 23 80 52",
            "output": "268"
        },
        {
            "input": "100 55 12 46 70 56 27 99",
            "output": "465"
        },
        {
            "input": "6 10 100 38 31",
            "output": "185"
        },
        {
            "input": "31 96 92 75 68 43 81 34 59 96 8 86 91 50 96 6 32",
            "output": "1044"
        },
        {
            "input": "20 42 19 47 12 83 46 64 69 53 17 69 1 22 16 34 86 15 66",
            "output": "781"
        },
        {
            "input": "88 27 61 97 12 18 56 35 99 1 80 26 26 76 98 67",
            "output": "867"
        },
        {
            "input": "40 81 43 52 57 28",
            "output": "301"
        },
        {
            "input": "43 14 84 23 50 63 92 58 41 59 68 99 58 57 15 70 76 97 80 11",
            "output": "1158"
        },
        {
            "input": "79 11 15 22 52",
            "output": "179"
        },
        {
            "input": "51 36 16 89 33 25 43 64 67 92 96 45 79 99 32 48 51",
            "output": "966"
        },
        {
            "input": "85 36 70 29 70 48",
            "output": "338"
        },
        {
            "input": "91 83 9 19 75 19 53 50 64 56 7 44 6",
            "output": "576"
        },
        {
            "input": "16 96 5 34 10 29 53 100 58 88 36 5 62 98",
            "output": "690"
        },
        {
            "input": "6 64 69 54 60 85 26",
            "output": "364"
        },
        {
            "input": "39 65 97",
            "output": "201"
        },
        {
            "input": "11 42 17 68 23 23 78 22 53 88 71 39 40 30 1 42",
            "output": "648"
        },
        {
            "input": "34 19 8 73 93 30",
            "output": "257"
        },
        {
            "input": "15 49 76 89 9 75 82 43 69 23 36 9 12 57 66 82 89",
            "output": "881"
        },
        {
            "input": "93 76 93 60 100 31 86 68 23",
            "output": "630"
        },
        {
            "input": "24 39 6 89 21 44 71 48 83",
            "output": "425"
        },
        {
            "input": "22 46 37 84 55 53 95 18 43 85 14 20 89 6 95 30 50 64 74",
            "output": "980"
        },
        {
            "input": "29 21 51 78 16 59 21 88 49 49 24 86 93",
            "output": "664"
        },
        {
            "input": "47 78 48 50",
            "output": "223"
        },
        {
            "input": "28 27 72 40 34 21 1 67 50 44 84 88 26 15 1 99 93 22 88 7",
            "output": "907"
        },
        {
            "input": "64 52 36 59 73 22 55 54 9 6 65 49 80 45",
            "output": "669"
        },
        {
            "input": "74 22 69 36",
            "output": "201"
        },
        {
            "input": "71 35 7 94 89 73 11 11 83 92 31 14 87 35 55 79 33 77 73 27",
            "output": "1077"
        },
        {
            "input": "3 75 31 43 34 55 45 52 34 71 80",
            "output": "523"
        },
        {
            "input": "30 12 59 88 44 84 78 88 66 32",
            "output": "581"
        },
        {
            "input": "12 83 7 23 48",
            "output": "173"
        },
        {
            "input": "10 57 52 16 75 35",
            "output": "245"
        },
        {
            "input": "89 75 56 32 76 10 25 81 55 76 36 42 9 3 72 48 54 52 2 84",
            "output": "977"
        },
        {
            "input": "67 24 84 15 59 17 57 96 93 50 16 65 94 77 95 27 32 36",
            "output": "1004"
        },
        {
            "input": "25 89 50 75 57 29 73 97 46 53 87 53 24 30 89 66 46",
            "output": "989"
        },
        {
            "input": "1 43 68 50 54 40",
            "output": "256"
        },
        {
            "input": "89 56 50 8 17 44 83 46 47 9 94 58 21 41",
            "output": "663"
        },
        {
            "input": "87 92 21 17 21 1 94 8 58 54 15 50 22 90 83 78",
            "output": "791"
        },
        {
            "input": "9 20 13 31 77 90 63 76 74 66",
            "output": "519"
        },
        {
            "input": "92 82 90 37 68 12 76 48 88",
            "output": "593"
        },
        {
            "input": "76 50 70 53 56 51 17 9 49 83 99 38 20",
            "output": "671"
        },
        {
            "input": "32 60 29 53 49 73",
            "output": "296"
        },
        {
            "input": "60 79 2 98",
            "output": "239"
        },
        {
            "input": "4 82 1 85 72 61",
            "output": "305"
        },
        {
            "input": "36 20 27 62 71 29 86 6 86 29 49 100",
            "output": "601"
        },
        {
            "input": "67 69 72 85 42",
            "output": "335"
        },
        {
            "input": "69 15 57 24 75",
            "output": "240"
        },
        {
            "input": "27 4 30 34",
            "output": "95"
        },
        {
            "input": "5 61 88 57 57 84 59 25 5 10 91 40 19",
            "output": "601"
        },
        {
            "input": "40 32 42 14 25 10 67 33 58 71 69 85 1 38",
            "output": "585"
        },
        {
            "input": "54 95 82 14 89 7 27 9 86",
            "output": "463"
        },
        {
            "input": "73 51 15 35 96 32 45",
            "output": "347"
        },
        {
            "input": "15 58 55 6 33",
            "output": "167"
        },
        {
            "input": "81 25 37 91 27 58 96 17 49 92 41 93 1 51 28 19 74 79 80 74",
            "output": "1113"
        },
        {
            "input": "53 100 79 24 26 4 25 25 3 5 98 9 9 95 93",
            "output": "648"
        },
        {
            "input": "13 6 90 37 72 49 62 67 75 67 77 80 93 56 67 72",
            "output": "983"
        },
        {
            "input": "31 78 13 48 37 36 100 85 96 33 78 63 62 97 64 17 9 28",
            "output": "975"
        },
        {
            "input": "88 47 7 62 19 6 5 33 20 57 42 18 52 89 63 3",
            "output": "611"
        },
        {
            "input": "23 93 32 67 80 13 50",
            "output": "358"
        },
        {
            "input": "40 76 7",
            "output": "123"
        },
        {
            "input": "36 66 45 11 2 76 55 18 61",
            "output": "370"
        },
        {
            "input": "5 84 15 62 7 86",
            "output": "259"
        },
        {
            "input": "76 63 21 69 90 90 93 8 87 32 96 68 16 11 75 41",
            "output": "936"
        },
        {
            "input": "11 1 47 15 75 92 71 10 12 53",
            "output": "387"
        },
        {
            "input": "54 30 63",
            "output": "147"
        },
        {
            "input": "51 1 58 89 11 97",
            "output": "307"
        },
        {
            "input": "12 56 10 34 87 11 44 61 91 50 73 30 7 96",
            "output": "662"
        },
        {
            "input": "14 85 39 68 47 49 56 41 93 23 65 14 48 82 67",
            "output": "791"
        },
        {
            "input": "69 29 71 88 26 91 21 32 33 91 23 17 4 61 86 51 7 53",
            "output": "853"
        },
        {
            "input": "97 92 75 67 96 48",
            "output": "475"
        },
        {
            "input": "6 82 36 82 79 57 11 67 39 5 45",
            "output": "509"
        },
        {
            "input": "25 44 17 2 60 96 60 70 16 9 39 75 49 72 81 74 10 72 75",
            "output": "946"
        },
        {
            "input": "9 97 12 57 19 66 87 36 65 30 45 6 57 46 59 16 77 97",
            "output": "881"
        },
        {
            "input": "92 66 19 1 67 3 90 78 43 91 66",
            "output": "616"
        },
        {
            "input": "26 8 36 96 63 86 28 37 84 53 17 7 24 89 34 13 68",
            "output": "769"
        },
        {
            "input": "21 29 20 17 97 29 62 33 72 65 93 84 8",
            "output": "630"
        },
        {
            "input": "50 6 33 12 71 74 99 81 5 73 16 46 24 5 63 8 19 16 97 73",
            "output": "871"
        },
        {
            "input": "98 79 75 83 33 51 18 28 8 13 92 32 68 65 5",
            "output": "748"
        },
        {
            "input": "44 14 12 59 54",
            "output": "183"
        },
        {
            "input": "4 34 91 72 53 1 24 100 90 21 82 31 26 29 52 4 53 30",
            "output": "797"
        },
        {
            "input": "62 60 72 33",
            "output": "227"
        },
        {
            "input": "99 68 90",
            "output": "257"
        },
        {
            "input": "50 85 62 80 87 95 52",
            "output": "511"
        },
        {
            "input": "98 81 84 51 55 87 97 94 30 45 11 21 48 100 15 92 27 21",
            "output": "1057"
        },
        {
            "input": "65 96 27 63 56 86 28",
            "output": "421"
        },
        {
            "input": "69 85 9 62 36 73 31 80 73 99 34 74 15 8 86 45 51",
            "output": "930"
        },
        {
            "input": "22 35 61 39 33 69 23 26 64 10 2 77 75 64 38",
            "output": "638"
        },
        {
            "input": "45 25 7 85 100 3 25 32 52 32 93 74 22 43 48",
            "output": "686"
        },
        {
            "input": "70 80 77 66",
            "output": "293"
        },
        {
            "input": "15 87 54 44 35 70 76 53 71 61 45 15",
            "output": "626"
        },
        {
            "input": "38 96 91 4 46 75 9 79 49",
            "output": "487"
        },
        {
            "input": "79 91 61 29 66 3 35 66 6",
            "output": "436"
        },
        {
            "input": "67 19 74 64 37 6 35 51 81 50 82 88 94 60 12 91",
            "output": "911"
        },
        {
            "input": "69 61 13 11 83 57 54 78 31 28 93 96 8 100 55 32 92",
            "output": "961"
        },
        {
            "input": "82 59 2 66 71 40 89 65 17 82 81 59 38",
            "output": "751"
        },
        {
            "input": "39 6 97 19 59 30 41 22 52",
            "output": "365"
        },
        {
            "input": "81 62 16 62 15",
            "output": "236"
        },
        {
            "input": "65 7 19 43 77 93 88 81 39 98 30 63 26",
            "output": "729"
        },
        {
            "input": "43 98 40 13 85 74 76 17 86 82 66 80 18 30",
            "output": "808"
        },
        {
            "input": "3 3 86 3 99 45 42 7 42 98 56 8 46",
            "output": "538"
        },
        {
            "input": "72 86 56 71 24 59",
            "output": "368"
        },
        {
            "input": "44 60 93 48",
            "output": "245"
        },
        {
            "input": "3 71 43 21 24 63 73 13 14 44 30 74",
            "output": "473"
        },
        {
            "input": "53 81 1 4",
            "output": "139"
        },
        {
            "input": "65 56 63 89 86 94 32 4",
            "output": "489"
        },
        {
            "input": "75 1 81 28 61 35 8 27 52 39 79 80 23",
            "output": "589"
        },
        {
            "input": "3 25 65 5 97 40 16",
            "output": "251"
        },
        {
            "input": "41 32 37 9",
            "output": "119"
        },
        {
            "input": "78 55 71 8 88 94 97 32 40 12 5 61 92 15 18 88 23 3 8",
            "output": "888"
        },
        {
            "input": "14 94 80",
            "output": "188"
        },
        {
            "input": "95 82 96 44 56",
            "output": "373"
        },
        {
            "input": "63 49 84 31 55 74 58 10 17",
            "output": "441"
        },
        {
            "input": "7 92 93 1 34 7 46 48 41 85 10 61 76 70",
            "output": "671"
        },
        {
            "input": "85 99 99 64 70",
            "output": "417"
        },
        {
            "input": "14 76 93",
            "output": "183"
        },
        {
            "input": "82 73 60 46 39 56 28 78 10 3 6 43",
            "output": "524"
        },
        {
            "input": "23 8 12 95 84 98 41 4 93 74",
            "output": "532"
        },
        {
            "input": "69 41 8 99 88 1 16 23 59 63 27 99 28 19",
            "output": "640"
        },
        {
            "input": "61 66 36 84",
            "output": "247"
        },
        {
            "input": "66 32 87 54 63 22 14 89 33 63 25 36 16 18 46 23 67 74",
            "output": "828"
        },
        {
            "input": "66 98 83 35 6 11 95 89 17 80 32 71 81 37 88 84 54 100 40 68",
            "output": "1235"
        },
        {
            "input": "79 35 73 41 40 63 28 72 67 21 64 98 91 88 11",
            "output": "871"
        },
        {
            "input": "5 26 22 61 28 29 1 52 74 96 3 63",
            "output": "460"
        },
        {
            "input": "1 19 8 99 63 59 3 55 46 42 27 3 68 70 59 98 50 54 55",
            "output": "879"
        },
        {
            "input": "80 94 8 96",
            "output": "278"
        },
        {
            "input": "18 65 16 63 45 98 72 77 26 94 58 23 66 12",
            "output": "733"
        },
        {
            "input": "44 65 29 54 29 42 22 7 32 86 62 94 95 2 81 73 49 41 78",
            "output": "985"
        },
        {
            "input": "96 88 80 86 6 54 98 45 12 12 97",
            "output": "674"
        },
        {
            "input": "65 28 51 15 46 51 79 38 71 32 9 33 32 32 82 78 23",
            "output": "765"
        },
        {
            "input": "93 89 34 21 29 11 69",
            "output": "346"
        },
        {
            "input": "4 19 17 6 43 77",
            "output": "166"
        },
        {
            "input": "4 4 97 48 43 67 33 57 5 32 41 19 75",
            "output": "525"
        },
        {
            "input": "55 70 52 26 51 10 56 55 26 57 91",
            "output": "549"
        },
        {
            "input": "57 24 61 51 12 39 83 40 86",
            "output": "453"
        },
        {
            "input": "52 43 44 62 94 66 16 42 93 54 79 58 24 80 89 45 83 7 70",
            "output": "1101"
        },
        {
            "input": "71 73 24 91 7 23 42 10 30 31 47",
            "output": "449"
        },
        {
            "input": "1 25 40",
            "output": "66"
        },
        {
            "input": "63 83 21 34 1 22 12 76 4 33 95 83 46 53 9 43 63 18 43",
            "output": "802"
        },
        {
            "input": "49 5 94 59 59 81 16 41 11 19 4 29 22",
            "output": "489"
        },
        {
            "input": "17 37 92 83 97 73 88",
            "output": "487"
        },
        {
            "input": "47 65 70 60",
            "output": "242"
        },
        {
            "input": "5 2 92 93 93 64 93 99 99 50 64 53 61 21 48",
            "output": "937"
        },
        {
            "input": "13 58 88 18 85 83 89 38 77 3 44 26 46 34 48",
            "output": "750"
        },
        {
            "input": "69 100 51 60 82 20 87 10 28 61 33 100 59 52 86 39",
            "output": "937"
        },
        {
            "input": "41 67 23 8 84 8 94 58 7 85 17 77 43 32 22 55 98 73 88",
            "output": "980"
        },
        {
            "input": "55 37 15 9 58 18 85",
            "output": "277"
        },
        {
            "input": "23 27 95 6 34 34 33 43 31",
            "output": "326"
        },
        {
            "input": "35 39 91 62 18 74 2 66 69 58 56 6 90 66 5 43 66 61 64 20",
            "output": "991"
        },
        {
            "input": "75 99 50 72 13 41 56 7 56 58 51 92 37 52 35 16 10",
            "output": "820"
        },
        {
            "input": "43 30 99 13 93 73 32 88 85 7 6 36",
            "output": "605"
        },
        {
            "input": "31 21 80 6",
            "output": "138"
        },
        {
            "input": "54 93 68 72 38 40 81 72 18 84 64 56 93 36 12 58",
            "output": "939"
        },
        {
            "input": "44 81 5 33 43",
            "output": "206"
        },
        {
            "input": "28 63 34 35 84 88 67 50 52 56 27 61 23 4 50 88 14 57 91",
            "output": "972"
        },
        {
            "input": "69 72 34 64 10 96 79 71 41 2 90 76 1 93 88 62 64",
            "output": "1012"
        },
        {
            "input": "74 88 7 97 27 46 43 31 92 94 5",
            "output": "604"
        },
        {
            "input": "62 32 41 18 56 88 36 20 53 98",
            "output": "504"
        },
        {
            "input": "90 94 60 5 25 31 87 8",
            "output": "400"
        },
        {
            "input": "75 93 51 95 54 72 43",
            "output": "483"
        },
        {
            "input": "17 63 98 86 5 3 6 36 24 20 26 14",
            "output": "398"
        },
        {
            "input": "44 68 13 62 53 46 19 69 36",
            "output": "410"
        },
        {
            "input": "7 92 46 58 93 98 29 45 40 54 29 68 54 63",
            "output": "776"
        },
        {
            "input": "90 55 9 28 54 67 42 74 51 97 42 74 36 70 53 9 60 89 6",
            "output": "1006"
        },
        {
            "input": "52 79 29",
            "output": "160"
        },
        {
            "input": "86 34 7 3",
            "output": "130"
        },
        {
            "input": "90 34 21 49 52 52 67 6",
            "output": "371"
        },
        {
            "input": "17 85 74 1 94 37 86 98 22 24 47",
            "output": "585"
        },
        {
            "input": "77 75 58 8 91 21 92 24 84 59 18 42 54 17 8 25 24",
            "output": "777"
        },
        {
            "input": "46 29 60 39 52 2 3 32 62 95 79 65 41 42 22 45 15 39 84",
            "output": "852"
        },
        {
            "input": "57 75 29 97 20 8 50 76 80 58 97 28 73 17 37 72 88",
            "output": "962"
        },
        {
            "input": "10 16 2 28 96 40 82 83 17 38 21 44 21 10 100 98 46",
            "output": "752"
        },
        {
            "input": "66 81 6 96",
            "output": "249"
        },
        {
            "input": "84 12 30 50 64 69 2",
            "output": "311"
        },
        {
            "input": "97 82 76 82 2 95 33 31 26 10 73 7",
            "output": "614"
        },
        {
            "input": "78 98 54 32 71 46 31 98 22 40 63",
            "output": "633"
        },
        {
            "input": "24 31 34 63 75 24 75 44 56 76 88 75",
            "output": "665"
        },
        {
            "input": "15 72 79 86 35 9 16 65 45 64",
            "output": "486"
        },
        {
            "input": "80 25 21 58 17 28 73 78 4 49 86 42",
            "output": "561"
        },
        {
            "input": "51 83 35 68 63 47 61 19 70 59 41 52 23 86 95 2 13 43 19",
            "output": "930"
        },
        {
            "input": "69 54 74 57",
            "output": "254"
        },
        {
            "input": "54 73 76 100 70 20 12 50 21 22 50 22 84 10",
            "output": "664"
        },
        {
            "input": "82 54 93 87 88 64 34",
            "output": "502"
        },
        {
            "input": "11 72 20 31 89 76 42 40 66 100 63 66 58 64 3",
            "output": "801"
        },
        {
            "input": "69 68 56 6 64",
            "output": "263"
        },
        {
            "input": "74 79 41 61 78 13 34 28 73 83 81 37 16",
            "output": "698"
        },
        {
            "input": "98 99 79 75 13 40 5 9 29 45 53 3 90 53 41 78 92 90 11",
            "output": "1003"
        },
        {
            "input": "89 51 94 34 15 76 78 63 20 95 12",
            "output": "627"
        },
        {
            "input": "98 31 79 11 38 24 42 6 42 37 16 74 83 99",
            "output": "680"
        },
        {
            "input": "95 9 67 72 90 72 80 17 14",
            "output": "516"
        },
        {
            "input": "14 28 21 47 93 13",
            "output": "216"
        },
        {
            "input": "79 76 62 80 99 38 29 93",
            "output": "556"
        },
        {
            "input": "72 62 27 62 63 57 72 40 67 23 79 70 60 25 85 1 52 20",
            "output": "937"
        },
        {
            "input": "77 25 12 58 70 29 97 19 60 71 57 55 12 44 64",
            "output": "750"
        },
        {
            "input": "28 84 31 8 66 77 44 25 32 47",
            "output": "442"
        },
        {
            "input": "46 47 94 56",
            "output": "243"
        },
        {
            "input": "5 3 89 33 15 69 47 48 34 45",
            "output": "388"
        },
        {
            "input": "12 67 68 97 97 38 61 27 65 91 70 95 89 14 74",
            "output": "965"
        },
        {
            "input": "60 62 36 56 69 36 84 51 31",
            "output": "485"
        },
        {
            "input": "64 61 14 83 59 21 1 57 19 80 35",
            "output": "494"
        },
        {
            "input": "96 13 40 68 17",
            "output": "234"
        },
        {
            "input": "87 12 54 34 12 93 33 63 45 100 53",
            "output": "586"
        },
        {
            "input": "72 9 19 20 23 96 33 68 95 36 25 54 46 92 2",
            "output": "690"
        },
        {
            "input": "26 17 21 61 100 58 33 55 11 21 29 21 25 37 4",
            "output": "519"
        },
        {
            "input": "78 38 36 94 92 42 82 96 86 100 93 55 27 76 54 81 5 19 32 92",
            "output": "1278"
        },
        {
            "input": "6 12 25 42 52 66 58 60 63 36",
            "output": "420"
        },
        {
            "input": "11 81 55 69 18 2 43 90 65 83 66 43 33 56 33 84 7 19 22",
            "output": "880"
        },
        {
            "input": "94 48 88",
            "output": "230"
        },
        {
            "input": "29 47 63 40 74 9 68 36 82 31 73 63 17 78 2",
            "output": "712"
        },
        {
            "input": "32 71 32 45",
            "output": "180"
        },
        {
            "input": "69 99 6 89 83 2 11 62 19 22 21 19 53 69 14 57 18 18",
            "output": "731"
        },
        {
            "input": "45 5 98",
            "output": "148"
        },
        {
            "input": "91 10 75 52 49 63 3 57 42 32 66 8 9 55 85 46 54 74",
            "output": "871"
        },
        {
            "input": "37 33 43 10 12",
            "output": "135"
        },
        {
            "input": "65 71 86 57 82 60 50 82 30 79 90 9 72 26 73 26 86",
            "output": "1044"
        },
        {
            "input": "23 96 98 13 12 94 8 75 40 10 20 4 23",
            "output": "516"
        },
        {
            "input": "7 1 56 90 59 37 65 36 65 23 41",
            "output": "480"
        },
        {
            "input": "73 45 11 82 33 36 28 80 10 55 98",
            "output": "551"
        },
        {
            "input": "54 57 43 21 44",
            "output": "219"
        },
        {
            "input": "48 76 83 45 64 60 33 97 15 68 54",
            "output": "643"
        },
        {
            "input": "24 25 83 58 53 17 90 71 55 87 94 84",
            "output": "741"
        },
        {
            "input": "23 71 26 15 72 61 15 54 51 27 60 61",
            "output": "536"
        },
        {
            "input": "75 97 88 56 36 26 25 47 65 29 14 38 75 73 70 83 39 93",
            "output": "1029"
        },
        {
            "input": "57 90 58 30 27 55 32 29 24 73 45",
            "output": "520"
        },
        {
            "input": "22 42 39 71 82 73 2 75 27 91 48 58 20 43 80",
            "output": "773"
        },
        {
            "input": "51 5 93 21",
            "output": "170"
        },
        {
            "input": "4 87 96 39 25 59 6 28 6 23 84 39 7 6 70",
            "output": "579"
        },
        {
            "input": "3 79 5 44 25 48 23 99 15 74 3",
            "output": "418"
        },
        {
            "input": "47 25 23 49 40 36 51 59 67",
            "output": "397"
        },
        {
            "input": "51 5 16 22 95 54",
            "output": "243"
        },
        {
            "input": "2 84 30 44 24 15 46 35 71 4 39 100 32 51 65 37 9",
            "output": "688"
        },
        {
            "input": "32 69 73 88 98 52 4 22 19 49 32 77 29 71 52 21 48 21",
            "output": "857"
        },
        {
            "input": "13 31 97 61 85 31 93 85 47 19 83 42 63 67 57",
            "output": "874"
        },
        {
            "input": "75 55 37 53 35 57 36 93 26 58",
            "output": "525"
        },
        {
            "input": "65 47 49 93 40 90 90 29 44 17",
            "output": "564"
        },
        {
            "input": "37 51 8 24 10 24 70 54 49 73",
            "output": "400"
        },
        {
            "input": "88 87 87 67",
            "output": "329"
        },
        {
            "input": "84 10 50 52 79 88 45 52 34 73 3 20 15 38 3 59 42",
            "output": "747"
        },
        {
            "input": "92 98 60",
            "output": "250"
        },
        {
            "input": "7 36 20 18 67 42 26 70 7 81 85 21 17 6",
            "output": "503"
        },
        {
            "input": "29 61 77 25 20 19 73 91 46 20 87 88 4 15 44 75 48 79 43 93",
            "output": "1037"
        },
        {
            "input": "87 63 14 19 20 99 57 46 46 3",
            "output": "454"
        },
        {
            "input": "47 99 27 43 38 19 10 93 52 97 67 48 77 22 66 36",
            "output": "841"
        },
        {
            "input": "15 6 69 31 80 22 100 21",
            "output": "344"
        },
        {
            "input": "99 96 14 96 60 13 89 97 61 17 80 49 86 20",
            "output": "877"
        },
        {
            "input": "40 1 32 75 81 29 59 44 49 97 84 75 72 69 77 25",
            "output": "909"
        },
        {
            "input": "70 22 92 54 17 35 56 17 86 80 19 4 8 18 93",
            "output": "671"
        },
        {
            "input": "68 28 19 63 81 56 28 47 88",
            "output": "478"
        },
        {
            "input": "83 80 71 79 64",
            "output": "377"
        },
        {
            "input": "7 6 14 27",
            "output": "54"
        },
        {
            "input": "2 81 95 23 28 93",
            "output": "322"
        },
        {
            "input": "3 85 45 28 90 75 44 11 28 88 41 70 13 72 84 13",
            "output": "790"
        },
        {
            "input": "76 67 63 21 7 36 8 89 46 66 24 85 71 82 50 14 46 25 53",
            "output": "929"
        },
        {
            "input": "15 9 77 58 20 82 50 40 25 58 64 73 53",
            "output": "624"
        },
        {
            "input": "17 94 58",
            "output": "169"
        },
        {
            "input": "90 73 63 41 44 19 14 13 43 62 49 92 70 79 71 54 38",
            "output": "915"
        },
        {
            "input": "16 20 43",
            "output": "79"
        },
        {
            "input": "51 98 85 20 24 45",
            "output": "323"
        },
        {
            "input": "17 65 12 29 27 69 16 88 26 57 44 43",
            "output": "493"
        },
        {
            "input": "90 5 15 95 59 61 82 66 76 72",
            "output": "621"
        },
        {
            "input": "24 23 61 18 68 45 24 88 11 51 46 11 48 25 11 23 3 47 2 28",
            "output": "657"
        },
        {
            "input": "69 77 21 46 69 63 40 4 20 9 85 71 9",
            "output": "583"
        },
        {
            "input": "86 2 83 24 65 76",
            "output": "336"
        },
        {
            "input": "9 73 3 92 33 84 93 4 38 90",
            "output": "519"
        },
        {
            "input": "61 27 71 84 52 74 24 47 100 44 97 23 31 86",
            "output": "821"
        },
        {
            "input": "86 30 40 31 81 46 76 7 76 54 2 70 76 49 54 69 38 30 78",
            "output": "993"
        },
        {
            "input": "66 7 61 47 67 90 79 59",
            "output": "476"
        },
        {
            "input": "9 23 34 7 20 20 78 12 52 99 45 39 26 84 34 37",
            "output": "619"
        },
        {
            "input": "93 83 1 65 61 75",
            "output": "378"
        },
        {
            "input": "41 38 68 36 96 7 18 92 36",
            "output": "432"
        },
        {
            "input": "4 2 59 72 64 14 4 46 27 2 68",
            "output": "362"
        },
        {
            "input": "5 56 62",
            "output": "123"
        },
        {
            "input": "31 32 50 84 16 86 22 17 70 12 60 56 75 75 22",
            "output": "708"
        },
        {
            "input": "59 19 51 21 97 52 58 34 34 92 68 25",
            "output": "610"
        },
        {
            "input": "52 85 13",
            "output": "150"
        },
        {
            "input": "65 88 9",
            "output": "162"
        },
        {
            "input": "82 65 43 70 5 37 94 84 69 59",
            "output": "608"
        },
        {
            "input": "24 31 36 15 31 55 14 99 50 67 99 8 70 81 87 51",
            "output": "818"
        },
        {
            "input": "92 96 83 29 66 80 27 98 88 56 64",
            "output": "779"
        },
        {
            "input": "73 12 23 69 9 97 14 50 81 16 10 92 21 2 89 18",
            "output": "676"
        },
        {
            "input": "49 91 21 22 44 75 40 65 54",
            "output": "461"
        },
        {
            "input": "91 97 59 66 84",
            "output": "397"
        },
        {
            "input": "7 30 27 10 44 38 41 60 13 63 39 70",
            "output": "442"
        },
        {
            "input": "47 28 27 63 53 18 7 51 80 36 26 4 57",
            "output": "497"
        },
        {
            "input": "1 64 13 48 77 28 96 11 35 12 51 65 60 90 75 77 60 62 100",
            "output": "1025"
        },
        {
            "input": "44 43 69 86 75 74 24 35 38 7 41",
            "output": "536"
        },
        {
            "input": "75 43 66 53 67 94 44",
            "output": "442"
        },
        {
            "input": "88 58 95 12 85 82 34 91 81",
            "output": "626"
        },
        {
            "input": "96 35 18 79 8 74 76 36 16 78 97 81 64 81",
            "output": "839"
        },
        {
            "input": "10 75 15",
            "output": "100"
        },
        {
            "input": "81 48 86 80 1 51 32 89 38",
            "output": "506"
        },
        {
            "input": "59 93 36 16 86",
            "output": "290"
        },
        {
            "input": "37 32 7 50 93 7 80 71 97",
            "output": "474"
        },
        {
            "input": "95 46 48 21 21 77 62 60 22 98 92 50 23 20 24 23",
            "output": "782"
        },
        {
            "input": "82 17 73 89 100 47",
            "output": "408"
        },
        {
            "input": "71 5 79 72 84 35 57 18 42 77 51 42 56",
            "output": "689"
        },
        {
            "input": "94 16 9 40 10 98 90 85 93 81",
            "output": "616"
        },
        {
            "input": "31 73 38 47 58 58 3 57 12",
            "output": "377"
        },
        {
            "input": "92 30 43 56 44 92 29 54 52 90 45 20",
            "output": "647"
        },
        {
            "input": "11 1 34 98 23 68 20 15 7 87 53 75 56 27",
            "output": "575"
        },
        {
            "input": "97 27 54 40 91 78",
            "output": "387"
        },
        {
            "input": "78 81 76 40 68 20",
            "output": "363"
        },
        {
            "input": "67 29 86 44 54 29 41 25",
            "output": "375"
        },
        {
            "input": "13 2 61 55 61 60 87 42 29 99 50 85 88 11",
            "output": "743"
        },
        {
            "input": "85 14 74 77 27 92 30 60 76 36 69 87 51 21 21 25 54 28 65",
            "output": "992"
        },
        {
            "input": "51 80 84 97 54 51 33 31 72 71 16 68 88 17 52 5 89",
            "output": "959"
        },
        {
            "input": "58 31 91 67 24",
            "output": "271"
        },
        {
            "input": "64 63 23 69 85 95 63 81 27 97 18 18",
            "output": "703"
        },
        {
            "input": "7 61 64 98 94 46 12 93 44 88 62 100 22 69 67",
            "output": "927"
        },
        {
            "input": "56 49 47 32 73 46 23",
            "output": "326"
        },
        {
            "input": "54 18 27 71 14 39 30",
            "output": "253"
        },
        {
            "input": "80 47 100 3 88 61 27",
            "output": "406"
        },
        {
            "input": "48 64 77 65 35 40 84 72 79 39 82 13 79 31 18 35",
            "output": "861"
        },
        {
            "input": "47 1 33 27 71 62 9 39 80 65 67 99 24 28 40 73 31",
            "output": "796"
        },
        {
            "input": "30 44 13 97 24 97 65 79 52",
            "output": "501"
        },
        {
            "input": "51 28 4",
            "output": "83"
        },
        {
            "input": "89 17 52 42 40 35 71 41 8 89 38 52",
            "output": "574"
        },
        {
            "input": "10 3 23 51",
            "output": "87"
        },
        {
            "input": "32 77 16 40 80 1 38 1 54 45 65 38 72 23 79 90 100 2 31",
            "output": "884"
        },
        {
            "input": "89 17 41 69 31 2 3 50 97",
            "output": "399"
        },
        {
            "input": "66 26 9 41",
            "output": "142"
        },
        {
            "input": "27 27 11 70 64 81 11 30 39 19 28 10",
            "output": "417"
        },
        {
            "input": "41 39 82 54",
            "output": "216"
        },
        {
            "input": "47 64 69 94 100 93 75 60 38 44 70 77 12 51",
            "output": "894"
        },
        {
            "input": "76 37 58 32 54 40 23 91 94 15 36 41 88 32 8 44 68 72 67 16",
            "output": "992"
        },
        {
            "input": "87 1 96 6 50 39 54 33 63 8 46 26",
            "output": "509"
        },
        {
            "input": "5 44 94 71 65",
            "output": "279"
        },
        {
            "input": "83 100 36 8 44 74 54",
            "output": "399"
        },
        {
            "input": "45 1 10 37 11 12 35 21 89",
            "output": "261"
        },
        {
            "input": "71 44 84 12 36 50 27 5 27 74 89 40 79 89 80 52",
            "output": "859"
        },
        {
            "input": "99 38 6 4 21 46 7 61",
            "output": "282"
        },
        {
            "input": "46 66 45 72 34 13 6 36 77 74 22 25 32 19 93 10 90 23 84",
            "output": "867"
        },
        {
            "input": "47 85 61 20 21 99 74 85",
            "output": "492"
        },
        {
            "input": "19 78 6 5 37 99 96 14",
            "output": "354"
        },
        {
            "input": "29 3 31 3 89",
            "output": "155"
        },
        {
            "input": "11 73 79 52 49 24 9 65",
            "output": "362"
        },
        {
            "input": "77 10 64 93 78 82 93 16 40",
            "output": "553"
        },
        {
            "input": "95 93 20 34 41 46",
            "output": "329"
        },
        {
            "input": "81 54 95 23 74 10 2 21 1 74 86 6 47 22 73",
            "output": "669"
        },
        {
            "input": "72 5 38 69 93",
            "output": "277"
        },
        {
            "input": "52 54 94 78 77 89 36 42 77 44 19 93 30 23",
            "output": "808"
        },
        {
            "input": "4 48 7 44 20 72 28 17 72 68 35 85 55 24 33 73",
            "output": "685"
        },
        {
            "input": "12 46 100 83 43 37",
            "output": "321"
        },
        {
            "input": "67 25 67 12 19",
            "output": "190"
        },
        {
            "input": "73 38 86 76 45",
            "output": "318"
        },
        {
            "input": "94 81 81",
            "output": "256"
        },
        {
            "input": "17 7 58 95 47 16 23 63 36 12 85 43 27 30 73 55",
            "output": "687"
        },
        {
            "input": "75 34 6 61 11 4 1 77 82",
            "output": "351"
        },
        {
            "input": "46 43 73 70 42 2 8 25 90 97 56 37 52 64 46 26 50",
            "output": "827"
        },
        {
            "input": "37 78 12 25 16 72 62 27 3 85 26 94 44 89 67 46",
            "output": "783"
        },
        {
            "input": "21 98 38 88 100 52 23 58",
            "output": "478"
        },
        {
            "input": "75 12 1 30 46",
            "output": "164"
        },
        {
            "input": "98 81 29 46 15 99 58 98 83 52 79 80 13 20 64",
            "output": "915"
        },
        {
            "input": "30 92 85 17 31 66 7 13 23 51 29 76 24 91 69 38 43",
            "output": "785"
        },
        {
            "input": "48 73 36 100 21 24",
            "output": "302"
        },
        {
            "input": "65 27 56 93 89 41 61 58 51 28 76 46 41 89 8 90 26 42",
            "output": "987"
        },
        {
            "input": "39 55 47 86 16 98 40 2 76",
            "output": "459"
        },
        {
            "input": "18 42 99 69 95 3 35 54 96 8",
            "output": "519"
        },
        {
            "input": "57 59 37 88 25 90 99 91 8 84 76 100",
            "output": "814"
        },
        {
            "input": "94 23 11 47 92",
            "output": "267"
        },
        {
            "input": "44 66 49 23 22 98 73 64 91 73 60 32 41",
            "output": "736"
        },
        {
            "input": "58 70 42 55 37 15 84 45 30 90 83 28 13 30 35 95 85 90 95",
            "output": "1080"
        },
        {
            "input": "13 78 80 11 97 33 69 35 50 23 60 75 32",
            "output": "656"
        },
        {
            "input": "92 64 8 97 42 35 21 10 40 55 15 78 2 32 33 49 71 98 26",
            "output": "868"
        },
        {
            "input": "42 48 18 82 34 64 6",
            "output": "294"
        },
        {
            "input": "1 43 7 95 38",
            "output": "184"
        },
        {
            "input": "1 94 12",
            "output": "107"
        },
        {
            "input": "22 20 1 86 98 94 63 83 28 42 82 91 78 41 84",
            "output": "913"
        },
        {
            "input": "24 12 20 30 52",
            "output": "138"
        },
        {
            "input": "3 99 85 87 8 5",
            "output": "287"
        },
        {
            "input": "54 35 13 90 64 76 64 80 91 97 43 41",
            "output": "748"
        },
        {
            "input": "36 41 39 28 81 11 100",
            "output": "336"
        },
        {
            "input": "13 64 75 59 14 100 93 88 97 39 38 6 78 46 53 96 100",
            "output": "1059"
        },
        {
            "input": "50 94 2 79 22 85 29 23 25 79 90 66 85 22 94 94 77 84",
            "output": "1100"
        },
        {
            "input": "74 45 3 65 43 31 77 24 7",
            "output": "369"
        },
        {
            "input": "8 66 9 8 60",
            "output": "151"
        },
        {
            "input": "82 72 97 59 92 45 31 92 36 82",
            "output": "688"
        },
        {
            "input": "12 48 5 29 96 25 92 14 56 84 43 84 12 85 40",
            "output": "725"
        },
        {
            "input": "86 100 45 56 42 26 27 86 47 92 16 21 60 46 78 68 96 10 65 54",
            "output": "1121"
        },
        {
            "input": "49 10 21 73 43 49 37 39 92 41 93 94 44 53 84 69",
            "output": "891"
        },
        {
            "input": "33 25 78 40 17 89 53 24 67 70 21 95 30 55 95",
            "output": "792"
        },
        {
            "input": "18 16 82 24 35 79 53 71 93",
            "output": "471"
        },
        {
            "input": "96 97 81 70 18 4 11 56",
            "output": "433"
        },
        {
            "input": "44 93 74 89 60 32 63 5 59 32 50 29 26 98 41 24 62 29 74",
            "output": "984"
        },
        {
            "input": "46 99 55 4 93 59 26 68 72 80 58 59",
            "output": "719"
        },
        {
            "input": "6 94 74 100 19 93 6 52 79 40 7 87",
            "output": "657"
        },
        {
            "input": "5 94 12 72 87 57 61 50 62 64 19 3",
            "output": "586"
        },
        {
            "input": "99 33 47 85 14 84 47 43 98 21 50 37 72 58 100",
            "output": "888"
        },
        {
            "input": "15 9 39 10 56 2 3 43 59 56 71 2 34 50 65 96 79 36 97 48",
            "output": "870"
        },
        {
            "input": "59 85 27 99 17 94 17 23 11 67 96 23 30",
            "output": "648"
        },
        {
            "input": "38 80 80 76 6 12 69 66 57 30 34 27 31 94 53 26 3 15 22 20",
            "output": "839"
        },
        {
            "input": "89 19 50 63 69 10 20 71 49 14 47 42 91 64 48",
            "output": "746"
        },
        {
            "input": "90 8 81 62 19 19 96 11 18 23 15",
            "output": "442"
        },
        {
            "input": "8 43 23 83 64 42",
            "output": "263"
        },
        {
            "input": "62 81 52",
            "output": "195"
        },
        {
            "input": "2 53 42 97 99 96 42 21 27 25 36 4 61",
            "output": "605"
        },
        {
            "input": "9 16 30 6",
            "output": "61"
        },
        {
            "input": "51 20 2 96 16 58 22 7 20 73 52 36 35 52 10 41 88",
            "output": "679"
        },
        {
            "input": "62 7 45 81 96 46 91",
            "output": "428"
        },
        {
            "input": "81 59 70 59 17 30 4 40 49 62 59 26 8 42 12 92 50",
            "output": "760"
        },
        {
            "input": "9 81 96 63 75 57 89 44 43 50",
            "output": "607"
        },
        {
            "input": "98 29 71 35 87 68 88 69 14 48 8 79 84 84 3 94 85 1",
            "output": "1045"
        },
        {
            "input": "88 71 34 66 59",
            "output": "318"
        },
        {
            "input": "59 86 48",
            "output": "193"
        },
        {
            "input": "98 2 21 36 54 34 34 56 100 7 18 92 42",
            "output": "594"
        },
        {
            "input": "18 22 95 49 82 12 50 62",
            "output": "390"
        },
        {
            "input": "13 15 39 55 9 95 78 4 45 32 2 63 10 61 50 99 52 35 56",
            "output": "813"
        },
        {
            "input": "73 90 59 25 68 47 16 80 60 85 52 98 86 30",
            "output": "869"
        },
        {
            "input": "8 85 77 57 4 29 62 69",
            "output": "391"
        },
        {
            "input": "19 17 47 74 47 54 98 38 70 36 63 6 11 42 59 84 55 34 51",
            "output": "905"
        },
        {
            "input": "63 6 79 72 90 87 73 71 57 6 87 81 39 98 94 96 28 49 5 33",
            "output": "1214"
        },
        {
            "input": "67 15 41 58 53 98 15 19 78 32",
            "output": "476"
        },
        {
            "input": "73 78 65 71 83 39 48 74 52 43 15 68 89 18 6",
            "output": "822"
        },
        {
            "input": "68 91 16 99 73 27 97 6 58 75 51",
            "output": "661"
        },
        {
            "input": "62 19 51 84 3 98 20 38 21 81 10 100",
            "output": "587"
        },
        {
            "input": "82 16 83 46 20 41",
            "output": "288"
        },
        {
            "input": "97 31 89 42 52 41 80 2 89 25",
            "output": "548"
        },
        {
            "input": "82 86 10 73 59 59 65 42 34 43 49 62 20 38 1 69",
            "output": "792"
        },
        {
            "input": "6 56 67 34 99 36 24 52 65 60 22 35 51 91 23 93 4",
            "output": "818"
        },
        {
            "input": "12 69 71 99 94 67 76 30 20 66 15 17 34 39 15",
            "output": "724"
        },
        {
            "input": "43 31 21 99 88 77 50",
            "output": "409"
        }
    ]
}