{
    "id": "smallest_element_in_array",
    "title": "Smallest Element in Array",
    "description": "Find the smallest element in a given array of integers.",
    "input_format": "Space-separated integers representing the array elements.",
    "output_format": "The smallest integer in the array.",
    "constraints": {
        "Elements": "-1000 <= element <= 1000",
        "Array size": "1 <= N <= 100"
    },
    "judge_mode": "FIRST_FAIL",
    "time_limit": 1,
    "sample_test_cases": [
        {
            "input": "5 2 9 1 7",
            "output": "1"
        },
        {
            "input": "-5 -2 -9 -1 -7",
            "output": "-9"
        }
    ],
    "hidden_test_cases": [
        {
            "input": "584 -44 720 -1000 950 -572 733 -824 98 -148 -480 741 392 978 923",
            "output": "-1000"
        },
        {
            "input": "481 -347 -487 -692 84 -813 -531 -173 -123 859 568 170 -156 952 -627 313",
            "output": "-813"
        },
        {
            "input": "678 783 201 -875 528 -397 -91 613 -856 494",
            "output": "-875"
        },
        {
            "input": "-883 -754 731 565 263 -976 -171 815 210 -983 956 796",
            "output": "-983"
        },
        {
            "input": "-669 847 489 -679 641 -258 251",
            "output": "-679"
        },
        {
            "input": "-10 530 627 807 131 518 -983 -536 -959 108 -154 564 -494 -675 -76 67 -959 993 -716",
            "output": "-983"
        },
        {
            "input": "-407 877 95 -624 953 -125 451 -839 875",
            "output": "-839"
        },
        {
            "input": "-449 -233 -533 -254 -634",
            "output": "-634"
        },
        {
            "input": "167 -963 790 -42 12 928 -530 112 911 822 840 460 -915 888 551 -411 -169 33",
            "output": "-963"
        },
        {
            "input": "-409 617 -417 883 -922 -992 -587 788 965 324 -547 -31 -670 -553 -782 956 -805 825 -287 -71",
            "output": "-992"
        },
        {
            "input": "575 -4 -357 -644 -741 291 -611 -256 -437 -649 -196 937 -428",
            "output": "-741"
        },
        {
            "input": "-237 -792 785 -481 473 -292 -377 -86 431 403 593 -703 161 -59 -335 549 848 -506",
            "output": "-792"
        },
        {
            "input": "637 991 583 319 277 404 -45",
            "output": "-45"
        },
        {
            "input": "-484 123 -613 610 559 -134 -636 -725 -379 -964 111 -974 368 565 -662 325",
            "output": "-974"
        },
        {
            "input": "691 -22 -765 303",
            "output": "-765"
        },
        {
            "input": "276 -19 27 443 315 -84 866 -173 637 529 964 -493 -407 723 -156 294 -941 917 772 -950",
            "output": "-950"
        },
        {
            "input": "77 -640 978 -22 910 45 376 171 118 829 75",
            "output": "-640"
        },
        {
            "input": "73 -281 -161 183 -932 -624 968 -384 -902 695 997 -25 -125 -112 -253 34 -194 -141 -563",
            "output": "-932"
        },
        {
            "input": "735 552 -901 517 629 -706 -999 -669 564 -753 -942 636 -422 624 -882 40 605",
            "output": "-999"
        },
        {
            "input": "-594 416 -94 390 13 102 422 611 988 251 171 260",
            "output": "-594"
        },
        {
            "input": "705 543 -761 -137 273 565",
            "output": "-761"
        },
        {
            "input": "-638 714 367 680 914 -23 461 -447 -10 -711 -509 -677 876 12 -942 948 -880 -819",
            "output": "-942"
        },
        {
            "input": "-286 73 -356 -554 -534 -71 94 -803 -539 732 -187 -356 -383 -945 -185 407 807",
            "output": "-945"
        },
        {
            "input": "379 -790 -951 944 -906 -343 670 -181 -649 564 484 829 -747 -216 587 -864 501 119",
            "output": "-951"
        },
        {
            "input": "-737 -161 -417 -915 -543 926 403 -351",
            "output": "-915"
        },
        {
            "input": "933 173 458 -501 32",
            "output": "-501"
        },
        {
            "input": "-200 394 -438 354 710 411 904 259 413 88 415 648 722 421 -915 789",
            "output": "-915"
        },
        {
            "input": "-305 -567 956 361 -839 631 459 643 75 732",
            "output": "-839"
        },
        {
            "input": "296 -469 869 -212 965 -700 703 -690 -179 963 -215 -708 123 -945 -929",
            "output": "-945"
        },
        {
            "input": "-111 -388 -932",
            "output": "-932"
        },
        {
            "input": "312 180 -49 -698 145 153 -677 -243 867 -954 -914 787 -316 -893 -260 83",
            "output": "-954"
        },
        {
            "input": "-247 -154 -998 -762",
            "output": "-998"
        },
        {
            "input": "418 -232 -750 -912 42 437 -885 161 4",
            "output": "-912"
        },
        {
            "input": "330 881 -127 760 -162 -361 -492",
            "output": "-492"
        },
        {
            "input": "911 644 29 -229 416 -942 905 -160 937 427 -728 -146 834 -886 -596 -223",
            "output": "-942"
        },
        {
            "input": "565 -893 277 -743 11",
            "output": "-893"
        },
        {
            "input": "-597 319 383 -588 -236 -576 877 -323 744 -584 520 190 395 -41 -834",
            "output": "-834"
        },
        {
            "input": "79 491 -260 927 686 786 856 -161 839 -944 16 -560",
            "output": "-944"
        },
        {
            "input": "-952 684 747",
            "output": "-952"
        },
        {
            "input": "326 -708 -126 -491 -918 979 148 679 74",
            "output": "-918"
        },
        {
            "input": "538 -439 686 -879 745 615 -632 876 -386 -416 43 -781 -842 44 109",
            "output": "-879"
        },
        {
            "input": "-990 -27 447 953 946 -569 -813 -781 -464 29",
            "output": "-990"
        },
        {
            "input": "256 -716 762 -222 972 -960",
            "output": "-960"
        },
        {
            "input": "639 605 -90 -678 399 940 -804",
            "output": "-804"
        },
        {
            "input": "-877 665 323 208 477 955 824 -88 -588 -893 -321 46 654",
            "output": "-893"
        },
        {
            "input": "255 -805 478 -610 -430 254 166 -88 -406",
            "output": "-805"
        },
        {
            "input": "741 -669 -159 108 -212 -498 380 -325 -163 352 159 908",
            "output": "-669"
        },
        {
            "input": "-322 690 349 89 648 -433 436 -630 -151 42 -907 -594 394 -790",
            "output": "-907"
        },
        {
            "input": "-961 -519 249 -643 444 109 -601 271 -915 228 -943 1 404",
            "output": "-961"
        },
        {
            "input": "902 -531 43 -431 937 -800",
            "output": "-800"
        },
        {
            "input": "-764 -18 -747 -125 -216 680 42 -394 -858 432 148 -820",
            "output": "-858"
        },
        {
            "input": "-753 -829 -944 -60 291 -873 156 183 619 742 269 803 -226 218 485 900 258 535 -137 -341",
            "output": "-944"
        },
        {
            "input": "-862 44 678 154 -587 -57 -110 75 -741 332 975 953 812 -788 -110 218 458 276",
            "output": "-862"
        },
        {
            "input": "773 -335 204 456",
            "output": "-335"
        },
        {
            "input": "-527 -14 227 754 -723",
            "output": "-723"
        },
        {
            "input": "132 -133 749 -878 -924 759 153 828 423 -906 -351 277 -79 -733 121 272 -968",
            "output": "-968"
        },
        {
            "input": "-344 300 -149 -124 -547 -925 -323 -32",
            "output": "-925"
        },
        {
            "input": "-516 -780 302 626 133 -377 -441",
            "output": "-780"
        },
        {
            "input": "189 548 -961 892 -602 638",
            "output": "-961"
        },
        {
            "input": "690 -316 -124 553 -228 -999",
            "output": "-999"
        },
        {
            "input": "-527 -659 -162 25 -952 1 998 -481 289 -937 -101 -515 536 904 -240 379 381",
            "output": "-952"
        },
        {
            "input": "501 -324 490 677 -82",
            "output": "-324"
        },
        {
            "input": "465 -670 -359 145 -809 275 -99 85 -891 198 730 -362 602",
            "output": "-891"
        },
        {
            "input": "-699 -824 884 610 714 370 892 111 -790 50",
            "output": "-824"
        },
        {
            "input": "649 -501 -540 -668 177 278",
            "output": "-668"
        },
        {
            "input": "-749 796 303 415 220 -521",
            "output": "-749"
        },
        {
            "input": "-682 -839 -985 75 590 -701 587 329 599 -384 -709 43 691 637 427 -627 -138 -778 -573 -555",
            "output": "-985"
        },
        {
            "input": "838 107 -132 -457 -818 -669 -813 276 -535 543 524 -380 964 -504 454 -826 999",
            "output": "-826"
        },
        {
            "input": "189 899 -901 -272 700 386 808 160 -369 973 -522 -565",
            "output": "-901"
        },
        {
            "input": "689 -689 -391",
            "output": "-689"
        },
        {
            "input": "-595 556 76 -593 762 -698 -111 -605 -368 -573 -982 164 -765 948 -948 810 562",
            "output": "-982"
        },
        {
            "input": "178 -346 -604 -264 -954 -611",
            "output": "-954"
        },
        {
            "input": "150 -411 887 627",
            "output": "-411"
        },
        {
            "input": "91 -157 680 -397 496 748 -453 440 48 507 661 -341 972 583 999 -514 694 184",
            "output": "-514"
        },
        {
            "input": "-301 -161 -951 -552 908 675 -61 842 -836 985 354",
            "output": "-951"
        },
        {
            "input": "622 407 159 194 91 637 698 -992 623 -407 -481 432 -811 -942 -392 -582 473 73 -794 -252",
            "output": "-992"
        },
        {
            "input": "-545 230 172 -520 68 -618 973 -979 -746 -374 940 -422 878 382 404 -944 105 -407 187",
            "output": "-979"
        },
        {
            "input": "522 -942 -80 960 239 807 -724 -626",
            "output": "-942"
        },
        {
            "input": "603 -991 -374 768 772 -685",
            "output": "-991"
        },
        {
            "input": "-809 818 -621 738 -227 104 -119 -673 350",
            "output": "-809"
        },
        {
            "input": "-737 107 849 -277 -816 911 -118 54",
            "output": "-816"
        },
        {
            "input": "-437 473 -622 164 475 457 127 761 -105 -491 -391 -35 -712 -328 766 -771",
            "output": "-771"
        },
        {
            "input": "372 249 391 864 -949 73 -207 -11 -565 -628 -623 734 463 -891 -493 -823 -28",
            "output": "-949"
        },
        {
            "input": "461 -732 -384 -128 -352 -363 -970 291 391 94 904 281 490 -229 27 690 20 713 -943",
            "output": "-970"
        },
        {
            "input": "654 553 333 522 -774 182",
            "output": "-774"
        },
        {
            "input": "915 -400 112 851 683 -734 576 376 -461 -133",
            "output": "-734"
        },
        {
            "input": "247 -845 -438 -645 -55 -900 -166 760 911",
            "output": "-900"
        },
        {
            "input": "-108 257 -565 -549 -887",
            "output": "-887"
        },
        {
            "input": "40 -714 -112",
            "output": "-714"
        },
        {
            "input": "358 -291 -433 628 -992 -229 -591 215 -995 136 260 -246 434 -357",
            "output": "-995"
        },
        {
            "input": "-705 899 -772 393 -151 254",
            "output": "-772"
        },
        {
            "input": "-373 -551 704 604 -742 677 -223 175 -441 498 -667 -680 397 -733 -720 -695 920 -290 503 -443",
            "output": "-742"
        },
        {
            "input": "726 -725 -786 704 643 725 -446",
            "output": "-786"
        },
        {
            "input": "-536 303 -602 263 -442 597 281 771 485 -886 147 470 -389 494 271 352 -979 682",
            "output": "-979"
        },
        {
            "input": "187 -119 -567 -899 828",
            "output": "-899"
        },
        {
            "input": "-260 851 468 579 -201 -324 950 -606",
            "output": "-606"
        },
        {
            "input": "3 -363 -52 -882 109 -804 -622 739 -105 180 -804 490 -490",
            "output": "-882"
        },
        {
            "input": "624 -663 -30 297 -873 -54 -43 -550 -387 174 21 -395 545 -238 418 189 -761 -698",
            "output": "-873"
        },
        {
            "input": "-739 711 -117 -131 -684 73 557 503 -162 -112 476 275 895 494 225 699 -360 549",
            "output": "-739"
        },
        {
            "input": "-448 -917 933 725 -95 -235 957",
            "output": "-917"
        },
        {
            "input": "-598 -802 427 98 23 -535 266 -977 -454 510 769 -655 -646 281",
            "output": "-977"
        },
        {
            "input": "324 528 -440 -718 -312 296 543",
            "output": "-718"
        },
        {
            "input": "440 845 -802 -369 -707 937 267 626 825 -317 -508",
            "output": "-802"
        },
        {
            "input": "558 -767 -664 -964 -565 -389 86 308 854 588 -599",
            "output": "-964"
        },
        {
            "input": "-452 -252 -591 934 -435",
            "output": "-591"
        },
        {
            "input": "393 619 675 168 277 -235 498 296 542 434 -788 355",
            "output": "-788"
        },
        {
            "input": "-942 674 749 490 228 544 35 -470 -465",
            "output": "-942"
        },
        {
            "input": "787 -337 -927 -277 932 -204",
            "output": "-927"
        },
        {
            "input": "-225 -196 598 809 295 -448 836 162 -352 -598 726 883 790 503 -822 911 821 -498 -218 -390",
            "output": "-822"
        },
        {
            "input": "-257 -939 57 -199",
            "output": "-939"
        },
        {
            "input": "721 -817 166 -233 -735 -175 642 665 -481 -788 500",
            "output": "-817"
        },
        {
            "input": "455 661 -497 190 -602 -154 950 -27 -97 464",
            "output": "-602"
        },
        {
            "input": "500 -588 -690 -723 613 721 -666 237 232 -577 566 -317 -306 -84 -719 610 32 317",
            "output": "-723"
        },
        {
            "input": "-21 843 -663 -135 -963 525 -823 -359 284 -50 -325",
            "output": "-963"
        },
        {
            "input": "-1 681 -103 120 -56 607 283 -246 -769",
            "output": "-769"
        },
        {
            "input": "-912 -803 558 -874 -688 477 709 -657 -332 -462 862 -799 -175 -483 582 335 -254",
            "output": "-912"
        },
        {
            "input": "843 -578 -799 -390 255 594 -443 10 498 -265 382 -188 753",
            "output": "-799"
        },
        {
            "input": "188 796 -867 -273 -832 -945 -102 -628 157 -392 -465 -582",
            "output": "-945"
        },
        {
            "input": "-196 -264 733 138 95 -961 -615 704 -527 50 320 -592 -526 -210 409",
            "output": "-961"
        },
        {
            "input": "876 -561 294 681 -719 -488",
            "output": "-719"
        },
        {
            "input": "-467 -247 -357 176 695 -369 83 -594 -964 710 570 282 370 -238 -557 -115 499 903",
            "output": "-964"
        },
        {
            "input": "-49 985 379 -97 -123 146 -120 -455 -713 -871 -993 410 -648 927 -150 40 409 -42 -885",
            "output": "-993"
        },
        {
            "input": "288 -310 61 -679 25 643 556 810 26 997 -410 -452 815 -280 -377 151 -982 -284 515",
            "output": "-982"
        },
        {
            "input": "-682 237 888 13 143 -36 -269 980 713 -317 210 701 -39 807 318 173",
            "output": "-682"
        },
        {
            "input": "61 -538 221 923 248 -709 -745 210 -140 934 493 -828 -539 714 -651 848 1000",
            "output": "-828"
        },
        {
            "input": "-915 -878 407 -577 204 744 896 387",
            "output": "-915"
        },
        {
            "input": "-171 732 -388 -98 -225 -968 -953 316 -738 -537 -41 -458",
            "output": "-968"
        },
        {
            "input": "-714 -209 -843 504 -621 -903",
            "output": "-903"
        },
        {
            "input": "787 -640 -568 222 -749 117",
            "output": "-749"
        },
        {
            "input": "877 256 678 982 711 54 718",
            "output": "54"
        },
        {
            "input": "-494 227 30 -608 1000 -335 480 188 93 567 -363 917 -734 4 -1 -109 503 88 995 -179",
            "output": "-734"
        },
        {
            "input": "-404 -481 -870 725 -248 910 -524 999 554 -633",
            "output": "-870"
        },
        {
            "input": "770 -942 949 777 -759 -916 816 -909 119 567 528 -367",
            "output": "-942"
        },
        {
            "input": "-138 -112 -685 -867 42",
            "output": "-867"
        },
        {
            "input": "483 -565 -203 304 903",
            "output": "-565"
        },
        {
            "input": "608 -530 874 -594 758 533 803 -222 -665 -443 -312 -599 -182 587 625 -32 -352",
            "output": "-665"
        },
        {
            "input": "-858 -882 901 -441 -808 -3 217 -115 -936 -539 -89",
            "output": "-936"
        },
        {
            "input": "-457 -681 -62 607 552 809 -691 -545 1000",
            "output": "-691"
        },
        {
            "input": "-565 943 332 546 -112 393 380 794 -146 -346 -1000 771 790 823 682 211 383 671",
            "output": "-1000"
        },
        {
            "input": "252 -326 328 -309 -298",
            "output": "-326"
        },
        {
            "input": "804 541 903",
            "output": "541"
        },
        {
            "input": "448 416 176 883 -245 72 -44",
            "output": "-245"
        },
        {
            "input": "-254 233 402 345 -955 102 -688 -188 337 116 386 -67 927 -102 -52 664 -813 -769",
            "output": "-955"
        },
        {
            "input": "-352 296 -237 256 -553 916 -449 -521 -163 -984 597 459 868 -131 542 396 655 733 -201 326",
            "output": "-984"
        },
        {
            "input": "-649 767 996 -617 695 -875 512 -453 18 435 -193 -91 549 -933 -819",
            "output": "-933"
        },
        {
            "input": "931 -208 232 -275 904",
            "output": "-275"
        },
        {
            "input": "407 36 626",
            "output": "36"
        },
        {
            "input": "823 711 942 883 -919 -318 -705",
            "output": "-919"
        },
        {
            "input": "-679 -45 -996 -841 -787 451",
            "output": "-996"
        },
        {
            "input": "-702 413 166 -698 492 55 111",
            "output": "-702"
        },
        {
            "input": "569 -950 -520 586 102 131 -700 906 407 -462 151 219 -913 -522 556 688 -560",
            "output": "-950"
        },
        {
            "input": "261 336 -470 186 -876 762 -585 -54 31 837 78",
            "output": "-876"
        },
        {
            "input": "-576 -517 -16 901 -246 -120 -883 319 -993 -242 -621 -953 -538 13 -79 -390 -714 252 -202",
            "output": "-993"
        },
        {
            "input": "-338 -55 668 -200",
            "output": "-338"
        },
        {
            "input": "964 32 -349 607 -154 274 425 -749 -791 527 958 566 325",
            "output": "-791"
        },
        {
            "input": "-77 433 -174 684 866 -104 -992 983",
            "output": "-992"
        },
        {
            "input": "549 -817 -382 159",
            "output": "-817"
        },
        {
            "input": "-375 -509 225 -29 632 -887 -489 236",
            "output": "-887"
        },
        {
            "input": "-835 -429 575 371 466 712 116 -252 -384 46 -902 288",
            "output": "-902"
        },
        {
            "input": "-921 -909 -196 906 726 536 -276 467 -310 -456",
            "output": "-921"
        },
        {
            "input": "-555 -153 -278 -119 890 715",
            "output": "-555"
        },
        {
            "input": "148 -219 -580 -378 -652 -459 668 713 -593 717 -520 -547 -808 240 -626 -123 -580 141 -628",
            "output": "-808"
        },
        {
            "input": "-229 80 -21 806 176 -549 -223 44 -817 27 -902 -239 -184",
            "output": "-902"
        },
        {
            "input": "-376 -649 1 -277 740 -240 -70 -938 -1 -821 -528 203 141 951",
            "output": "-938"
        },
        {
            "input": "-77 -593 -444 588 261 557 -970 281 894 192 515 -675 267 80 -129 -296 -674 -331 -454",
            "output": "-970"
        },
        {
            "input": "-470 646 394 -529 -413 -25 237 -372 601 -633 -105 45 773",
            "output": "-633"
        },
        {
            "input": "-915 -431 177 -955 697 -210 828 -121 -952 157 639 134",
            "output": "-955"
        },
        {
            "input": "-480 -912 -38 -410 -372 925 -411 932 159 -778 -363 405 -511 -525 -895 297 -320 252 -755",
            "output": "-912"
        },
        {
            "input": "-244 -218 890 462 -991 -46 -171 384 -743 42 -874 -53 874 -448",
            "output": "-991"
        },
        {
            "input": "392 238 -411 711",
            "output": "-411"
        },
        {
            "input": "726 227 -544 -670",
            "output": "-670"
        },
        {
            "input": "845 10 726",
            "output": "10"
        },
        {
            "input": "-380 -704 212 79 -987 341 -667 176",
            "output": "-987"
        },
        {
            "input": "-280 -359 281 940 -30 216 -568",
            "output": "-568"
        },
        {
            "input": "-872 646 -368 550 42 -919 -570 890 587 784 758 993 -561 -527 -959 -391 -838 426 -5 63",
            "output": "-959"
        },
        {
            "input": "-502 -335 -621 161 917 550 -821",
            "output": "-821"
        },
        {
            "input": "-307 175 -801 878 826 -553 171 223 791 450 511",
            "output": "-801"
        },
        {
            "input": "972 790 -207 -482 966 -669 150 677 839",
            "output": "-669"
        },
        {
            "input": "463 -788 517 395",
            "output": "-788"
        },
        {
            "input": "359 23 -689",
            "output": "-689"
        },
        {
            "input": "776 218 -545",
            "output": "-545"
        },
        {
            "input": "924 439 563 -294 932 -366 -946 922 982 -228",
            "output": "-946"
        },
        {
            "input": "246 541 -344 -187 886 -848 375",
            "output": "-848"
        },
        {
            "input": "-74 -565 914 -629",
            "output": "-629"
        },
        {
            "input": "-618 -737 -2 386 -726 -572 500 -111 932 -322 -534 -90 -535 943 -3 -569",
            "output": "-737"
        },
        {
            "input": "-624 -717 254 937",
            "output": "-717"
        },
        {
            "input": "779 386 -434 568 -739 827 260 -139 -252 159 313 -636",
            "output": "-739"
        },
        {
            "input": "805 89 -997 -257 -124 -540 -906 2 -719 -715 35 -940 -863 -143 -145 -31",
            "output": "-997"
        },
        {
            "input": "-476 -581 724 725 -788 -129",
            "output": "-788"
        },
        {
            "input": "-69 124 511 -988 595 324 332 -411",
            "output": "-988"
        },
        {
            "input": "-49 47 478 188 -896 -393 -702 165 -982 605 456 945 344",
            "output": "-982"
        },
        {
            "input": "646 -814 294 719 -735 -900 49 -69 -426 217 -105 -606 86 237 219 -757 22 -484",
            "output": "-900"
        },
        {
            "input": "632 751 -486 653 800 18 -302 -604 -997 42 -143 626",
            "output": "-997"
        },
        {
            "input": "-513 -976 -626 -718 582 856 779 -59 -956 -134 394 939 -974",
            "output": "-976"
        },
        {
            "input": "-72 502 189 241 98 225 93 -574 289 -125",
            "output": "-574"
        },
        {
            "input": "-267 -293 -428 28 150 -340 -408 117 -121 585 -352 -345 605 541 -531 19",
            "output": "-531"
        },
        {
            "input": "-455 487 -438 -970 -248 -902 -731",
            "output": "-970"
        },
        {
            "input": "991 989 588 145 -646 444 343 853 -34 -297 401 -70 561 883 -554",
            "output": "-646"
        },
        {
            "input": "-361 -225 -407 457 -637",
            "output": "-637"
        },
        {
            "input": "-179 88 -968 424 -185 350",
            "output": "-968"
        },
        {
            "input": "-19 -801 -67 311 242 420 830 311 77 -405 -371 -836 -52 -214 -4",
            "output": "-836"
        },
        {
            "input": "-257 -913 -274 -60 -994 -456 -903",
            "output": "-994"
        },
        {
            "input": "-923 -258 480 88 -624 -457 305 -829 -593 146 417 95 768 309 967",
            "output": "-923"
        },
        {
            "input": "-153 468 -67 59 -875 129 -188 -377 -67 -872 729 533 -474 749 -571 -494 771 400 793 849",
            "output": "-875"
        },
        {
            "input": "-682 718 -307 -883 -718 -651 -505 511 -191 839 -582 -909 902 -462 -512 188 -750 116",
            "output": "-909"
        },
        {
            "input": "-83 -750 -848 338 -512 662 135 -117 -883 118",
            "output": "-883"
        },
        {
            "input": "385 -7 603",
            "output": "-7"
        },
        {
            "input": "493 663 196 10 -658 716 -589 -167",
            "output": "-658"
        },
        {
            "input": "255 444 -497 -747 420 -287 -755 857 -180",
            "output": "-755"
        },
        {
            "input": "-329 -458 229 -303 -175 -745 -920 915 570 -130 662",
            "output": "-920"
        },
        {
            "input": "-195 -111 -955 -94 955 -439 -710 -767 32 658 478 44 132",
            "output": "-955"
        },
        {
            "input": "662 -344 877 888 -410 -763 -259 783 -625 -93 -961",
            "output": "-961"
        },
        {
            "input": "-463 879 794 484 31 -956 79 -821 -192 482 -26 -332",
            "output": "-956"
        },
        {
            "input": "-661 -50 883 -890 -774 -970 673 -341 -33 -384 -405 78 -573 -174 184 -4 -176",
            "output": "-970"
        },
        {
            "input": "-208 -91 853 262 -176 -310 940 -946 854 748 346 269 -315 521",
            "output": "-946"
        },
        {
            "input": "89 -961 -829 838 461 16 973 823",
            "output": "-961"
        },
        {
            "input": "343 484 -327 -865 105 -201 475 -570 -967 497 -844 -756 222 955 451",
            "output": "-967"
        },
        {
            "input": "-816 606 767 -781 -141 -299 -405 -807 181",
            "output": "-816"
        },
        {
            "input": "310 -978 -658 -477 756 -639 607 -770 -778 317 226 -518",
            "output": "-978"
        },
        {
            "input": "181 -690 238 -951 -499 141",
            "output": "-951"
        },
        {
            "input": "-668 -30 746 835 -567 -111",
            "output": "-668"
        },
        {
            "input": "-613 537 800 865 -759 170 -306 138 946 -344 -496 -597",
            "output": "-759"
        },
        {
            "input": "151 249 194 -530 284 764 740 -298 476 -909 678 -751 -236 763 453 -23 84",
            "output": "-909"
        },
        {
            "input": "15 -978 396 681 409 -745 316 468 -889 812 185 588 659 106 923 -535 -962 -867",
            "output": "-978"
        },
        {
            "input": "102 -634 228 -219 981 128 -789 23 -722 184 126 547 -752 169 99 -850",
            "output": "-850"
        },
        {
            "input": "824 -564 -240 818 720 579 -677 21 -267 330 459 875 587",
            "output": "-677"
        },
        {
            "input": "82 479 175 609 -18 -729 -627",
            "output": "-729"
        },
        {
            "input": "642 -522 671 187 193 -112 467",
            "output": "-522"
        },
        {
            "input": "-559 290 271 999 -633 509 315 -400 387 -277 -956 146 168 -369 657 -392 -874 465",
            "output": "-956"
        },
        {
            "input": "326 417 -228 -898 -463 344",
            "output": "-898"
        },
        {
            "input": "47 -19 420 695 784 182 -763",
            "output": "-763"
        },
        {
            "input": "-768 496 597 759 -194 710 -315 -731 -906 -174 -86 -543 806 537 -875 366 901 833 -523",
            "output": "-906"
        },
        {
            "input": "758 -63 -53 489 -243 -786 79 -908 750 -920 974 -717",
            "output": "-920"
        },
        {
            "input": "-485 -381 930 -399 -892 -614 -712 -202 -342",
            "output": "-892"
        },
        {
            "input": "-544 691 231 -962 -961 -775 694 -785 -337 -665",
            "output": "-962"
        },
        {
            "input": "-120 764 -814 103",
            "output": "-814"
        },
        {
            "input": "782 643 -102 -889 -757 145 382 -905 321 575 793 122 702 960 675 896 -937",
            "output": "-937"
        },
        {
            "input": "-514 -740 456 -987 -262 435 -548 626 872 601 -633 598 184 791 -255 -569",
            "output": "-987"
        },
        {
            "input": "450 -986 -531 945 816 239 -957 79 -720 -616 -570 -602 155 4 60 47 105",
            "output": "-986"
        },
        {
            "input": "331 -862 -577 -596 -56 135 762 472 739 -862",
            "output": "-862"
        },
        {
            "input": "988 832 415 738 -340 770 -830 686 388 -567 -394 -769 364 26 146 -865 -788 -612 -187 -844",
            "output": "-865"
        },
        {
            "input": "403 -703 -35 -231 -649 952 -824",
            "output": "-824"
        },
        {
            "input": "497 -386 802 -72 871 54 611 683 -654 943 878 -577 142 896 584 311 405 60",
            "output": "-654"
        },
        {
            "input": "-301 -366 -378 126 982 -342 7 117 -844 242 -21 -680 -632 51 -998",
            "output": "-998"
        },
        {
            "input": "-533 727 535 -295 435 459",
            "output": "-533"
        },
        {
            "input": "-747 -539 69 -187 316 -299 650 918 180 -726 454 -24",
            "output": "-747"
        },
        {
            "input": "-5 -948 350 354 -200 -784",
            "output": "-948"
        },
        {
            "input": "131 -763 823 72 -506 15 -188 446 -362 -388 107 41 792 95 6 -602",
            "output": "-763"
        },
        {
            "input": "-725 -7 -855",
            "output": "-855"
        },
        {
            "input": "990 921 -723 617 958 940 -892",
            "output": "-892"
        },
        {
            "input": "203 -814 -412",
            "output": "-814"
        },
        {
            "input": "-931 453 803 -136 -350 -537 -796 -623 -469",
            "output": "-931"
        },
        {
            "input": "894 184 914 -220 839 -604 115 268 -410 469 662 -243 193 -7 77 -288 197 -335 350",
            "output": "-604"
        },
        {
            "input": "732 -553 -802 737",
            "output": "-802"
        },
        {
            "input": "-253 132 -293 459 228 330 350 573 358 371 -823",
            "output": "-823"
        },
        {
            "input": "356 -220 -787",
            "output": "-787"
        },
        {
            "input": "-984 -132 667 -817 -886 -636 -208 373 -609 -891 733 -241 994 431 759 -234 662 -351",
            "output": "-984"
        },
        {
            "input": "405 389 634 -487 120 -363 -508 309 -143 84 848 497 321 464 -780 -508 831 513 873 290",
            "output": "-780"
        },
        {
            "input": "658 -581 -549 602 315 219 -813 248 -495",
            "output": "-813"
        },
        {
            "input": "481 -413 271 -342 448 -572 520",
            "output": "-572"
        },
        {
            "input": "0 17 496 -353 -564 -700 897 940 -967 -329 -492",
            "output": "-967"
        },
        {
            "input": "765 858 333 -765 669 -385 -729 720 633 554 -591 -218 743 -413 466 511",
            "output": "-765"
        },
        {
            "input": "-194 -15 -468 -380 -316 350 938 15 -332 -913 158 -865 423 -196 -687 845 585 -940 770",
            "output": "-940"
        },
        {
            "input": "-613 -91 658 -103 -384 -580 992 412 340 -690 395 -714 945 -970 -537 -734 748",
            "output": "-970"
        },
        {
            "input": "-20 17 439 -782 -370 -478 -448",
            "output": "-782"
        },
        {
            "input": "935 556 569 427 643 725 612 -915 507 119 -423 -749",
            "output": "-915"
        },
        {
            "input": "-16 612 959",
            "output": "-16"
        },
        {
            "input": "-428 53 926 275 726",
            "output": "-428"
        },
        {
            "input": "-597 -690 -100 -450 -725 -42 109",
            "output": "-725"
        },
        {
            "input": "119 354 973 -268 -588 750 586 590 -311 -478 -454 801 406 186 -49 -195 -630 916",
            "output": "-630"
        },
        {
            "input": "-954 487 -638 706 -789",
            "output": "-954"
        },
        {
            "input": "310 -577 421 -549 -62 403 -979 -642 760 588 889 69 -901 -270 -239 -298 284",
            "output": "-979"
        },
        {
            "input": "795 -335 -549 -612 640 271 -684 -794 907 -530 43 -387 899",
            "output": "-794"
        },
        {
            "input": "-152 751 693 908 952 59",
            "output": "-152"
        },
        {
            "input": "84 576 -638 -927 -636 -934 816 -357 -522 -287 -582 870 -500 -145 67",
            "output": "-934"
        },
        {
            "input": "245 -317 -499 429 520",
            "output": "-499"
        },
        {
            "input": "-888 562 833 -921 506 16 484 765 701 -739 452 -797 -712 -378 582 -972 821 -489 601",
            "output": "-972"
        },
        {
            "input": "-812 313 962 410 399 448 -766 510 134 -510 257 -889 -551 966 2 -971 -114",
            "output": "-971"
        },
        {
            "input": "862 -220 -280 -720 580 708 -624 292 -156",
            "output": "-720"
        },
        {
            "input": "54 -716 -675 -178 488 -475 448 -729 168 -195",
            "output": "-729"
        },
        {
            "input": "-490 308 -976 -698 -391 395 -995 663",
            "output": "-995"
        },
        {
            "input": "282 148 557 772 -247 337 852 320 978 419 -183 -476 -772 -921 978 165 -406 973 -939 496",
            "output": "-939"
        },
        {
            "input": "883 490 -771 89 770 -583 -923 38 -247 416 539 218 -437 995 32 583 -884",
            "output": "-923"
        },
        {
            "input": "-413 -655 -840 157 327",
            "output": "-840"
        },
        {
            "input": "411 818 -606 -843 -21 -920 497 857 -723 -288 -804 835 -733 9 915 348 -170 262 -664 306",
            "output": "-920"
        },
        {
            "input": "-485 -607 364 600 -716 904 22 230 605 -166 41 313 580 -777",
            "output": "-777"
        },
        {
            "input": "-90 652 324 -556 -650 -296 -308 169 442 289 -179 -74 158 691 565",
            "output": "-650"
        },
        {
            "input": "-931 -415 -714",
            "output": "-931"
        },
        {
            "input": "948 937 -197 591",
            "output": "-197"
        },
        {
            "input": "844 -753 48 -104 473 791 -438 -515 -442",
            "output": "-753"
        },
        {
            "input": "808 736 735 -882 -558 -388",
            "output": "-882"
        },
        {
            "input": "-426 -788 -686",
            "output": "-788"
        },
        {
            "input": "902 -376 -327 722 825",
            "output": "-376"
        },
        {
            "input": "996 -327 403 729 -89 -3 -291 -756",
            "output": "-756"
        },
        {
            "input": "-206 -830 345 978 381 758 -612 -892 795 785 -363 803 251 -945 -753 819 235",
            "output": "-945"
        },
        {
            "input": "799 -806 326 -258 -134 -429 942 -540 -5 597",
            "output": "-806"
        },
        {
            "input": "610 -293 819 -546 -386 -27 -934 -364 92 868 -382 743 -969 -838",
            "output": "-969"
        },
        {
            "input": "-649 -121 61 -120 -261 -591 -802 156 -70 274 238 -712 -671 106",
            "output": "-802"
        },
        {
            "input": "-25 -682 -755 404 -99 570 -589 -992 -225 747 -651 -856 856 -856 -470 -424 558",
            "output": "-992"
        },
        {
            "input": "-467 -586 -416 980 634 -832 663 804 -375 -154 210 -491 -950 157 -928 834 634 -825 -588 152",
            "output": "-950"
        },
        {
            "input": "12 306 169 -988 -590 274 -868 -722 -164 219 616 -258 -398",
            "output": "-988"
        },
        {
            "input": "676 -29 -338 -101 875 -104 457 901 -700 904 160 506 -383 668 -64 -741 -194",
            "output": "-741"
        },
        {
            "input": "-937 936 948 -577 -496 -368 582 387 971 -557 -931 -431 -789 856 275 596 813 -268",
            "output": "-937"
        },
        {
            "input": "-547 -158 -25 -215 652",
            "output": "-547"
        },
        {
            "input": "-376 -632 -651 249 790 -606 -14 271 -194 952 627 609 963 -342 -736 654 -338",
            "output": "-736"
        },
        {
            "input": "910 430 299 993 -824 509 761 818 57 180 -623 -438 -69 586 -541",
            "output": "-824"
        },
        {
            "input": "519 -427 632 482 777 113 578 -681 -781 9 47 340 -419 217 -88 -347 840 762",
            "output": "-781"
        },
        {
            "input": "660 -499 132 814 -371 -359 -983 166 -950 379 825 -92",
            "output": "-983"
        },
        {
            "input": "-13 -621 -613 -420 506 705 646 -546 -666 -597 80 833 -736 -985",
            "output": "-985"
        },
        {
            "input": "-569 622 355 929 80 761 360 47 505 -316 941 962 698 293 571",
            "output": "-569"
        },
        {
            "input": "789 907 676 126 717",
            "output": "126"
        },
        {
            "input": "-244 659 826 172 434 981 287 -755 -820 -698 -749 -388 -462",
            "output": "-820"
        },
        {
            "input": "-4 415 -26 613 -579 463 107 -773 -228 -568 543 -859",
            "output": "-859"
        },
        {
            "input": "659 804 31 -916 -418 -713 123 -373 251 740 -666 8",
            "output": "-916"
        },
        {
            "input": "-991 -770 56 859 -884 -679 878 250",
            "output": "-991"
        },
        {
            "input": "-694 -77 -53 746 98 197 56 -682 501 310 -828 135 -469 17 -732 -27 -127 444",
            "output": "-828"
        },
        {
            "input": "-390 115 190 -992",
            "output": "-992"
        },
        {
            "input": "233 -309 195 -161 -639 -30 -6",
            "output": "-639"
        },
        {
            "input": "69 -933 -495 641 -455 883 836 -570 -557 183 608 -825 -28 387 413 593 -989 -896 -321 315",
            "output": "-989"
        },
        {
            "input": "789 904 -123 863 616 -40 563 -841 720 806 711 983 -462 630 947 64 214 -684",
            "output": "-841"
        },
        {
            "input": "839 338 814 661 376 -157 969 140 352 225",
            "output": "-157"
        },
        {
            "input": "927 529 998 259 478 702 -482 181 202 -413 -421 -509 -54 579 572 237 650 871 586",
            "output": "-509"
        },
        {
            "input": "738 872 528 -989 890 309 -569 -444 -929 -243 -217 -886 -349 352 -670 -907 157 -823 527",
            "output": "-989"
        },
        {
            "input": "982 -223 51 39 -426 -698 379 811 -529 282 -868 928 -588",
            "output": "-868"
        },
        {
            "input": "-968 655 -267 -210 -392 387 -926 541 -404 -999 781 635 279 923 491 157 -547 681",
            "output": "-999"
        },
        {
            "input": "921 954 634 -828 -336 955 193 462 713 -240 88 297 -522 -424 974",
            "output": "-828"
        },
        {
            "input": "803 -168 293 344 -49 -359 568 825 -625 -584 469 454 -982 -702 -547",
            "output": "-982"
        },
        {
            "input": "-164 -613 823 951 -933 380 -29 670",
            "output": "-933"
        },
        {
            "input": "0 -257 734 523 656",
            "output": "-257"
        },
        {
            "input": "-527 -676 28 -10 334 -8 -601 774 -594 108 834 660 434 737 661 -276 -510",
            "output": "-676"
        },
        {
            "input": "-466 554 -7 958 -949 -433 -799 520 630 158 243 -431 926 268 -446 -857 452",
            "output": "-949"
        },
        {
            "input": "596 678 -139 965 572",
            "output": "-139"
        },
        {
            "input": "-633 180 121 -730 -626 -22 -210 -54 -285 463 316 32",
            "output": "-730"
        },
        {
            "input": "-280 -794 -19 -771 -953 -206 -900 511 -475 783 -672 338 -587 794 668 -197 477",
            "output": "-953"
        },
        {
            "input": "-983 770 407 -767 -352 -288",
            "output": "-983"
        },
        {
            "input": "427 868 -350 183 997 585 -398 940 -975 351 -597 618 -599 -125 -260 1 646 130",
            "output": "-975"
        },
        {
            "input": "-785 295 -948 -257 -686 -980 218 -146 -380 -316 114",
            "output": "-980"
        },
        {
            "input": "882 -105 96 511 -120 801 -598 96 -134 -289 -215 418 -789 -146 -212",
            "output": "-789"
        },
        {
            "input": "883 -729 -496 676 560 -377",
            "output": "-729"
        },
        {
            "input": "877 798 -74 -304 -178 562 559 -369 -462 -439 166 67 835 -648 96",
            "output": "-648"
        },
        {
            "input": "-983 454 414 -992 -895 554 -156",
            "output": "-992"
        },
        {
            "input": "-168 987 -394 -278 -827 711 565 796 775 -857 575 174 414 -467 -596",
            "output": "-857"
        },
        {
            "input": "392 570 -597 601 -70 -951",
            "output": "-951"
        },
        {
            "input": "-328 712 383 347 -802 -967 -798 307",
            "output": "-967"
        },
        {
            "input": "-114 -826 642 262 -13 101 277 798 990 -921 858 108 324 963",
            "output": "-921"
        },
        {
            "input": "279 12 -813 -318 263 -661 -319 215",
            "output": "-813"
        },
        {
            "input": "36 -249 181 -665 -329 -944 -672",
            "output": "-944"
        },
        {
            "input": "-565 896 -647 335",
            "output": "-647"
        },
        {
            "input": "-750 -887 -700 -720 111 -590 368 884 893 -127 593",
            "output": "-887"
        },
        {
            "input": "-545 213 80 -571 -949 356 -136 -854 -873 -870 578 244 -728 -925 375 229",
            "output": "-949"
        },
        {
            "input": "-560 311 328 267 -335 -797 -272 -980 32 454 127 -430 -281",
            "output": "-980"
        },
        {
            "input": "936 686 117 7 -689 -459 -24 197 -29 477 -764 774 -963 489 548 -111",
            "output": "-963"
        },
        {
            "input": "745 216 -95 -272 -1000 314 -781 -208 -296 704 405 -689 -277 155 -14 -96 233 475",
            "output": "-1000"
        },
        {
            "input": "250 -854 -959 319 651 -327 -510",
            "output": "-959"
        },
        {
            "input": "763 685 -244 786 -305 -634 -224 -666 684 -300 314 -535 934 -96 -550 -209 815 377",
            "output": "-666"
        },
        {
            "input": "-553 936 325 80 -807 696 764 -519 -208 883",
            "output": "-807"
        },
        {
            "input": "739 109 796 -721 518",
            "output": "-721"
        },
        {
            "input": "747 -549 200 -167 -808 832 258 -214 727 466",
            "output": "-808"
        },
        {
            "input": "-283 -582 137 -191 -828 441 663 -182 682 314 989 -717 -511 -556",
            "output": "-828"
        },
        {
            "input": "596 -419 172 -477 -324 -414 -832 676 -891 -809 905 -128 378 -653 402 -927 767 342 238",
            "output": "-927"
        },
        {
            "input": "-571 462 -564 -898",
            "output": "-898"
        },
        {
            "input": "-962 355 824",
            "output": "-962"
        },
        {
            "input": "839 -502 308",
            "output": "-502"
        },
        {
            "input": "790 -205 -871 -440 277 630 663 -895 349 -350 -769 400",
            "output": "-895"
        },
        {
            "input": "382 225 -340 630 759 879 435",
            "output": "-340"
        },
        {
            "input": "733 456 812",
            "output": "456"
        },
        {
            "input": "541 981 -128 -888 931 -953 766",
            "output": "-953"
        },
        {
            "input": "-107 134 808 379",
            "output": "-107"
        },
        {
            "input": "347 539 -217 286 933 935 986 -818 -529 991 586 -3 -701 -485",
            "output": "-818"
        },
        {
            "input": "-37 -791 875 489 443",
            "output": "-791"
        },
        {
            "input": "-374 845 551 -231 818 611 620 211 475 776 -236 -999 -573 -361",
            "output": "-999"
        },
        {
            "input": "714 -819 -720 -432 183 46",
            "output": "-819"
        },
        {
            "input": "428 -929 -259 359 54 -975 -880 559 896 -867 -137",
            "output": "-975"
        },
        {
            "input": "-968 624 -497 -583 69 600 733",
            "output": "-968"
        },
        {
            "input": "40 -897 -588 445 -371 373 -462 -52 900 809 399 944 -385",
            "output": "-897"
        },
        {
            "input": "-946 -300 -108 -431",
            "output": "-946"
        },
        {
            "input": "-941 -133 -122 -417 -513 168 -49",
            "output": "-941"
        },
        {
            "input": "-233 -391 -498 -139 -627 977 493 -577 -273 570 -304",
            "output": "-627"
        },
        {
            "input": "485 -109 610 699 139 267 790 -488 -865 496 673 860 195 -779 266 -77",
            "output": "-865"
        },
        {
            "input": "-272 157 -365 -612 54 -496 396 320 763 -967 523 663 -374 -512 188 451 759",
            "output": "-967"
        },
        {
            "input": "135 363 679 127 430 -145 -517 -154 791 -184 576 55 663 783 632 -282 -182 -864 -900",
            "output": "-900"
        },
        {
            "input": "-505 937 944 146 301 869 425 -631 -549 -614 353 180 865 624 -660 -621",
            "output": "-660"
        },
        {
            "input": "696 -522 -465 -625 -707 727 509 -712 843 -42 -773",
            "output": "-773"
        },
        {
            "input": "32 348 -561 -96 -173 515 -144 -347 -700 -114 -271 -152",
            "output": "-700"
        },
        {
            "input": "235 -48 451",
            "output": "-48"
        },
        {
            "input": "-706 -856 -311 -362 142 930 -346 436 -867 590 966 -327",
            "output": "-867"
        },
        {
            "input": "33 21 475 9 -410 349 -728 -889 494 -603 727 -501 -225",
            "output": "-889"
        },
        {
            "input": "99 619 -489 -142 -229 221 -819 -285 -297",
            "output": "-819"
        },
        {
            "input": "-11 259 -18 239 -477 -659 -364 795 -768 917",
            "output": "-768"
        },
        {
            "input": "263 788 949 -83 913 260",
            "output": "-83"
        },
        {
            "input": "-354 -384 -178 -847",
            "output": "-847"
        },
        {
            "input": "-178 -373 933 549 310",
            "output": "-373"
        },
        {
            "input": "-793 293 15 285 712 -60 316 197 -67 -396 -698 -161 751 -184 -858 752 13",
            "output": "-858"
        },
        {
            "input": "-463 985 892 88 -473 233 603 -351 -224 -339 267",
            "output": "-473"
        },
        {
            "input": "-271 -928 -807 370 329 -199 106 -613 251 960 -467 -709 -406",
            "output": "-928"
        },
        {
            "input": "800 -945 789",
            "output": "-945"
        },
        {
            "input": "-577 -816 89 -188 723 2 -552 -269 -278 856 415 930 -823 -492 932 316",
            "output": "-823"
        },
        {
            "input": "240 619 767 239 -712 -823 -592 404 -742 97 -651 -159 -381 -11 -897 -490 867 -434",
            "output": "-897"
        },
        {
            "input": "213 554 -517 325 -507 951 -246 -740 -505 747 -166 -665 -287 -447",
            "output": "-740"
        },
        {
            "input": "-825 843 490 -482 907 -860 352 -294 -948 317 509 -705 -972 -751 -114 383 -625 -492 -341",
            "output": "-972"
        },
        {
            "input": "300 957 -964 430 -853 228 -114 426 976",
            "output": "-964"
        },
        {
            "input": "327 102 -495 998 -99 -537 371 865 -469 -16",
            "output": "-537"
        },
        {
            "input": "-834 791 534",
            "output": "-834"
        },
        {
            "input": "12 -367 -58 -333",
            "output": "-367"
        },
        {
            "input": "-43 690 955 219 685 -980 -134 -557 -471 245 559 361 529 86",
            "output": "-980"
        },
        {
            "input": "704 -213 -493 680 -701 337 -932 596 -904 821 -19 901 593 -874 -843 -750 289 -490 -103 -534",
            "output": "-932"
        },
        {
            "input": "894 393 -74 259 419 951 -49",
            "output": "-74"
        },
        {
            "input": "-380 438 354 -233 681 943 603 318 -884 -322 -238",
            "output": "-884"
        },
        {
            "input": "321 757 626 760 -190 -289 -748 -334 -212 47 846",
            "output": "-748"
        },
        {
            "input": "-772 922 637",
            "output": "-772"
        },
        {
            "input": "911 731 371 -702 -44",
            "output": "-702"
        },
        {
            "input": "-591 -304 449 -80 -851",
            "output": "-851"
        },
        {
            "input": "-749 344 -270 611 142 900 430 -874 -267 -395 -3 787 793 -258 -370 820 90 607 -307 304",
            "output": "-874"
        },
        {
            "input": "570 -381 -884 753",
            "output": "-884"
        },
        {
            "input": "-738 -889 -249 10 67 -922 -516 -503 368 -120 -178 -857 -696 -926 471 -765 -154 -899 -46",
            "output": "-926"
        },
        {
            "input": "-554 81 237 745 564 -983 -470 -432 629 563 219 685 -500 -246 -33 795 -999",
            "output": "-999"
        },
        {
            "input": "685 -675 -386 -238 -322 -339 -777 -253 673 -646 -124 -117 790 -134 288 -627 -663 285 856",
            "output": "-777"
        },
        {
            "input": "-410 -367 -635 753 530 850 -30 799 -624 -337 311 -6 -439 1000 952 691",
            "output": "-635"
        },
        {
            "input": "-97 539 -585 441 -235 603 405 -556 508 -176 -457",
            "output": "-585"
        },
        {
            "input": "968 -82 596 497 651 -174 851 -118 -496 -774",
            "output": "-774"
        },
        {
            "input": "948 -626 358 462 975 -455 -481 323 -30 -829 574 -752 -937 -655 978",
            "output": "-937"
        },
        {
            "input": "999 33 68 -777 328 483 325 34 999",
            "output": "-777"
        },
        {
            "input": "-895 758 59 -565 -98 559 806 -287",
            "output": "-895"
        },
        {
            "input": "109 161 -609 697 933 -975 -868 349 388 562 905 -534 -744 757 -997 -522 -689 -108",
            "output": "-997"
        },
        {
            "input": "223 -548 -544 -903 -500 733 123 -475 87 867 -83 -29 686 -74 -862 841",
            "output": "-903"
        },
        {
            "input": "393 -170 839 998 -970 -382 25 982 -609 -470",
            "output": "-970"
        },
        {
            "input": "-235 600 913 805 918 756 -177 440 -841 -423 -248 -610 -324 930 418 -119 940",
            "output": "-841"
        },
        {
            "input": "875 938 111 541 -406 -236 966",
            "output": "-406"
        },
        {
            "input": "248 -191 -900 947 317 -824 -661 -1000 415 -560 809 -965 801 849 -258 -899 -842 777 -471",
            "output": "-1000"
        },
        {
            "input": "-481 850 501 -289 -15",
            "output": "-481"
        },
        {
            "input": "-821 -522 -115 120 809 -945 -885 -245 -617 -963 -884 50 374 973",
            "output": "-963"
        },
        {
            "input": "206 621 -527 670 -437",
            "output": "-527"
        },
        {
            "input": "75 319 290",
            "output": "75"
        },
        {
            "input": "-481 -885 -446 -143 802 -68 -258 -359 976",
            "output": "-885"
        },
        {
            "input": "-702 -545 85 -774 -190 -310 -967 54 -601 -77 196 809 -167 163 613 -137",
            "output": "-967"
        },
        {
            "input": "217 -886 919 831 389 704 675 -437 -446 356 790",
            "output": "-886"
        },
        {
            "input": "-211 336 197 364 129 175 895 -505 -272 113",
            "output": "-505"
        },
        {
            "input": "336 -96 422 -770 331 -999 -101 -626 -658 341 231 -978 -281 -256 321",
            "output": "-999"
        },
        {
            "input": "-489 -449 941 838 268 387 -38 479",
            "output": "-489"
        },
        {
            "input": "485 515 524 77 -866 842 -36 -267",
            "output": "-866"
        },
        {
            "input": "167 -674 -900 833 -441 958 912 414 -759 226 525",
            "output": "-900"
        },
        {
            "input": "-937 -863 230 155",
            "output": "-937"
        },
        {
            "input": "211 -818 -271 923 993 -797",
            "output": "-818"
        },
        {
            "input": "-961 249 -971 -399 -30 -43 822 466 -256 -502 -214 -327 -109 871 -796 -622",
            "output": "-971"
        },
        {
            "input": "-234 -617 688 -616 -827 131 197 391 340 746 -771 786 107 524 -315 738 -18 80 -122",
            "output": "-827"
        },
        {
            "input": "-101 242 -972 -265 -706 21 -996 -674 -19 145 459 737 569 166 75 -546 974",
            "output": "-996"
        },
        {
            "input": "-325 733 -753 625 192 -928 29",
            "output": "-928"
        },
        {
            "input": "457 744 788 -59 122 10 18 -313 667 -459 530 -636 -573",
            "output": "-636"
        },
        {
            "input": "-397 673 452 -257 -179 -74 118 461 222 -338 -434 -928 199 301 -754",
            "output": "-928"
        },
        {
            "input": "-134 -101 -189 130 872 823 895 -539 64 10 -648 150 11 309 442 218 94",
            "output": "-648"
        },
        {
            "input": "256 625 -824 154 720 -293 -79 -805 -210 -772 21 -176 -74 252 891 297 -202 -499",
            "output": "-824"
        },
        {
            "input": "-91 553 694 -83 -431 -9 -451 -277 649 66 15 -301 -897 -495",
            "output": "-897"
        },
        {
            "input": "-483 -920 150 -560 963",
            "output": "-920"
        },
        {
            "input": "649 -509 -389 366 293 -398 632 935 862 653 -257 -802",
            "output": "-802"
        },
        {
            "input": "-267 -754 -572 -622 -87 629 -69 791",
            "output": "-754"
        },
        {
            "input": "307 -112 -850 -210 663 633 -792 470 -220",
            "output": "-850"
        },
        {
            "input": "-784 640 -125 699 -928 494 -458 -620 -34 698 -663",
            "output": "-928"
        },
        {
            "input": "435 862 731 -154 -400 -679 -19",
            "output": "-679"
        },
        {
            "input": "-118 -831 -540 232 836 -332 241 300 436 -884 142 -557 -416 -880 -580",
            "output": "-884"
        },
        {
            "input": "-180 -670 694 -47 -454 -271 642",
            "output": "-670"
        },
        {
            "input": "877 -663 844 864 -845",
            "output": "-845"
        },
        {
            "input": "286 -704 -636 65 -332 510 -996",
            "output": "-996"
        },
        {
            "input": "-579 -685 864 731",
            "output": "-685"
        },
        {
            "input": "-297 -890 -436 954 -466 -90 706 -18 -175",
            "output": "-890"
        },
        {
            "input": "-406 888 -869 670 -414 798 204 -409 796 15 -972 561 -554 -438 -558",
            "output": "-972"
        },
        {
            "input": "834 -797 -904 712 448 -326 718 -465 -530 934 977 -910 410 499 -909 650",
            "output": "-910"
        },
        {
            "input": "471 973 471 -20 574 352 -665 -889 868 -828 -725 -611 -297 -677 521 976 37 834 -757",
            "output": "-889"
        },
        {
            "input": "-932 510 470 834 846 843 -779 -405 165 -698 509 -45 -377 187 -179 933 895 -877 180 640",
            "output": "-932"
        },
        {
            "input": "-833 734 -742 -620 429 -429 -415 -39 76 131 -899 15 -35 938 347",
            "output": "-899"
        },
        {
            "input": "465 -577 449 -850 -623 -628 766 898 809 332 355 53 194 670 -366 -170",
            "output": "-850"
        },
        {
            "input": "-222 -715 -389 -207 -524 700 -565 -548 1 -877",
            "output": "-877"
        },
        {
            "input": "-133 41 -413 -479 -550 854 704",
            "output": "-550"
        },
        {
            "input": "381 697 819 472 -683 107 -523 549",
            "output": "-683"
        },
        {
            "input": "-227 -704 -483 -783 -809 425 -625 469 140 690 -473 -270 39 -194 203 -713 -224",
            "output": "-809"
        },
        {
            "input": "-287 -905 -822 -691 428 921 499 -454 -931 870 620 667 927 -122 877 -604",
            "output": "-931"
        },
        {
            "input": "769 134 601 -136 948 648 -928 -958 174 -22",
            "output": "-958"
        },
        {
            "input": "-610 987 942 81",
            "output": "-610"
        },
        {
            "input": "701 992 -469 428",
            "output": "-469"
        },
        {
            "input": "653 -398 -261 485 16 122 991 595",
            "output": "-398"
        },
        {
            "input": "52 -979 912 50 -587 -858 930 413",
            "output": "-979"
        },
        {
            "input": "-336 814 -45 474 -417 -944 -2 197 -431 -511 263 -831 227 62 -120 -91 -926 -333 181 74",
            "output": "-944"
        },
        {
            "input": "438 -89 776 -103 473 144 -351 -765 -294 875 -470 -119 -592 808 -553 -119 841 -941 -883",
            "output": "-941"
        },
        {
            "input": "-619 361 -775 -15 544 -976 36 984 -388 944 445 -897",
            "output": "-976"
        },
        {
            "input": "-726 -942 149 -207 -9 -875 19 -978 480 82 995 491 615",
            "output": "-978"
        },
        {
            "input": "-469 515 -58 -611 -681 -291 -637",
            "output": "-681"
        },
        {
            "input": "668 -221 -646 261 779 -300 965 879",
            "output": "-646"
        },
        {
            "input": "62 907 364 449 76 921 -158 -375 -869 -40 -867 20 421 797 -455 413 -276",
            "output": "-869"
        },
        {
            "input": "-393 337 820 328 900 828 690 47",
            "output": "-393"
        },
        {
            "input": "-892 562 -854 -382 341 -891",
            "output": "-892"
        },
        {
            "input": "571 334 622 -955 610 -180 -199 518 36 -280 -263 -15 -831 -180",
            "output": "-955"
        },
        {
            "input": "653 348 -663 -56 105",
            "output": "-663"
        },
        {
            "input": "267 -875 862 -551 111 -984 592",
            "output": "-984"
        },
        {
            "input": "586 -598 81 -90",
            "output": "-598"
        },
        {
            "input": "-1000 -287 -664 -613 -475 105 -19 -910 357 -546 170 997 -784 -665 470 -724",
            "output": "-1000"
        },
        {
            "input": "-821 -870 -646 752 -926 -203 -143 110",
            "output": "-926"
        },
        {
            "input": "514 935 670 288 -668 4 543 -357 -524 568",
            "output": "-668"
        },
        {
            "input": "978 -147 195 102 127 -591 -221 -869 183 -381 663 909 127 -950 513 417 77 -609 -868",
            "output": "-950"
        },
        {
            "input": "-50 432 981 68 250 798 997 -643 -380 888 314 -673 -814 -967 494 658 -58",
            "output": "-967"
        },
        {
            "input": "-590 -64 -654 -611 357 570 338 247 305 -901",
            "output": "-901"
        },
        {
            "input": "-606 -350 -255 431 -967 74 -492 230 -993 -659 -124 135 252 -102 955 -768 -303 143 -670 -394",
            "output": "-993"
        }
    ]
}