{
    "id": "square_of_a_number",
    "title": "Square of a Number",
    "description": "Calculate the square of a given integer N.",
    "input_format": "A single integer N.",
    "output_format": "A single integer representing N * N.",
    "constraints": {
        "N": "1 <= N <= 1000"
    },
    "judge_mode": "FIRST_FAIL",
    "time_limit": 1,
    "sample_test_cases": [
        {
            "input": "5",
            "output": "25"
        },
        {
            "input": "10",
            "output": "100"
        }
    ],
    "hidden_test_cases": [
        {
            "input": "352",
            "output": "123904"
        },
        {
            "input": "562",
            "output": "315844"
        },
        {
            "input": "239",
            "output": "57121"
        },
        {
            "input": "835",
            "output": "697225"
        },
        {
            "input": "730",
            "output": "532900"
        },
        {
            "input": "191",
            "output": "36481"
        },
        {
            "input": "266",
            "output": "70756"
        },
        {
            "input": "137",
            "output": "18769"
        },
        {
            "input": "509",
            "output": "259081"
        },
        {
            "input": "997",
            "output": "994009"
        },
        {
            "input": "163",
            "output": "26569"
        },
        {
            "input": "264",
            "output": "69696"
        },
        {
            "input": "862",
            "output": "743044"
        },
        {
            "input": "149",
            "output": "22201"
        },
        {
            "input": "150",
            "output": "22500"
        },
        {
            "input": "183",
            "output": "33489"
        },
        {
            "input": "838",
            "output": "702244"
        },
        {
            "input": "269",
            "output": "72361"
        },
        {
            "input": "483",
            "output": "233289"
        },
        {
            "input": "649",
            "output": "421201"
        },
        {
            "input": "170",
            "output": "28900"
        },
        {
            "input": "968",
            "output": "937024"
        },
        {
            "input": "685",
            "output": "469225"
        },
        {
            "input": "524",
            "output": "274576"
        },
        {
            "input": "970",
            "output": "940900"
        },
        {
            "input": "785",
            "output": "616225"
        },
        {
            "input": "354",
            "output": "125316"
        },
        {
            "input": "339",
            "output": "114921"
        },
        {
            "input": "270",
            "output": "72900"
        },
        {
            "input": "585",
            "output": "342225"
        },
        {
            "input": "46",
            "output": "2116"
        },
        {
            "input": "533",
            "output": "284089"
        },
        {
            "input": "82",
            "output": "6724"
        },
        {
            "input": "314",
            "output": "98596"
        },
        {
            "input": "663",
            "output": "439569"
        },
        {
            "input": "32",
            "output": "1024"
        },
        {
            "input": "511",
            "output": "261121"
        },
        {
            "input": "750",
            "output": "562500"
        },
        {
            "input": "520",
            "output": "270400"
        },
        {
            "input": "98",
            "output": "9604"
        },
        {
            "input": "48",
            "output": "2304"
        },
        {
            "input": "515",
            "output": "265225"
        },
        {
            "input": "500",
            "output": "250000"
        },
        {
            "input": "680",
            "output": "462400"
        },
        {
            "input": "827",
            "output": "683929"
        },
        {
            "input": "285",
            "output": "81225"
        },
        {
            "input": "502",
            "output": "252004"
        },
        {
            "input": "726",
            "output": "527076"
        },
        {
            "input": "422",
            "output": "178084"
        },
        {
            "input": "684",
            "output": "467856"
        },
        {
            "input": "892",
            "output": "795664"
        },
        {
            "input": "414",
            "output": "171396"
        },
        {
            "input": "118",
            "output": "13924"
        },
        {
            "input": "470",
            "output": "220900"
        },
        {
            "input": "152",
            "output": "23104"
        },
        {
            "input": "27",
            "output": "729"
        },
        {
            "input": "951",
            "output": "904401"
        },
        {
            "input": "577",
            "output": "332929"
        },
        {
            "input": "93",
            "output": "8649"
        },
        {
            "input": "278",
            "output": "77284"
        },
        {
            "input": "404",
            "output": "163216"
        },
        {
            "input": "616",
            "output": "379456"
        },
        {
            "input": "776",
            "output": "602176"
        },
        {
            "input": "64",
            "output": "4096"
        },
        {
            "input": "915",
            "output": "837225"
        },
        {
            "input": "907",
            "output": "822649"
        },
        {
            "input": "772",
            "output": "595984"
        },
        {
            "input": "409",
            "output": "167281"
        },
        {
            "input": "971",
            "output": "942841"
        },
        {
            "input": "211",
            "output": "44521"
        },
        {
            "input": "624",
            "output": "389376"
        },
        {
            "input": "877",
            "output": "769129"
        },
        {
            "input": "484",
            "output": "234256"
        },
        {
            "input": "209",
            "output": "43681"
        },
        {
            "input": "486",
            "output": "236196"
        },
        {
            "input": "783",
            "output": "613089"
        },
        {
            "input": "236",
            "output": "55696"
        },
        {
            "input": "561",
            "output": "314721"
        },
        {
            "input": "415",
            "output": "172225"
        },
        {
            "input": "998",
            "output": "996004"
        },
        {
            "input": "324",
            "output": "104976"
        },
        {
            "input": "273",
            "output": "74529"
        },
        {
            "input": "275",
            "output": "75625"
        },
        {
            "input": "299",
            "output": "89401"
        },
        {
            "input": "423",
            "output": "178929"
        },
        {
            "input": "659",
            "output": "434281"
        },
        {
            "input": "88",
            "output": "7744"
        },
        {
            "input": "924",
            "output": "853776"
        },
        {
            "input": "893",
            "output": "797449"
        },
        {
            "input": "541",
            "output": "292681"
        },
        {
            "input": "975",
            "output": "950625"
        },
        {
            "input": "310",
            "output": "96100"
        },
        {
            "input": "696",
            "output": "484416"
        },
        {
            "input": "133",
            "output": "17689"
        },
        {
            "input": "253",
            "output": "64009"
        },
        {
            "input": "316",
            "output": "99856"
        },
        {
            "input": "290",
            "output": "84100"
        },
        {
            "input": "608",
            "output": "369664"
        },
        {
            "input": "644",
            "output": "414736"
        },
        {
            "input": "260",
            "output": "67600"
        },
        {
            "input": "756",
            "output": "571536"
        },
        {
            "input": "475",
            "output": "225625"
        },
        {
            "input": "972",
            "output": "944784"
        },
        {
            "input": "388",
            "output": "150544"
        },
        {
            "input": "961",
            "output": "923521"
        },
        {
            "input": "913",
            "output": "833569"
        },
        {
            "input": "770",
            "output": "592900"
        },
        {
            "input": "357",
            "output": "127449"
        },
        {
            "input": "842",
            "output": "708964"
        },
        {
            "input": "243",
            "output": "59049"
        },
        {
            "input": "6",
            "output": "36"
        },
        {
            "input": "847",
            "output": "717409"
        },
        {
            "input": "504",
            "output": "254016"
        },
        {
            "input": "54",
            "output": "2916"
        },
        {
            "input": "196",
            "output": "38416"
        },
        {
            "input": "920",
            "output": "846400"
        },
        {
            "input": "143",
            "output": "20449"
        },
        {
            "input": "540",
            "output": "291600"
        },
        {
            "input": "188",
            "output": "35344"
        },
        {
            "input": "724",
            "output": "524176"
        },
        {
            "input": "859",
            "output": "737881"
        },
        {
            "input": "895",
            "output": "801025"
        },
        {
            "input": "485",
            "output": "235225"
        },
        {
            "input": "430",
            "output": "184900"
        },
        {
            "input": "463",
            "output": "214369"
        },
        {
            "input": "493",
            "output": "243049"
        },
        {
            "input": "591",
            "output": "349281"
        },
        {
            "input": "888",
            "output": "788544"
        },
        {
            "input": "979",
            "output": "958441"
        },
        {
            "input": "336",
            "output": "112896"
        },
        {
            "input": "904",
            "output": "817216"
        },
        {
            "input": "670",
            "output": "448900"
        },
        {
            "input": "182",
            "output": "33124"
        },
        {
            "input": "911",
            "output": "829921"
        },
        {
            "input": "155",
            "output": "24025"
        },
        {
            "input": "621",
            "output": "385641"
        },
        {
            "input": "651",
            "output": "423801"
        },
        {
            "input": "375",
            "output": "140625"
        },
        {
            "input": "206",
            "output": "42436"
        },
        {
            "input": "301",
            "output": "90601"
        },
        {
            "input": "406",
            "output": "164836"
        },
        {
            "input": "473",
            "output": "223729"
        },
        {
            "input": "231",
            "output": "53361"
        },
        {
            "input": "474",
            "output": "224676"
        },
        {
            "input": "574",
            "output": "329476"
        },
        {
            "input": "187",
            "output": "34969"
        },
        {
            "input": "265",
            "output": "70225"
        },
        {
            "input": "42",
            "output": "1764"
        },
        {
            "input": "860",
            "output": "739600"
        },
        {
            "input": "521",
            "output": "271441"
        },
        {
            "input": "369",
            "output": "136161"
        },
        {
            "input": "462",
            "output": "213444"
        },
        {
            "input": "808",
            "output": "652864"
        },
        {
            "input": "781",
            "output": "609961"
        },
        {
            "input": "713",
            "output": "508369"
        },
        {
            "input": "665",
            "output": "442225"
        },
        {
            "input": "882",
            "output": "777924"
        },
        {
            "input": "864",
            "output": "746496"
        },
        {
            "input": "804",
            "output": "646416"
        },
        {
            "input": "114",
            "output": "12996"
        },
        {
            "input": "341",
            "output": "116281"
        },
        {
            "input": "23",
            "output": "529"
        },
        {
            "input": "848",
            "output": "719104"
        },
        {
            "input": "765",
            "output": "585225"
        },
        {
            "input": "858",
            "output": "736164"
        },
        {
            "input": "398",
            "output": "158404"
        },
        {
            "input": "640",
            "output": "409600"
        },
        {
            "input": "136",
            "output": "18496"
        },
        {
            "input": "899",
            "output": "808201"
        },
        {
            "input": "950",
            "output": "902500"
        },
        {
            "input": "431",
            "output": "185761"
        },
        {
            "input": "85",
            "output": "7225"
        },
        {
            "input": "107",
            "output": "11449"
        },
        {
            "input": "172",
            "output": "29584"
        },
        {
            "input": "228",
            "output": "51984"
        },
        {
            "input": "813",
            "output": "660969"
        },
        {
            "input": "335",
            "output": "112225"
        },
        {
            "input": "83",
            "output": "6889"
        },
        {
            "input": "919",
            "output": "844561"
        },
        {
            "input": "988",
            "output": "976144"
        },
        {
            "input": "662",
            "output": "438244"
        },
        {
            "input": "25",
            "output": "625"
        },
        {
            "input": "567",
            "output": "321489"
        },
        {
            "input": "519",
            "output": "269361"
        },
        {
            "input": "578",
            "output": "334084"
        },
        {
            "input": "293",
            "output": "85849"
        },
        {
            "input": "832",
            "output": "692224"
        },
        {
            "input": "779",
            "output": "606841"
        },
        {
            "input": "759",
            "output": "576081"
        },
        {
            "input": "229",
            "output": "52441"
        },
        {
            "input": "828",
            "output": "685584"
        },
        {
            "input": "146",
            "output": "21316"
        },
        {
            "input": "815",
            "output": "664225"
        },
        {
            "input": "65",
            "output": "4225"
        },
        {
            "input": "743",
            "output": "552049"
        },
        {
            "input": "371",
            "output": "137641"
        },
        {
            "input": "145",
            "output": "21025"
        },
        {
            "input": "658",
            "output": "432964"
        },
        {
            "input": "693",
            "output": "480249"
        },
        {
            "input": "897",
            "output": "804609"
        },
        {
            "input": "164",
            "output": "26896"
        },
        {
            "input": "549",
            "output": "301401"
        },
        {
            "input": "558",
            "output": "311364"
        },
        {
            "input": "122",
            "output": "14884"
        },
        {
            "input": "887",
            "output": "786769"
        },
        {
            "input": "366",
            "output": "133956"
        },
        {
            "input": "104",
            "output": "10816"
        },
        {
            "input": "883",
            "output": "779689"
        },
        {
            "input": "200",
            "output": "40000"
        },
        {
            "input": "936",
            "output": "876096"
        },
        {
            "input": "192",
            "output": "36864"
        },
        {
            "input": "382",
            "output": "145924"
        },
        {
            "input": "158",
            "output": "24964"
        },
        {
            "input": "590",
            "output": "348100"
        },
        {
            "input": "490",
            "output": "240100"
        },
        {
            "input": "328",
            "output": "107584"
        },
        {
            "input": "210",
            "output": "44100"
        },
        {
            "input": "841",
            "output": "707281"
        },
        {
            "input": "7",
            "output": "49"
        },
        {
            "input": "458",
            "output": "209764"
        },
        {
            "input": "709",
            "output": "502681"
        },
        {
            "input": "797",
            "output": "635209"
        },
        {
            "input": "154",
            "output": "23716"
        },
        {
            "input": "55",
            "output": "3025"
        },
        {
            "input": "723",
            "output": "522729"
        },
        {
            "input": "214",
            "output": "45796"
        },
        {
            "input": "631",
            "output": "398161"
        },
        {
            "input": "912",
            "output": "831744"
        },
        {
            "input": "291",
            "output": "84681"
        },
        {
            "input": "646",
            "output": "417316"
        },
        {
            "input": "247",
            "output": "61009"
        },
        {
            "input": "113",
            "output": "12769"
        },
        {
            "input": "330",
            "output": "108900"
        },
        {
            "input": "517",
            "output": "267289"
        },
        {
            "input": "947",
            "output": "896809"
        },
        {
            "input": "714",
            "output": "509796"
        },
        {
            "input": "63",
            "output": "3969"
        },
        {
            "input": "769",
            "output": "591361"
        },
        {
            "input": "878",
            "output": "770884"
        },
        {
            "input": "372",
            "output": "138384"
        },
        {
            "input": "605",
            "output": "366025"
        },
        {
            "input": "955",
            "output": "912025"
        },
        {
            "input": "246",
            "output": "60516"
        },
        {
            "input": "707",
            "output": "499849"
        },
        {
            "input": "287",
            "output": "82369"
        },
        {
            "input": "166",
            "output": "27556"
        },
        {
            "input": "50",
            "output": "2500"
        },
        {
            "input": "937",
            "output": "877969"
        },
        {
            "input": "552",
            "output": "304704"
        },
        {
            "input": "853",
            "output": "727609"
        },
        {
            "input": "690",
            "output": "476100"
        },
        {
            "input": "773",
            "output": "597529"
        },
        {
            "input": "212",
            "output": "44944"
        },
        {
            "input": "528",
            "output": "278784"
        },
        {
            "input": "530",
            "output": "280900"
        },
        {
            "input": "348",
            "output": "121104"
        },
        {
            "input": "3",
            "output": "9"
        },
        {
            "input": "856",
            "output": "732736"
        },
        {
            "input": "999",
            "output": "998001"
        },
        {
            "input": "925",
            "output": "855625"
        },
        {
            "input": "383",
            "output": "146689"
        },
        {
            "input": "60",
            "output": "3600"
        },
        {
            "input": "810",
            "output": "656100"
        },
        {
            "input": "307",
            "output": "94249"
        },
        {
            "input": "926",
            "output": "857476"
        },
        {
            "input": "708",
            "output": "501264"
        },
        {
            "input": "512",
            "output": "262144"
        },
        {
            "input": "874",
            "output": "763876"
        },
        {
            "input": "311",
            "output": "96721"
        },
        {
            "input": "108",
            "output": "11664"
        },
        {
            "input": "81",
            "output": "6561"
        },
        {
            "input": "572",
            "output": "327184"
        },
        {
            "input": "720",
            "output": "518400"
        },
        {
            "input": "786",
            "output": "617796"
        },
        {
            "input": "112",
            "output": "12544"
        },
        {
            "input": "717",
            "output": "514089"
        },
        {
            "input": "18",
            "output": "324"
        },
        {
            "input": "525",
            "output": "275625"
        },
        {
            "input": "963",
            "output": "927369"
        },
        {
            "input": "321",
            "output": "103041"
        },
        {
            "input": "508",
            "output": "258064"
        },
        {
            "input": "523",
            "output": "273529"
        },
        {
            "input": "805",
            "output": "648025"
        },
        {
            "input": "121",
            "output": "14641"
        },
        {
            "input": "588",
            "output": "345744"
        },
        {
            "input": "283",
            "output": "80089"
        },
        {
            "input": "865",
            "output": "748225"
        },
        {
            "input": "178",
            "output": "31684"
        },
        {
            "input": "447",
            "output": "199809"
        },
        {
            "input": "198",
            "output": "39204"
        },
        {
            "input": "606",
            "output": "367236"
        },
        {
            "input": "405",
            "output": "164025"
        },
        {
            "input": "679",
            "output": "461041"
        },
        {
            "input": "207",
            "output": "42849"
        },
        {
            "input": "248",
            "output": "61504"
        },
        {
            "input": "599",
            "output": "358801"
        },
        {
            "input": "565",
            "output": "319225"
        },
        {
            "input": "487",
            "output": "237169"
        },
        {
            "input": "727",
            "output": "528529"
        },
        {
            "input": "603",
            "output": "363609"
        },
        {
            "input": "602",
            "output": "362404"
        },
        {
            "input": "347",
            "output": "120409"
        },
        {
            "input": "157",
            "output": "24649"
        },
        {
            "input": "74",
            "output": "5476"
        },
        {
            "input": "834",
            "output": "695556"
        },
        {
            "input": "901",
            "output": "811801"
        },
        {
            "input": "755",
            "output": "570025"
        },
        {
            "input": "928",
            "output": "861184"
        },
        {
            "input": "934",
            "output": "872356"
        },
        {
            "input": "496",
            "output": "246016"
        },
        {
            "input": "675",
            "output": "455625"
        },
        {
            "input": "380",
            "output": "144400"
        },
        {
            "input": "991",
            "output": "982081"
        },
        {
            "input": "271",
            "output": "73441"
        },
        {
            "input": "476",
            "output": "226576"
        },
        {
            "input": "358",
            "output": "128164"
        },
        {
            "input": "443",
            "output": "196249"
        },
        {
            "input": "801",
            "output": "641601"
        },
        {
            "input": "767",
            "output": "588289"
        },
        {
            "input": "61",
            "output": "3721"
        },
        {
            "input": "506",
            "output": "256036"
        },
        {
            "input": "700",
            "output": "490000"
        },
        {
            "input": "695",
            "output": "483025"
        },
        {
            "input": "595",
            "output": "354025"
        },
        {
            "input": "140",
            "output": "19600"
        },
        {
            "input": "151",
            "output": "22801"
        },
        {
            "input": "973",
            "output": "946729"
        },
        {
            "input": "782",
            "output": "611524"
        },
        {
            "input": "162",
            "output": "26244"
        },
        {
            "input": "837",
            "output": "700569"
        },
        {
            "input": "31",
            "output": "961"
        },
        {
            "input": "128",
            "output": "16384"
        },
        {
            "input": "360",
            "output": "129600"
        },
        {
            "input": "704",
            "output": "495616"
        },
        {
            "input": "642",
            "output": "412164"
        },
        {
            "input": "368",
            "output": "135424"
        },
        {
            "input": "363",
            "output": "131769"
        },
        {
            "input": "41",
            "output": "1681"
        },
        {
            "input": "28",
            "output": "784"
        },
        {
            "input": "758",
            "output": "574564"
        },
        {
            "input": "886",
            "output": "784996"
        },
        {
            "input": "47",
            "output": "2209"
        },
        {
            "input": "204",
            "output": "41616"
        },
        {
            "input": "460",
            "output": "211600"
        },
        {
            "input": "635",
            "output": "403225"
        },
        {
            "input": "518",
            "output": "268324"
        },
        {
            "input": "220",
            "output": "48400"
        },
        {
            "input": "356",
            "output": "126736"
        },
        {
            "input": "656",
            "output": "430336"
        },
        {
            "input": "317",
            "output": "100489"
        },
        {
            "input": "385",
            "output": "148225"
        },
        {
            "input": "655",
            "output": "429025"
        },
        {
            "input": "168",
            "output": "28224"
        },
        {
            "input": "809",
            "output": "654481"
        },
        {
            "input": "232",
            "output": "53824"
        },
        {
            "input": "666",
            "output": "443556"
        },
        {
            "input": "216",
            "output": "46656"
        },
        {
            "input": "413",
            "output": "170569"
        },
        {
            "input": "78",
            "output": "6084"
        },
        {
            "input": "469",
            "output": "219961"
        },
        {
            "input": "744",
            "output": "553536"
        },
        {
            "input": "51",
            "output": "2601"
        },
        {
            "input": "450",
            "output": "202500"
        },
        {
            "input": "498",
            "output": "248004"
        },
        {
            "input": "881",
            "output": "776161"
        },
        {
            "input": "958",
            "output": "917764"
        },
        {
            "input": "226",
            "output": "51076"
        },
        {
            "input": "159",
            "output": "25281"
        },
        {
            "input": "397",
            "output": "157609"
        },
        {
            "input": "435",
            "output": "189225"
        },
        {
            "input": "542",
            "output": "293764"
        },
        {
            "input": "866",
            "output": "749956"
        },
        {
            "input": "764",
            "output": "583696"
        },
        {
            "input": "597",
            "output": "356409"
        },
        {
            "input": "53",
            "output": "2809"
        },
        {
            "input": "757",
            "output": "573049"
        },
        {
            "input": "628",
            "output": "394384"
        },
        {
            "input": "836",
            "output": "698896"
        },
        {
            "input": "89",
            "output": "7921"
        },
        {
            "input": "816",
            "output": "665856"
        },
        {
            "input": "964",
            "output": "929296"
        },
        {
            "input": "931",
            "output": "866761"
        },
        {
            "input": "941",
            "output": "885481"
        },
        {
            "input": "40",
            "output": "1600"
        },
        {
            "input": "870",
            "output": "756900"
        },
        {
            "input": "399",
            "output": "159201"
        },
        {
            "input": "688",
            "output": "473344"
        },
        {
            "input": "737",
            "output": "543169"
        },
        {
            "input": "896",
            "output": "802816"
        },
        {
            "input": "784",
            "output": "614656"
        },
        {
            "input": "8",
            "output": "64"
        },
        {
            "input": "789",
            "output": "622521"
        },
        {
            "input": "594",
            "output": "352836"
        },
        {
            "input": "444",
            "output": "197136"
        },
        {
            "input": "894",
            "output": "799236"
        },
        {
            "input": "272",
            "output": "73984"
        },
        {
            "input": "217",
            "output": "47089"
        },
        {
            "input": "993",
            "output": "986049"
        },
        {
            "input": "224",
            "output": "50176"
        },
        {
            "input": "673",
            "output": "452929"
        },
        {
            "input": "532",
            "output": "283024"
        },
        {
            "input": "202",
            "output": "40804"
        },
        {
            "input": "67",
            "output": "4489"
        },
        {
            "input": "80",
            "output": "6400"
        },
        {
            "input": "625",
            "output": "390625"
        },
        {
            "input": "179",
            "output": "32041"
        },
        {
            "input": "982",
            "output": "964324"
        },
        {
            "input": "884",
            "output": "781456"
        },
        {
            "input": "10",
            "output": "100"
        },
        {
            "input": "68",
            "output": "4624"
        },
        {
            "input": "967",
            "output": "935089"
        },
        {
            "input": "974",
            "output": "948676"
        },
        {
            "input": "274",
            "output": "75076"
        },
        {
            "input": "990",
            "output": "980100"
        },
        {
            "input": "618",
            "output": "381924"
        },
        {
            "input": "305",
            "output": "93025"
        },
        {
            "input": "255",
            "output": "65025"
        },
        {
            "input": "407",
            "output": "165649"
        },
        {
            "input": "579",
            "output": "335241"
        },
        {
            "input": "242",
            "output": "58564"
        },
        {
            "input": "873",
            "output": "762129"
        },
        {
            "input": "56",
            "output": "3136"
        },
        {
            "input": "855",
            "output": "731025"
        },
        {
            "input": "69",
            "output": "4761"
        },
        {
            "input": "71",
            "output": "5041"
        },
        {
            "input": "526",
            "output": "276676"
        },
        {
            "input": "630",
            "output": "396900"
        },
        {
            "input": "505",
            "output": "255025"
        },
        {
            "input": "94",
            "output": "8836"
        },
        {
            "input": "96",
            "output": "9216"
        },
        {
            "input": "102",
            "output": "10404"
        },
        {
            "input": "132",
            "output": "17424"
        },
        {
            "input": "922",
            "output": "850084"
        },
        {
            "input": "914",
            "output": "835396"
        },
        {
            "input": "817",
            "output": "667489"
        },
        {
            "input": "576",
            "output": "331776"
        },
        {
            "input": "614",
            "output": "376996"
        },
        {
            "input": "667",
            "output": "444889"
        },
        {
            "input": "650",
            "output": "422500"
        },
        {
            "input": "186",
            "output": "34596"
        },
        {
            "input": "738",
            "output": "544644"
        },
        {
            "input": "629",
            "output": "395641"
        },
        {
            "input": "62",
            "output": "3844"
        },
        {
            "input": "664",
            "output": "440896"
        },
        {
            "input": "34",
            "output": "1156"
        },
        {
            "input": "702",
            "output": "492804"
        },
        {
            "input": "753",
            "output": "567009"
        },
        {
            "input": "427",
            "output": "182329"
        },
        {
            "input": "379",
            "output": "143641"
        },
        {
            "input": "607",
            "output": "368449"
        },
        {
            "input": "733",
            "output": "537289"
        },
        {
            "input": "218",
            "output": "47524"
        },
        {
            "input": "315",
            "output": "99225"
        },
        {
            "input": "297",
            "output": "88209"
        },
        {
            "input": "825",
            "output": "680625"
        },
        {
            "input": "699",
            "output": "488601"
        },
        {
            "input": "560",
            "output": "313600"
        },
        {
            "input": "425",
            "output": "180625"
        },
        {
            "input": "692",
            "output": "478864"
        },
        {
            "input": "492",
            "output": "242064"
        },
        {
            "input": "75",
            "output": "5625"
        },
        {
            "input": "598",
            "output": "357604"
        },
        {
            "input": "456",
            "output": "207936"
        },
        {
            "input": "223",
            "output": "49729"
        },
        {
            "input": "683",
            "output": "466489"
        },
        {
            "input": "280",
            "output": "78400"
        },
        {
            "input": "433",
            "output": "187489"
        },
        {
            "input": "626",
            "output": "391876"
        },
        {
            "input": "923",
            "output": "851929"
        },
        {
            "input": "839",
            "output": "703921"
        },
        {
            "input": "636",
            "output": "404496"
        },
        {
            "input": "282",
            "output": "79524"
        },
        {
            "input": "672",
            "output": "451584"
        },
        {
            "input": "623",
            "output": "388129"
        },
        {
            "input": "167",
            "output": "27889"
        },
        {
            "input": "466",
            "output": "217156"
        },
        {
            "input": "787",
            "output": "619369"
        },
        {
            "input": "342",
            "output": "116964"
        },
        {
            "input": "969",
            "output": "938961"
        },
        {
            "input": "903",
            "output": "815409"
        },
        {
            "input": "949",
            "output": "900601"
        },
        {
            "input": "983",
            "output": "966289"
        },
        {
            "input": "674",
            "output": "454276"
        },
        {
            "input": "715",
            "output": "511225"
        },
        {
            "input": "507",
            "output": "257049"
        },
        {
            "input": "195",
            "output": "38025"
        },
        {
            "input": "258",
            "output": "66564"
        },
        {
            "input": "746",
            "output": "556516"
        },
        {
            "input": "823",
            "output": "677329"
        },
        {
            "input": "648",
            "output": "419904"
        },
        {
            "input": "503",
            "output": "253009"
        },
        {
            "input": "987",
            "output": "974169"
        },
        {
            "input": "682",
            "output": "465124"
        },
        {
            "input": "119",
            "output": "14161"
        },
        {
            "input": "751",
            "output": "564001"
        },
        {
            "input": "760",
            "output": "577600"
        },
        {
            "input": "609",
            "output": "370881"
        },
        {
            "input": "459",
            "output": "210681"
        },
        {
            "input": "843",
            "output": "710649"
        },
        {
            "input": "762",
            "output": "580644"
        }
    ]
}