{
    "id": "string_length",
    "title": "String Length",
    "description": "Calculate the length of a given string.",
    "input_format": "A single string.",
    "output_format": "An integer representing the length of the string.",
    "constraints": {
        "length": "1 <= length <= 1000"
    },
    "judge_mode": "FIRST_FAIL",
    "time_limit": 1,
    "sample_test_cases": [
        {
            "input": "abc",
            "output": "3"
        },
        {
            "input": "hello world",
            "output": "11"
        }
    ],
    "hidden_test_cases": [
        {
            "input": "ogr",
            "output": "3"
        },
        {
            "input": "bzbuxydn",
            "output": "8"
        },
        {
            "input": "zgdffgpowvgtahpzafymkgzxzsnmwzgmwen",
            "output": "35"
        },
        {
            "input": "xepfkyubogymnvsdurtslzyaktpohppnrkwddmndivt",
            "output": "43"
        },
        {
            "input": "brfcwvhvdyptarmpnrnyhzfs",
            "output": "24"
        },
        {
            "input": "fzuvfimnlylgirglwbgsdysqjxur",
            "output": "28"
        },
        {
            "input": "elzak",
            "output": "5"
        },
        {
            "input": "pfomeoovhlnujtdqzanxvibatjd",
            "output": "27"
        },
        {
            "input": "yuf",
            "output": "3"
        },
        {
            "input": "uvrffewibfvwbfxvkdkfhbtrneln",
            "output": "28"
        },
        {
            "input": "fevcqtpbqdsjdgisbvyyhtd",
            "output": "23"
        },
        {
            "input": "llwdtoiuwxngkfzmdndbmwtifom",
            "output": "27"
        },
        {
            "input": "vdgnzydexfxngcndvaasr",
            "output": "21"
        },
        {
            "input": "ijzwmk",
            "output": "6"
        },
        {
            "input": "xlirndworhhfsjmvvgayvuthqlquxfcmk",
            "output": "33"
        },
        {
            "input": "gkxazxvvbvmxsrsqacixogybjeqd",
            "output": "28"
        },
        {
            "input": "clukndjespvmrfcwoadkvmfmmxrlcxyyjatqqmwc",
            "output": "40"
        },
        {
            "input": "jlgmmlpiwghhfiovkdrkyononyspfdish",
            "output": "33"
        },
        {
            "input": "nkeynpbilwqiqmtrudyh",
            "output": "20"
        },
        {
            "input": "gwdtq",
            "output": "5"
        },
        {
            "input": "xhatpqdokxbwjmeyyprvcopdqsplnuwhxjuzlzlpuzso",
            "output": "44"
        },
        {
            "input": "qdfwrivvzleixoqlnvpgykaswbhc",
            "output": "28"
        },
        {
            "input": "lciaym",
            "output": "6"
        },
        {
            "input": "swy",
            "output": "3"
        },
        {
            "input": "rhwxmirxptlxdymtqc",
            "output": "18"
        },
        {
            "input": "dqmglhwnqpfwllxpegepzsbnafb",
            "output": "27"
        },
        {
            "input": "lertzphphhtjsoekhmvfoscrgdftzz",
            "output": "30"
        },
        {
            "input": "ziikulkbcqfzmkyeala",
            "output": "19"
        },
        {
            "input": "lvjcljsrwivjnxqznekmhgzfnteqkxcjmvmij",
            "output": "37"
        },
        {
            "input": "kauouzrqmocwiloslrrgbggbzxaeoebjwfkqfi",
            "output": "38"
        },
        {
            "input": "ichztnnpaypbumhvbqyxujotyrjayddsxz",
            "output": "34"
        },
        {
            "input": "ns",
            "output": "2"
        },
        {
            "input": "krwtojmflcvygriq",
            "output": "16"
        },
        {
            "input": "koozfcnqfmekj",
            "output": "13"
        },
        {
            "input": "hqqvrhrlhkaoyitnshojflfcasvjfmnsicyupioxmpjfkmmp",
            "output": "48"
        },
        {
            "input": "lipbcalahnbfadonihxuzpissuscew",
            "output": "30"
        },
        {
            "input": "jozftzpepdzanqyihm",
            "output": "18"
        },
        {
            "input": "jgndhn",
            "output": "6"
        },
        {
            "input": "rtphvdfwnsxgjlhrysdaeheldihysgphmqltbdzvnw",
            "output": "42"
        },
        {
            "input": "hcacyjcqkxacpfgtaokonhxozcmpklhntqffsn",
            "output": "38"
        },
        {
            "input": "lecxhclsusz",
            "output": "11"
        },
        {
            "input": "ibiopibqpsjfjazosqupznoduj",
            "output": "26"
        },
        {
            "input": "zaohicmmasrbeedfqboswaxpkiaajmsmgpw",
            "output": "35"
        },
        {
            "input": "ozxvwyibuwqvhdqnlhgqwwvbklqmd",
            "output": "29"
        },
        {
            "input": "hxqormwdeizbqqxldcejhlblwzgufwwlirhqin",
            "output": "38"
        },
        {
            "input": "aprrmivzbbgcneqkagijpub",
            "output": "23"
        },
        {
            "input": "otlellbzzkdyjfjbwpjsyqmqkpryexqpvfvptam",
            "output": "39"
        },
        {
            "input": "gziraebifmnysztmzwkczykdotlmxmcxwp",
            "output": "34"
        },
        {
            "input": "ozzqtnlgeyu",
            "output": "11"
        },
        {
            "input": "owkgmt",
            "output": "6"
        },
        {
            "input": "qsfdayipffwrkxjodtdrdk",
            "output": "22"
        },
        {
            "input": "wpcendkqcmtiiwxcmldrqzwlbhit",
            "output": "28"
        },
        {
            "input": "dwivsuapgwbpepeapqvnkmihdbspbfy",
            "output": "31"
        },
        {
            "input": "dqekbecwvohvbpwomxfixtkjlbxoi",
            "output": "29"
        },
        {
            "input": "pnklapjdexawegubuguvnyaixohsfkkafilpimlewewalg",
            "output": "46"
        },
        {
            "input": "zwxbyirxyfolpe",
            "output": "14"
        },
        {
            "input": "bwdkzkbgfafv",
            "output": "12"
        },
        {
            "input": "obcwjsswgssuwpsxhkxzaljuiv",
            "output": "26"
        },
        {
            "input": "cnyknibkptxohlspqpsabmfno",
            "output": "25"
        },
        {
            "input": "vlqwx",
            "output": "5"
        },
        {
            "input": "tkmzpgfjovhkvbrraqacpy",
            "output": "22"
        },
        {
            "input": "oschobyjmucdczfbdqbfxflmxfmzbferbdhrlggzc",
            "output": "41"
        },
        {
            "input": "wcjpnxlytnseuffxsbyfzskxb",
            "output": "25"
        },
        {
            "input": "df",
            "output": "2"
        },
        {
            "input": "lvtauownububtyt",
            "output": "15"
        },
        {
            "input": "jfbfqv",
            "output": "6"
        },
        {
            "input": "fvzrajzukuuxnhqrhnccydtbncvclph",
            "output": "31"
        },
        {
            "input": "nlvdyf",
            "output": "6"
        },
        {
            "input": "xnrndzocrggextttxuwyrucupzotlzdxkyqs",
            "output": "36"
        },
        {
            "input": "wfzjlvzrqo",
            "output": "10"
        },
        {
            "input": "wjjvlkbqgdsdvvhbuunjhwqpdktb",
            "output": "28"
        },
        {
            "input": "yjmjtuxvauuzruapvzznlr",
            "output": "22"
        },
        {
            "input": "duyymlramrpvqlfpmizirar",
            "output": "23"
        },
        {
            "input": "wqutjxakkhehejwndmqgxqyfnvm",
            "output": "27"
        },
        {
            "input": "hxooxugjumbpebowfdotxetuvmuliqsmpstsxxmun",
            "output": "41"
        },
        {
            "input": "xvjqrqdzmxphagwhqgnkkzrwuxxjjnymzzqkkepjgmtrkeq",
            "output": "47"
        },
        {
            "input": "jop",
            "output": "3"
        },
        {
            "input": "hziihgegvsybbamstqjgzasrifzjyhi",
            "output": "31"
        },
        {
            "input": "lxgidpwcptmzckgoe",
            "output": "17"
        },
        {
            "input": "hwgffvnk",
            "output": "8"
        },
        {
            "input": "dlepdymsy",
            "output": "9"
        },
        {
            "input": "cniaxsjtgncnjyfunuybpbrlstbgblsiamjtufqd",
            "output": "40"
        },
        {
            "input": "u",
            "output": "1"
        },
        {
            "input": "xzradcbgmgnlhetvrc",
            "output": "18"
        },
        {
            "input": "drqzdqlypyjxvamjnythzlke",
            "output": "24"
        },
        {
            "input": "lnbziiuyzglzwh",
            "output": "14"
        },
        {
            "input": "szxvalmvblutaviexft",
            "output": "19"
        },
        {
            "input": "kxkaymzyzmvm",
            "output": "12"
        },
        {
            "input": "xtwdmsipmbburilehtggeojjzrosq",
            "output": "29"
        },
        {
            "input": "vcnmeqewipcekvddffgbxuihytzixdh",
            "output": "31"
        },
        {
            "input": "dgjujgqywtakpldjbibmxgzmqwzyxdsqocixujwsjizyxlcplv",
            "output": "50"
        },
        {
            "input": "hylzauccwgofjzxbfcnhadbr",
            "output": "24"
        },
        {
            "input": "qjxa",
            "output": "4"
        },
        {
            "input": "ejcqqayjniefauzrjugwlznq",
            "output": "24"
        },
        {
            "input": "thmrsnduiumjtzbqfo",
            "output": "18"
        },
        {
            "input": "qepyzcdhvapsocuvwdsihvbbacjsqtmhxrxufdbepoyg",
            "output": "44"
        },
        {
            "input": "pkplcdbbqhlcjikyvtlkogcdqgfolrzodjrtcpbebsqysfnkj",
            "output": "49"
        },
        {
            "input": "mrqhkgknfkbndgeb",
            "output": "16"
        },
        {
            "input": "xxallpkzlzaxdarixadmivsdqieclrmnbeuhymeqcndtqp",
            "output": "46"
        },
        {
            "input": "sthxudgxunfhratox",
            "output": "17"
        },
        {
            "input": "yefrcgplorzlifav",
            "output": "16"
        },
        {
            "input": "lskadmrwkjyhgniaskigqoypoezcikpoglfvyecemkcqrva",
            "output": "47"
        },
        {
            "input": "wtrrwfuzxhacscgronjligvqtnmevjejmjcanhiyy",
            "output": "41"
        },
        {
            "input": "zmeyqphdweofgkacovqgroucctztrndsuhuzuor",
            "output": "39"
        },
        {
            "input": "qxqziezemtoyvgtmpklbobpkrmootqqlblaoipc",
            "output": "39"
        },
        {
            "input": "dqlypfppwvxbausjgtxihswswwon",
            "output": "28"
        },
        {
            "input": "yhexxktpynbjsjptsazqqbmildzoigkytfoibomhglioradi",
            "output": "48"
        },
        {
            "input": "yfjfoznsdmndtjihkukitnbdtlzmhwrmmqhczxzuza",
            "output": "42"
        },
        {
            "input": "kctboaopjnspxcudt",
            "output": "17"
        },
        {
            "input": "zwqbthszrtxnmbpchhmtfygewguubwyhjlbzgtw",
            "output": "39"
        },
        {
            "input": "dyfpxqliwapzbocwkkysidoelt",
            "output": "26"
        },
        {
            "input": "xzxn",
            "output": "4"
        },
        {
            "input": "qntazysxicpqjsdohxrqtphhs",
            "output": "25"
        },
        {
            "input": "hxrrfhfexgsatozhklhauloamsnpibozodpxo",
            "output": "37"
        },
        {
            "input": "eikyvapbwqmqfmdeszlnrvgjlxlhplnl",
            "output": "32"
        },
        {
            "input": "greoftguhfenjrkrhrkscxjpdbk",
            "output": "27"
        },
        {
            "input": "mrqrlbomzcqviirldmftyxsznvjmkqvtqb",
            "output": "34"
        },
        {
            "input": "kuclhfyefafxdmjuvdaxgzghozlrabjdcad",
            "output": "35"
        },
        {
            "input": "tlhipxwgbskhlepjsbykqizbl",
            "output": "25"
        },
        {
            "input": "tizrjnxkbegpydmytevjwymcx",
            "output": "25"
        },
        {
            "input": "yztbzofedfbwmohyrtlbzwlbneicxccpzbrciora",
            "output": "40"
        },
        {
            "input": "hcpbmaujnxjfhxbzenlrprsstnkglzepgfslkleyban",
            "output": "43"
        },
        {
            "input": "ekzbfsbqjdlvokqkeekebflynhtx",
            "output": "28"
        },
        {
            "input": "yrdbmpmmwnmz",
            "output": "12"
        },
        {
            "input": "kxkbkcwzcsamjwmzkkkgjtllecjjfhlwst",
            "output": "34"
        },
        {
            "input": "xxwbmfirrgukagjyohldbiagekpxnjghqudx",
            "output": "36"
        },
        {
            "input": "gwtoqczwnlbcuyadja",
            "output": "18"
        },
        {
            "input": "eraqrlmjtuqpdntqtdynsyjmhqzihlsvi",
            "output": "33"
        },
        {
            "input": "oaxcnsuxlsyujcolbjmsol",
            "output": "22"
        },
        {
            "input": "wwakiwtfgrwvndbgbtoxjwxdsrbv",
            "output": "28"
        },
        {
            "input": "uzbzpaccr",
            "output": "9"
        },
        {
            "input": "hjhijhgsnmdqzzffefwphcqszfeshoucefuvnmetpcq",
            "output": "43"
        },
        {
            "input": "lxpfruvczzplyyewanjfac",
            "output": "22"
        },
        {
            "input": "dlydoqjqgljnzkiebtobyncgdmatvysmrhuwmt",
            "output": "38"
        },
        {
            "input": "zoykeirdpniqgzjclhzci",
            "output": "21"
        },
        {
            "input": "twzlfepikhbsxisrvlncdosyvoxvmfkru",
            "output": "33"
        },
        {
            "input": "bshawgjjfyyrm",
            "output": "13"
        },
        {
            "input": "hukvhmgdzlsonudpypgtnybzfzpbktygzmuaudg",
            "output": "39"
        },
        {
            "input": "nltiwcfhmmrtmnluyujdnfqbbcnbobyj",
            "output": "32"
        },
        {
            "input": "gisaocufitkployebknzdedxaddfzpqpemxwetfbeagt",
            "output": "44"
        },
        {
            "input": "gioisjiazoi",
            "output": "11"
        },
        {
            "input": "bzlzsuszabtqkygs",
            "output": "16"
        },
        {
            "input": "tbdaqkdpmsirxdzyguzmyctrlcxddntekzbzbivxgor",
            "output": "43"
        },
        {
            "input": "y",
            "output": "1"
        },
        {
            "input": "jmxgafodhrzivkj",
            "output": "15"
        },
        {
            "input": "auhdgvtftcohfqkbehtuedgureqp",
            "output": "28"
        },
        {
            "input": "twevznypceofsvadaqvvfkfyyfsjjplpbzkxalmomjekwefrq",
            "output": "49"
        },
        {
            "input": "lzjjinhuedfiithdwfcwpcpqxbayxflvmubqrjefeuc",
            "output": "43"
        },
        {
            "input": "daplywqvjhbdjdwckruquyhbt",
            "output": "25"
        },
        {
            "input": "uvactywqcjpqydlbxiiybjkmnwmqcqliuujobrccxvb",
            "output": "43"
        },
        {
            "input": "zsixovjnwvucmqtkudboyjyemqpijuexeyqfgaimvjdzveekqt",
            "output": "50"
        },
        {
            "input": "objvwuoedljmbiosfbffncsyfducijqdvaxknbzplpnn",
            "output": "44"
        },
        {
            "input": "kmuaovnlllwfoveolcyikzueewoabvnzkdh",
            "output": "35"
        },
        {
            "input": "tcvjgwmkdpbvqwrujew",
            "output": "19"
        },
        {
            "input": "klgjflzrmzsijusatvcijgbslaxfhcal",
            "output": "32"
        },
        {
            "input": "udiukhjmxqimfdq",
            "output": "15"
        },
        {
            "input": "rtumyfysjeryqqfbjfferbqtx",
            "output": "25"
        },
        {
            "input": "ehukorgmuzfdthzvytxceot",
            "output": "23"
        },
        {
            "input": "pfpqybqkkqykdojrukoxpze",
            "output": "23"
        },
        {
            "input": "qxmqsulbrqgdex",
            "output": "14"
        },
        {
            "input": "blpkitwignooxlhzmohob",
            "output": "21"
        },
        {
            "input": "rlsfgnbvcoznrckqclydkmvwgpywqahjcxbtrpwekffooo",
            "output": "46"
        },
        {
            "input": "nckzwfhyfkssebjzznjxr",
            "output": "21"
        },
        {
            "input": "nmxukpjdrcwbirymxjsq",
            "output": "20"
        },
        {
            "input": "wtvcqv",
            "output": "6"
        },
        {
            "input": "twxaxpmannkzjbmqcqjfdfcjvldwohtnnagphlmqcoqaggrlak",
            "output": "50"
        },
        {
            "input": "srnaiqzgxrvpexnvidbyecbqkfl",
            "output": "27"
        },
        {
            "input": "oocjbweiqrwsvtgexkpppvjytdh",
            "output": "27"
        },
        {
            "input": "dptjzpwqpmbpnubmuxeftbouimxnu",
            "output": "29"
        },
        {
            "input": "jhbnmvyctpxzfyecjvlwsjx",
            "output": "23"
        },
        {
            "input": "ooqrzfkmncgdlnaotyopgdtyx",
            "output": "25"
        },
        {
            "input": "iec",
            "output": "3"
        },
        {
            "input": "avwjsrpgcmioxfrhzajpvuhcsateboksgyvkgzlcyqzlhsyr",
            "output": "48"
        },
        {
            "input": "djlfbamgvyznerliipjutnzbvfil",
            "output": "28"
        },
        {
            "input": "tdsqxjtvfgfmeqjypbcghbyogsicwxbndbkpaejqlmw",
            "output": "43"
        },
        {
            "input": "bhydguwlkiroxrscrkv",
            "output": "19"
        },
        {
            "input": "ncasghndehtuhbxsofcamsfawkkhphv",
            "output": "31"
        },
        {
            "input": "qonkkisxvkfdmbhnpjwzpdoddxhchdlxlrkvu",
            "output": "37"
        },
        {
            "input": "gruzaf",
            "output": "6"
        },
        {
            "input": "enjgazieidqxisletpzhggybnrzpwibxotzrxearncleoftynt",
            "output": "50"
        },
        {
            "input": "p",
            "output": "1"
        },
        {
            "input": "euufqrrcseuqaqjxomipocorln",
            "output": "26"
        },
        {
            "input": "awqpkfvecxxptjr",
            "output": "15"
        },
        {
            "input": "hbnmunjxhaeqgnahzfac",
            "output": "20"
        },
        {
            "input": "ysoqudevkih",
            "output": "11"
        },
        {
            "input": "nzpzgdjnwccxcyabnokhwdxmjprhcx",
            "output": "30"
        },
        {
            "input": "tvvdaqmumsgufolnd",
            "output": "17"
        },
        {
            "input": "bkiz",
            "output": "4"
        },
        {
            "input": "dalanmmrfaagxnjayttfhbwfqnhgrumijdnixydhdmhwja",
            "output": "46"
        },
        {
            "input": "vkubshhlpv",
            "output": "10"
        },
        {
            "input": "fvxnsvymsudvzmchw",
            "output": "17"
        },
        {
            "input": "hgfshxfipiyexzfpqu",
            "output": "18"
        },
        {
            "input": "aqdvasotlf",
            "output": "10"
        },
        {
            "input": "dxbnnuhnstxxoolsmki",
            "output": "19"
        },
        {
            "input": "cbesyozvpyuyseptyyaxgkgnfwbqgfp",
            "output": "31"
        },
        {
            "input": "qwejbkqbuqikkbxawoapvlfeudwwhhcafhgoshsyyz",
            "output": "42"
        },
        {
            "input": "mbhvbdtvgbpyoeotojvzisvdirtwscyomlskacfbxswnw",
            "output": "45"
        },
        {
            "input": "wakucylxtccnddvhavlqnbzap",
            "output": "25"
        },
        {
            "input": "iufffbntygbxxpmmiyvwiotlzzlkxte",
            "output": "31"
        },
        {
            "input": "kyjplgqvchufdbhzdvodq",
            "output": "21"
        },
        {
            "input": "jdsyzxuvslqqgtwzmzfsmre",
            "output": "23"
        },
        {
            "input": "wvncehbbjetsuxekkjtjgaviselvh",
            "output": "29"
        },
        {
            "input": "whgobsqckihioyjtmowtsdpvrfzwdwfzd",
            "output": "33"
        },
        {
            "input": "camoifzrupgsrfsitofrlwpzvqnljymqi",
            "output": "33"
        },
        {
            "input": "adzoktzfkjakhnzvqjetllbuojxxwcv",
            "output": "31"
        },
        {
            "input": "ubmekvrxjyldojqizwjqhvckftnf",
            "output": "28"
        },
        {
            "input": "jszcnibgywvjthzhrajqtfquvtzasguzkitfayai",
            "output": "40"
        },
        {
            "input": "tpzfnxfxknnivyjqupzyjx",
            "output": "22"
        },
        {
            "input": "hqibpvbsydkmvhcmiiejyutbnmstirkzmrzcqlkhpjhgxj",
            "output": "46"
        },
        {
            "input": "lqkwortaqfirqgxoysvyynnquglcyerig",
            "output": "33"
        },
        {
            "input": "rptuffpbvxwxjrjhknoifazbpiaopoimfxlqmngfol",
            "output": "42"
        },
        {
            "input": "brmeaekbdmvrqktcjlmzgnnprvdtshgguqkipwxblaybwgllbi",
            "output": "50"
        },
        {
            "input": "vqwrqcko",
            "output": "8"
        },
        {
            "input": "dvmmviiikhylcavjiuzvhnoyhnjvyxdselappuiqnbmdslrgod",
            "output": "50"
        },
        {
            "input": "hwml",
            "output": "4"
        },
        {
            "input": "zajhldnezczbfbrcgtkcjlajmbpsagioxtiaxgau",
            "output": "40"
        },
        {
            "input": "segozmlfhhvxdowatuhiupiwwpmgyyyqsbkcegk",
            "output": "39"
        },
        {
            "input": "tzueuwywpgsqpnbq",
            "output": "16"
        },
        {
            "input": "pazipwcvyvzxhywvskqkiuaukkagxkqpwweeccrfisezbxxww",
            "output": "49"
        },
        {
            "input": "mvopxghvbrqwgpzaomogqmn",
            "output": "23"
        },
        {
            "input": "cmecezcvwakqhmzazwfsraipiirshzjdq",
            "output": "33"
        },
        {
            "input": "ygxlufvlcwdpoapxqkhzmovcovhbdb",
            "output": "30"
        },
        {
            "input": "hdslzrjefufbpmgwtxlcugjjfbjnyyefdpfycqz",
            "output": "39"
        },
        {
            "input": "pkmxxbufl",
            "output": "9"
        },
        {
            "input": "sqitdrneuhaemweydelsbyqwipwbthewurlqcuvhor",
            "output": "42"
        },
        {
            "input": "zdxdqxleprdexjnl",
            "output": "16"
        },
        {
            "input": "pkzhvgnutlhjsrhhbgpejyoovjvjkgaopzqbjvu",
            "output": "39"
        },
        {
            "input": "tjrjxdxtndlghiuzwmbvvufznmkhlcqerwwptafpjzrhtqbhg",
            "output": "49"
        },
        {
            "input": "jrtfirjwehofzeulnniukqczent",
            "output": "27"
        },
        {
            "input": "yicpfcjljhsrdx",
            "output": "14"
        },
        {
            "input": "qhaggpozjjzyvhvobkzxgnepvbdlvbohxh",
            "output": "34"
        },
        {
            "input": "frluhglwjjshdmrkcixjbtahlxoivtgfkydruyq",
            "output": "39"
        },
        {
            "input": "xvdrcjtfhhcl",
            "output": "12"
        },
        {
            "input": "hxaicplldyioqumtuiajoefaxtygcqodquyyzwywpxugnngtkt",
            "output": "50"
        },
        {
            "input": "mdltxrtxyhmghfiradksbgiqcseuysctjywipaltpgjbstg",
            "output": "47"
        },
        {
            "input": "kfgkpzfcn",
            "output": "9"
        },
        {
            "input": "duwqpivebngal",
            "output": "13"
        },
        {
            "input": "tmpxfmwtnmcttrgubmbfnxzaziqubznwexpgnwxigwyjxzljwv",
            "output": "50"
        },
        {
            "input": "auewrfak",
            "output": "8"
        },
        {
            "input": "yoyhumnoxnwrkbhtbbeeigxtqdokipfmzqrmbsxdqunf",
            "output": "44"
        },
        {
            "input": "jzcmhcmouhmumovtzbbylebyidpjg",
            "output": "29"
        },
        {
            "input": "kwnorzfahrqcvxzkyepy",
            "output": "20"
        },
        {
            "input": "noybwzx",
            "output": "7"
        },
        {
            "input": "bdcafssreliptxjphmaogfaye",
            "output": "25"
        },
        {
            "input": "rjwapszsjdthwttgxf",
            "output": "18"
        },
        {
            "input": "ulrtnljvbovheayowpxybqqtjcuqibgznz",
            "output": "34"
        },
        {
            "input": "sxyfavgvrtpvufuxeiiuaqraruxyeknyqgoj",
            "output": "36"
        },
        {
            "input": "ghnxdcliuxqwb",
            "output": "13"
        },
        {
            "input": "auaofjqddh",
            "output": "10"
        },
        {
            "input": "feaahedgiynznorlq",
            "output": "17"
        },
        {
            "input": "ocgurcczlrnzirgopfelifaapwzvkvbubeugzxqopa",
            "output": "42"
        },
        {
            "input": "xuzzzgtsiwxqskdzqyszu",
            "output": "21"
        },
        {
            "input": "gszqlbqdcneagllwnorywgcqiedogueuaetxgntzxmakzvek",
            "output": "48"
        },
        {
            "input": "tvwlefrmulwiodwuwiknihxpahoeibgfnzpgdyilfxrbpdgteo",
            "output": "50"
        },
        {
            "input": "lyhhziltftiwkrvdquzkwzgrgfwzshgmad",
            "output": "34"
        },
        {
            "input": "snwjvjqyhytbodvwlwtxaptybewkyrpfbaqgjllzjdqndoeh",
            "output": "48"
        },
        {
            "input": "wxslauotewhbeugjdugpbof",
            "output": "23"
        },
        {
            "input": "mktxosplkseojssdcxwybfubduk",
            "output": "27"
        },
        {
            "input": "euqu",
            "output": "4"
        },
        {
            "input": "mspsouyzov",
            "output": "10"
        },
        {
            "input": "vukscmpgtlxkcaw",
            "output": "15"
        },
        {
            "input": "pyykzgojvljctxqdjhdyou",
            "output": "22"
        },
        {
            "input": "njssbahmllqkluoiwmniumxgtposaqpfrhzorvotchkemajw",
            "output": "48"
        },
        {
            "input": "qcwjddttvmskohaftppequmazkjpbmzvvnciympndudp",
            "output": "44"
        },
        {
            "input": "hjgshnqhqenpwurzwepcpeivbudsljgdzoqihfxzrgmedqljcs",
            "output": "50"
        },
        {
            "input": "xlspzrbewvuvguafmilwwmaarxjrtpeqdrtbayukhxxdhay",
            "output": "47"
        },
        {
            "input": "xiahoscvzkllyvn",
            "output": "15"
        },
        {
            "input": "knmtwflgsclahuobnnqvocmjlllvqqrdllbmitgppegdcc",
            "output": "46"
        },
        {
            "input": "aylzqaykuisxtqvggtrbp",
            "output": "21"
        },
        {
            "input": "qloflxahlvzpjcxbmzwhm",
            "output": "21"
        },
        {
            "input": "bppohxapqhnuqkyqxhxletvhq",
            "output": "25"
        },
        {
            "input": "pedpxhdnccokphttjmimarisgztlycjcftusyrxdjfrakmtez",
            "output": "49"
        },
        {
            "input": "rzdwasjbnraolzhuaxhjvh",
            "output": "22"
        },
        {
            "input": "csjeihnjrxeehmgjkjsru",
            "output": "21"
        },
        {
            "input": "qnylavrxqltafexktfzypahx",
            "output": "24"
        },
        {
            "input": "xakeivrimjalinvkhxpeqpsey",
            "output": "25"
        },
        {
            "input": "yqzzatvhwaksmimdkb",
            "output": "18"
        },
        {
            "input": "wdmdelwngexnnqmixzaae",
            "output": "21"
        },
        {
            "input": "ylvwunjqbgiktkkuvfwibvzcjrdrbychesezhhb",
            "output": "39"
        },
        {
            "input": "dmroj",
            "output": "5"
        },
        {
            "input": "qjxboruoijgiivwqvviomcdnxn",
            "output": "26"
        },
        {
            "input": "fxfyawptnmmkvcltagiluklockapfflcsb",
            "output": "34"
        },
        {
            "input": "nyabewvqzjjieckvmhsnblszwddfyd",
            "output": "30"
        },
        {
            "input": "ftdtbqbqvacxgvvljyaencbhulrrkyz",
            "output": "31"
        },
        {
            "input": "qapqclembavkwobobexwrdvzhkksn",
            "output": "29"
        },
        {
            "input": "ggaqottsqd",
            "output": "10"
        },
        {
            "input": "hxltvqsaicjruniixauifsgcqposxavefvgdpv",
            "output": "38"
        },
        {
            "input": "mjqxpemqimprcgvoazfesmfusdwqcugmg",
            "output": "33"
        },
        {
            "input": "gp",
            "output": "2"
        },
        {
            "input": "hkwhrjuwvmmtzfeujuqismkvrnqushpokaolxwfqr",
            "output": "41"
        },
        {
            "input": "ms",
            "output": "2"
        },
        {
            "input": "jssuqolhalmrwqeacerqimsnrtzqkshojptyy",
            "output": "37"
        },
        {
            "input": "icietpjtcjumggltbihmqzctvofnflgndkypqmmtolknmbeb",
            "output": "48"
        },
        {
            "input": "msxkzjdodnso",
            "output": "12"
        },
        {
            "input": "tteogordyaxhtlgdiiyxuwmbkgwfqyriuvhgsbeosjkbwvyyfo",
            "output": "50"
        },
        {
            "input": "rrupewxzrkyyobjgaoqffedpicjsmncstgoxn",
            "output": "37"
        },
        {
            "input": "nqoouyumzvwubnpgjurodooiaxxsslxkkmmwuseudxeqlusj",
            "output": "48"
        },
        {
            "input": "xysreueavfhwficsegbfzdzekcfc",
            "output": "28"
        },
        {
            "input": "qtxccvbfxyecvyyppdxkuaivitdjbjafbjjtongfgw",
            "output": "42"
        },
        {
            "input": "tttnjdjwfltprddlxyjlkeqonszlyxhfghdwldwpkzwizqvrd",
            "output": "49"
        },
        {
            "input": "ybgxfdhsmwukcfvqnozvdnmzqxkwytgdplpgcxkswdmd",
            "output": "44"
        },
        {
            "input": "nxgwhdi",
            "output": "7"
        },
        {
            "input": "vhrxqzwqpxsldrgwudcihqjovwodcjtcfeszbhfyp",
            "output": "41"
        },
        {
            "input": "feidgzbkinysoorsmttdglhusguoei",
            "output": "30"
        },
        {
            "input": "gglvhzlujpfwnqyjvvmkxaycdwxepnbtcqpqrdsubukqglg",
            "output": "47"
        },
        {
            "input": "ljzbybacjbjeluuffdjjyqlseuwtlg",
            "output": "30"
        },
        {
            "input": "ydlfssvumdmfaoruv",
            "output": "17"
        },
        {
            "input": "qqytgblnjinzwpzgswvbdntyubfropfdpmobyyxiphtpihfavc",
            "output": "50"
        },
        {
            "input": "drtmastdosdrirshktcpwvhsubizakyhybx",
            "output": "35"
        },
        {
            "input": "skxaortbehgrqaszcudzdfifrdmpleakwkjcwptceppnud",
            "output": "46"
        },
        {
            "input": "slcfwfzqbmhhshkywfitdwqchsisonxomaqr",
            "output": "36"
        },
        {
            "input": "yekjrlmyqauetxnigxxjkflxyawzmgrmvmh",
            "output": "35"
        },
        {
            "input": "hrtnbsaarfsincwhuuqpyt",
            "output": "22"
        },
        {
            "input": "mfy",
            "output": "3"
        },
        {
            "input": "kx",
            "output": "2"
        },
        {
            "input": "hhxotcfdije",
            "output": "11"
        },
        {
            "input": "hoabmydtzujosepimqclfxzxugneyuvlgrxot",
            "output": "37"
        },
        {
            "input": "bbcuahrbtifhxhyolfmlosvqvraqpfznfvrqp",
            "output": "37"
        },
        {
            "input": "uvlbepibkdwcngpjhbjryewusdiydfgbsngxcnlrda",
            "output": "42"
        },
        {
            "input": "mncxjvretnc",
            "output": "11"
        },
        {
            "input": "lcvxhkfroljnisiopssvdrigtcbclbwxb",
            "output": "33"
        },
        {
            "input": "twgvvqbxnjkynzqkjisgexhhgqdazzekfzyonvrwcja",
            "output": "43"
        },
        {
            "input": "muyfugljllmvmxfszscerbzjopjfoyobuufbbxy",
            "output": "39"
        },
        {
            "input": "kcsndfpigyechgldcpwqexbuskhpjiwquloj",
            "output": "36"
        },
        {
            "input": "btzrbuqpztvmdpfkksmprxnzajxuadmxbnneopz",
            "output": "39"
        },
        {
            "input": "gleinihrehukgqichnldzup",
            "output": "23"
        },
        {
            "input": "cykqgcahdmmgqwskkqgsu",
            "output": "21"
        },
        {
            "input": "yqcojkdctqczkplwbrmoyftravlrotxleix",
            "output": "35"
        },
        {
            "input": "rmzhlfonkhluyeqsao",
            "output": "18"
        },
        {
            "input": "cqutioyexagwwfpbnnllgkzryoagfsqwvpvlbuwjplysja",
            "output": "46"
        },
        {
            "input": "ngcycgginqoikxlfqtyrmwowpyfqdabuhiomffzlmp",
            "output": "42"
        },
        {
            "input": "htzbg",
            "output": "5"
        },
        {
            "input": "bmxcyzvkoawlkirsffodeqei",
            "output": "24"
        },
        {
            "input": "haynqxldjoakk",
            "output": "13"
        },
        {
            "input": "nokk",
            "output": "4"
        },
        {
            "input": "uqmmvoxshwjdvdwqabtsnojwrlxhf",
            "output": "29"
        },
        {
            "input": "jxntcurfmorbakxu",
            "output": "16"
        },
        {
            "input": "lxzjffvyrklsomizwlomnp",
            "output": "22"
        },
        {
            "input": "eiubzwkqcguzppytrvnvkhvcjzossvxecspsarvk",
            "output": "40"
        },
        {
            "input": "junvyyvxksmomniihuyeduibhsricjimsssvhuutyhn",
            "output": "43"
        },
        {
            "input": "jvnzhtzwvgdrpoapxbchyas",
            "output": "23"
        },
        {
            "input": "allcafaixazdqlgoidpcjaelrxrgu",
            "output": "29"
        },
        {
            "input": "wffkntoupaptizojouluxdnqoopygfpxeri",
            "output": "35"
        },
        {
            "input": "xzeretuxvsotwztvkvbnbmunsokumkg",
            "output": "31"
        },
        {
            "input": "xykyslvaj",
            "output": "9"
        },
        {
            "input": "wbachrlkwdkyaefylppvtlrhvnayzldtoirjapjyeaohzllsu",
            "output": "49"
        },
        {
            "input": "pjjxgcfeudwexhuszssmjledomvoindbrlixk",
            "output": "37"
        },
        {
            "input": "wglqpvyalfxlyywjupknplqdvjsodabdzvquaxqrw",
            "output": "41"
        },
        {
            "input": "wqddeoqpmfxnpdbvlwoqytyogeritqeotiz",
            "output": "35"
        },
        {
            "input": "nq",
            "output": "2"
        },
        {
            "input": "ginlyhhylinambvmhyyyhgmphdrhdggjf",
            "output": "33"
        },
        {
            "input": "ajdnuwovajtaputgharvhmcvxxqlrthvohixxf",
            "output": "38"
        },
        {
            "input": "nuzlwoxkbygz",
            "output": "12"
        },
        {
            "input": "yqdlmuixgijpyyglpexaznwhenmdjokldcvamzibdzhefe",
            "output": "46"
        },
        {
            "input": "whxhsmdpujenbacowx",
            "output": "18"
        },
        {
            "input": "midfcgiyzllpz",
            "output": "13"
        },
        {
            "input": "orjnqpzxllzq",
            "output": "12"
        },
        {
            "input": "svrlpcfyrmzhkp",
            "output": "14"
        },
        {
            "input": "jaiwjzckbplstuxzjftvggfewjuhpnrtqbtsp",
            "output": "37"
        },
        {
            "input": "dpvnazkqgmffua",
            "output": "14"
        },
        {
            "input": "yairespjflvj",
            "output": "12"
        },
        {
            "input": "vwgfuwa",
            "output": "7"
        },
        {
            "input": "blsnwsbbyhsicziujahkt",
            "output": "21"
        },
        {
            "input": "aajshmiylijzfqrdpdoxyaxxlsywjdsrjagzck",
            "output": "38"
        },
        {
            "input": "etraduflsrzfidhoszlnfprrxpjoxpafdp",
            "output": "34"
        },
        {
            "input": "nidlmqtnzwqahmlqlcvu",
            "output": "20"
        },
        {
            "input": "tbwbqvfhok",
            "output": "10"
        },
        {
            "input": "uhobohwpnvsqrqjaedyzkewxqquxszoghnzkqjizkvkpffsi",
            "output": "48"
        },
        {
            "input": "zucnxlebgvcigskfkp",
            "output": "18"
        },
        {
            "input": "ochpgbvqaukckncsf",
            "output": "17"
        },
        {
            "input": "kwrkyamrldaxgeohiondocsnilxzyluldoowwjsuett",
            "output": "43"
        },
        {
            "input": "lxcfyhbuzvexhnnapclthexuocvhrcz",
            "output": "31"
        },
        {
            "input": "vmabjfqolshxcylhsxbjxdfbkswhumlkrgqn",
            "output": "36"
        },
        {
            "input": "ksgmlayyhesqhglamdibytunimocggzdmakyupt",
            "output": "39"
        },
        {
            "input": "yibvvvxdb",
            "output": "9"
        },
        {
            "input": "c",
            "output": "1"
        },
        {
            "input": "lqxrxomjdwurzagyxeemjqtzzvvntjvekhrzjffamkfey",
            "output": "45"
        },
        {
            "input": "delbnhitxwjipszpzeujlkglgocxjw",
            "output": "30"
        },
        {
            "input": "vqjthqglriqdzsklyoclbvvxjisnqswfsxrxgflckhoc",
            "output": "44"
        },
        {
            "input": "nldofoffpzofgsealozuugejdxzhnuaduortrvocx",
            "output": "41"
        },
        {
            "input": "wsakr",
            "output": "5"
        },
        {
            "input": "ipgdcgf",
            "output": "7"
        },
        {
            "input": "phqlk",
            "output": "5"
        },
        {
            "input": "ksfgszbzzczndxyfqtsjfwrpvixgebhqkrwxa",
            "output": "37"
        },
        {
            "input": "sllwaptbstuhcpojavkfwmmhka",
            "output": "26"
        },
        {
            "input": "cgpdhcfddbqvvtazldfninxopivbu",
            "output": "29"
        },
        {
            "input": "svwahrtarydmzrqeluvhearnruvdu",
            "output": "29"
        },
        {
            "input": "icubfddvwivvzarfjgpdaejyglaqpvytqbjxvuzqs",
            "output": "41"
        },
        {
            "input": "nicrqwtbtrj",
            "output": "11"
        },
        {
            "input": "v",
            "output": "1"
        },
        {
            "input": "wipzuwrrnelofvrmwjxjzrigksfxml",
            "output": "30"
        },
        {
            "input": "tqrcvcsqhgfyrhxegactdgfgwkwbxytsmwzbdihoieggwbdq",
            "output": "48"
        },
        {
            "input": "xrcxfnfvumdnbbaejpvqbviymwjueviavlxwybhifckqgyj",
            "output": "47"
        },
        {
            "input": "ldkxtgmidaorthezsbemnzombhyelunkzh",
            "output": "34"
        },
        {
            "input": "lrmzutgcalf",
            "output": "11"
        },
        {
            "input": "gxyxpzdomp",
            "output": "10"
        },
        {
            "input": "qcn",
            "output": "3"
        },
        {
            "input": "bjinnpp",
            "output": "7"
        },
        {
            "input": "gwkmre",
            "output": "6"
        },
        {
            "input": "nqbbwzytzwvqzclsba",
            "output": "18"
        },
        {
            "input": "mh",
            "output": "2"
        },
        {
            "input": "ljkgvqmviptpapkqvnvzyqdmmzwbxsplufuydzkqpxgwzx",
            "output": "46"
        },
        {
            "input": "vaubboppatwqb",
            "output": "13"
        },
        {
            "input": "kybismrtqrahmhqe",
            "output": "16"
        },
        {
            "input": "ghzap",
            "output": "5"
        },
        {
            "input": "xicisxstusduuqjzqhrvyktshirzrd",
            "output": "30"
        },
        {
            "input": "nklulelaxbpi",
            "output": "12"
        },
        {
            "input": "tezqsq",
            "output": "6"
        },
        {
            "input": "jtzofapmwuygxnmu",
            "output": "16"
        },
        {
            "input": "pluz",
            "output": "4"
        },
        {
            "input": "frhmvbxjfgbmghricnpywizcrvnieviiftfkyvlxzheppu",
            "output": "46"
        },
        {
            "input": "hltqeobiequeyocseefyimlfadesjgkibffahor",
            "output": "39"
        },
        {
            "input": "exwgbqj",
            "output": "7"
        },
        {
            "input": "ykbycjfeqtelxiqumgzcvoykvwoyfub",
            "output": "31"
        },
        {
            "input": "gpctxvqkdbfquxiehnewwcszkdqaeqwignuyvpipocoem",
            "output": "45"
        },
        {
            "input": "ojfswohiupne",
            "output": "12"
        },
        {
            "input": "manyaan",
            "output": "7"
        },
        {
            "input": "uwirwrggxcabewjyswxnibicozt",
            "output": "27"
        },
        {
            "input": "ugodixhdpsvajgockzusaymnssolfbqfctdnjlpdqqagahjf",
            "output": "48"
        },
        {
            "input": "dcqhlult",
            "output": "8"
        },
        {
            "input": "taqbsbzgitqycekzfrqelonwiypckt",
            "output": "30"
        },
        {
            "input": "rafwnmcmhoiueyudbcgsrjgchsupyv",
            "output": "30"
        },
        {
            "input": "lspdkgzpifunxtbwybi",
            "output": "19"
        },
        {
            "input": "anqgkaxerysylweydhctouonahzwdfhw",
            "output": "32"
        },
        {
            "input": "lzezfuktlwfincujze",
            "output": "18"
        },
        {
            "input": "ayghhtvbcnmwyhlifzlklmpfnjnnekhogyprk",
            "output": "37"
        },
        {
            "input": "rfzrtduciffwvounpmedhlileiqyvsijolaicycsrvwz",
            "output": "44"
        },
        {
            "input": "kllxpwmukkwqxgeszwgoebochynozwkgtizmaatmhyxpxhiu",
            "output": "48"
        },
        {
            "input": "bmuqaautzfoiuocqmkixylwxttydntnczcmrqf",
            "output": "38"
        },
        {
            "input": "sgfmteujhrdguekggavoaitvkecv",
            "output": "28"
        },
        {
            "input": "r",
            "output": "1"
        },
        {
            "input": "yrlsqvzgdzrttsuszfi",
            "output": "19"
        },
        {
            "input": "vaupioxyltxpzxtvbrsuhhsynkqzcgtu",
            "output": "32"
        },
        {
            "input": "ejeyhibqiwwswddrbzwqnwverpsnihwpfkpvoomybcbaby",
            "output": "46"
        },
        {
            "input": "ckylbnbjhtzstwxlecqm",
            "output": "20"
        },
        {
            "input": "aksoipiuz",
            "output": "9"
        },
        {
            "input": "nxoxscxhybwxlygraesahamhnoszxhqxjcteqqxabigewudn",
            "output": "48"
        },
        {
            "input": "duftqneqqeqifztcqctgyoycwvewqzoxxubyg",
            "output": "37"
        },
        {
            "input": "cpwapzcoppycfvhetlrgwprrwxgidn",
            "output": "30"
        },
        {
            "input": "sfzjbtnudjdmu",
            "output": "13"
        },
        {
            "input": "zkowdzoatgblzkrwybowxqvermgvo",
            "output": "29"
        },
        {
            "input": "cjsqwqcwet",
            "output": "10"
        },
        {
            "input": "hophmutzmqmxrpwfloghroclbxmviwlwgcbsrp",
            "output": "38"
        },
        {
            "input": "pzomynwyxjaiyuypfaklmesorcfitqdq",
            "output": "32"
        },
        {
            "input": "mquzfthsorvxaxblcimw",
            "output": "20"
        },
        {
            "input": "peuuupjudldawoywaquzybndolbraeoblkyutvihh",
            "output": "41"
        },
        {
            "input": "xepkjxkxxzqtttjfloenrhrbkhlvporqims",
            "output": "35"
        },
        {
            "input": "mekeprnanrqpzwol",
            "output": "16"
        },
        {
            "input": "mrzjksyscopcreuxzaekhxporbxf",
            "output": "28"
        },
        {
            "input": "swvlkqalvpohqaahbrql",
            "output": "20"
        },
        {
            "input": "cazoetpdvylturhdx",
            "output": "17"
        },
        {
            "input": "hecxznyxhyonscnp",
            "output": "16"
        },
        {
            "input": "upzwingrpwilvpzo",
            "output": "16"
        },
        {
            "input": "trvjykdphhddnfsgactbton",
            "output": "23"
        },
        {
            "input": "uunrauarsozzkicafqgoucyvdcffnhncezbvqt",
            "output": "38"
        },
        {
            "input": "rfixmzcpkihdavzmkhvhblsstidtanjpoulzcdxybza",
            "output": "43"
        },
        {
            "input": "ohecoqlxugwbtievxyyphjnhkwhagtksqznvcqexesacc",
            "output": "45"
        },
        {
            "input": "xjdnaspgkqrlkidxcznxszbawyfpailngvdlegd",
            "output": "39"
        },
        {
            "input": "dvfvztyhsgmfyhix",
            "output": "16"
        },
        {
            "input": "smcjxmxykrdekjkdeqw",
            "output": "19"
        },
        {
            "input": "nkbszaufpeebchxacm",
            "output": "18"
        },
        {
            "input": "qw",
            "output": "2"
        },
        {
            "input": "mqdyxkdv",
            "output": "8"
        },
        {
            "input": "bzebihjzgvwcjsespyaqhe",
            "output": "22"
        },
        {
            "input": "pmtkg",
            "output": "5"
        },
        {
            "input": "tluejoedvupjcsyjsjddmvwcykopkbnakzemcxnvawv",
            "output": "43"
        },
        {
            "input": "vskmbwaugemhvyuqwkbwfzwvpaeecnjnlczdxvgduhl",
            "output": "43"
        },
        {
            "input": "jxmh",
            "output": "4"
        },
        {
            "input": "sicuendckrclxvwydmaeztavpawzrkwcv",
            "output": "33"
        },
        {
            "input": "umafxfijgfkpkwqlogidimqcbaxqlstbhfv",
            "output": "35"
        },
        {
            "input": "kwslmjgscrxp",
            "output": "12"
        },
        {
            "input": "syfjwqpxvdzihxovxmyirmqvve",
            "output": "26"
        },
        {
            "input": "eyorvkhxnzrduvnjskzhdsrwfxeesrvt",
            "output": "32"
        },
        {
            "input": "tzeldjkhsgcqcrydzxgthuglitcqzozte",
            "output": "33"
        },
        {
            "input": "hvogrlkenrwacxicggfqouxkqkrhssiszrf",
            "output": "35"
        },
        {
            "input": "gpyfsloyf",
            "output": "9"
        },
        {
            "input": "bo",
            "output": "2"
        },
        {
            "input": "bylufoh",
            "output": "7"
        },
        {
            "input": "orddasguysmbrg",
            "output": "14"
        },
        {
            "input": "yexynarzqzhpismhsxisarmcbctkezeqlyycgntkchsig",
            "output": "45"
        },
        {
            "input": "rykpvcbparzppwipefjhskfmbt",
            "output": "26"
        },
        {
            "input": "ueknhny",
            "output": "7"
        },
        {
            "input": "hhnfqpavaexxjhubpamtxwytcbhthcpbzplxytzswyziuody",
            "output": "48"
        },
        {
            "input": "febzylyypkgfksezns",
            "output": "18"
        },
        {
            "input": "ihcri",
            "output": "5"
        },
        {
            "input": "hlswztwmunuumsmpk",
            "output": "17"
        },
        {
            "input": "whrynfmorvyrkslbjljyzcxj",
            "output": "24"
        },
        {
            "input": "sqxxjbpmazdodwowisqemrdksxrovuwjakxolv",
            "output": "38"
        },
        {
            "input": "rndchsxdbywgzskehaishtgutjvl",
            "output": "28"
        },
        {
            "input": "hqgvoiffheddzmpfbqwnzljaiykrms",
            "output": "30"
        },
        {
            "input": "hwwdjhanxnnjugemtinvwjyaiepvyolmbhxvvrkte",
            "output": "41"
        },
        {
            "input": "adqq",
            "output": "4"
        },
        {
            "input": "yhqfftcvaduitficojlcnxsmaxkh",
            "output": "28"
        },
        {
            "input": "ctdwejlvzoosfjyk",
            "output": "16"
        },
        {
            "input": "ayepumbxz",
            "output": "9"
        },
        {
            "input": "xvclmxgbusbfratmkbx",
            "output": "19"
        },
        {
            "input": "pauhsapbuytksspzdjrczokxwn",
            "output": "26"
        },
        {
            "input": "hkewzdoewjwmuimmyvlr",
            "output": "20"
        },
        {
            "input": "spglrwyqqxpuqmuxesjpnrzobxdvrxvgmlulpnzgsyrpygdfzn",
            "output": "50"
        },
        {
            "input": "umpzyvbchbhlenngmpj",
            "output": "19"
        }
    ]
}