{
    "id": "sum_of_n_natural_numbers",
    "title": "Sum of N Natural Numbers",
    "description": "Calculate the sum of the first N natural numbers (1 to N).",
    "input_format": "A single integer N.",
    "output_format": "An integer representing the sum.",
    "constraints": {
        "N": "1 <= N <= 10000"
    },
    "judge_mode": "FIRST_FAIL",
    "time_limit": 1,
    "sample_test_cases": [
        {
            "input": "5",
            "output": "15"
        },
        {
            "input": "10",
            "output": "55"
        }
    ],
    "hidden_test_cases": [
        {
            "input": "435",
            "output": "94830"
        },
        {
            "input": "433",
            "output": "93961"
        },
        {
            "input": "315",
            "output": "49770"
        },
        {
            "input": "900",
            "output": "405450"
        },
        {
            "input": "722",
            "output": "261003"
        },
        {
            "input": "20",
            "output": "210"
        },
        {
            "input": "379",
            "output": "72010"
        },
        {
            "input": "872",
            "output": "380628"
        },
        {
            "input": "317",
            "output": "50403"
        },
        {
            "input": "402",
            "output": "81003"
        },
        {
            "input": "735",
            "output": "270480"
        },
        {
            "input": "34",
            "output": "595"
        },
        {
            "input": "353",
            "output": "62481"
        },
        {
            "input": "336",
            "output": "56616"
        },
        {
            "input": "819",
            "output": "335790"
        },
        {
            "input": "426",
            "output": "90951"
        },
        {
            "input": "64",
            "output": "2080"
        },
        {
            "input": "22",
            "output": "253"
        },
        {
            "input": "697",
            "output": "243253"
        },
        {
            "input": "643",
            "output": "207046"
        },
        {
            "input": "161",
            "output": "13041"
        },
        {
            "input": "66",
            "output": "2211"
        },
        {
            "input": "330",
            "output": "54615"
        },
        {
            "input": "513",
            "output": "131841"
        },
        {
            "input": "313",
            "output": "49141"
        },
        {
            "input": "280",
            "output": "39340"
        },
        {
            "input": "275",
            "output": "37950"
        },
        {
            "input": "919",
            "output": "422740"
        },
        {
            "input": "47",
            "output": "1128"
        },
        {
            "input": "762",
            "output": "290703"
        },
        {
            "input": "263",
            "output": "34716"
        },
        {
            "input": "855",
            "output": "365940"
        },
        {
            "input": "289",
            "output": "41905"
        },
        {
            "input": "604",
            "output": "182710"
        },
        {
            "input": "496",
            "output": "123256"
        },
        {
            "input": "214",
            "output": "23005"
        },
        {
            "input": "419",
            "output": "87990"
        },
        {
            "input": "669",
            "output": "224115"
        },
        {
            "input": "881",
            "output": "388521"
        },
        {
            "input": "845",
            "output": "357435"
        },
        {
            "input": "906",
            "output": "410871"
        },
        {
            "input": "809",
            "output": "327645"
        },
        {
            "input": "299",
            "output": "44850"
        },
        {
            "input": "640",
            "output": "205120"
        },
        {
            "input": "968",
            "output": "468996"
        },
        {
            "input": "770",
            "output": "296835"
        },
        {
            "input": "987",
            "output": "487578"
        },
        {
            "input": "261",
            "output": "34191"
        },
        {
            "input": "811",
            "output": "329266"
        },
        {
            "input": "112",
            "output": "6328"
        },
        {
            "input": "176",
            "output": "15576"
        },
        {
            "input": "797",
            "output": "318003"
        },
        {
            "input": "298",
            "output": "44551"
        },
        {
            "input": "278",
            "output": "38781"
        },
        {
            "input": "468",
            "output": "109746"
        },
        {
            "input": "265",
            "output": "35245"
        },
        {
            "input": "243",
            "output": "29646"
        },
        {
            "input": "309",
            "output": "47895"
        },
        {
            "input": "50",
            "output": "1275"
        },
        {
            "input": "206",
            "output": "21321"
        },
        {
            "input": "728",
            "output": "265356"
        },
        {
            "input": "394",
            "output": "77815"
        },
        {
            "input": "57",
            "output": "1653"
        },
        {
            "input": "710",
            "output": "252405"
        },
        {
            "input": "430",
            "output": "92665"
        },
        {
            "input": "955",
            "output": "456490"
        },
        {
            "input": "192",
            "output": "18528"
        },
        {
            "input": "42",
            "output": "903"
        },
        {
            "input": "605",
            "output": "183315"
        },
        {
            "input": "930",
            "output": "432915"
        },
        {
            "input": "865",
            "output": "374545"
        },
        {
            "input": "615",
            "output": "189420"
        },
        {
            "input": "196",
            "output": "19306"
        },
        {
            "input": "627",
            "output": "196878"
        },
        {
            "input": "870",
            "output": "378885"
        },
        {
            "input": "99",
            "output": "4950"
        },
        {
            "input": "895",
            "output": "400960"
        },
        {
            "input": "532",
            "output": "141778"
        },
        {
            "input": "875",
            "output": "383250"
        },
        {
            "input": "954",
            "output": "455535"
        },
        {
            "input": "589",
            "output": "173755"
        },
        {
            "input": "683",
            "output": "233586"
        },
        {
            "input": "267",
            "output": "35778"
        },
        {
            "input": "470",
            "output": "110685"
        },
        {
            "input": "446",
            "output": "99681"
        },
        {
            "input": "457",
            "output": "104653"
        },
        {
            "input": "939",
            "output": "441330"
        },
        {
            "input": "469",
            "output": "110215"
        },
        {
            "input": "478",
            "output": "114481"
        },
        {
            "input": "414",
            "output": "85905"
        },
        {
            "input": "237",
            "output": "28203"
        },
        {
            "input": "287",
            "output": "41328"
        },
        {
            "input": "187",
            "output": "17578"
        },
        {
            "input": "41",
            "output": "861"
        },
        {
            "input": "723",
            "output": "261726"
        },
        {
            "input": "70",
            "output": "2485"
        },
        {
            "input": "611",
            "output": "186966"
        },
        {
            "input": "632",
            "output": "200028"
        },
        {
            "input": "447",
            "output": "100128"
        },
        {
            "input": "820",
            "output": "336610"
        },
        {
            "input": "618",
            "output": "191271"
        },
        {
            "input": "335",
            "output": "56280"
        },
        {
            "input": "812",
            "output": "330078"
        },
        {
            "input": "542",
            "output": "147153"
        },
        {
            "input": "966",
            "output": "467061"
        },
        {
            "input": "444",
            "output": "98790"
        },
        {
            "input": "898",
            "output": "403651"
        },
        {
            "input": "441",
            "output": "97461"
        },
        {
            "input": "451",
            "output": "101926"
        },
        {
            "input": "128",
            "output": "8256"
        },
        {
            "input": "115",
            "output": "6670"
        },
        {
            "input": "437",
            "output": "95703"
        },
        {
            "input": "79",
            "output": "3160"
        },
        {
            "input": "909",
            "output": "413595"
        },
        {
            "input": "899",
            "output": "404550"
        },
        {
            "input": "653",
            "output": "213531"
        },
        {
            "input": "765",
            "output": "292995"
        },
        {
            "input": "791",
            "output": "313236"
        },
        {
            "input": "526",
            "output": "138601"
        },
        {
            "input": "21",
            "output": "231"
        },
        {
            "input": "203",
            "output": "20706"
        },
        {
            "input": "890",
            "output": "396495"
        },
        {
            "input": "126",
            "output": "8001"
        },
        {
            "input": "93",
            "output": "4371"
        },
        {
            "input": "467",
            "output": "109278"
        },
        {
            "input": "990",
            "output": "490545"
        },
        {
            "input": "715",
            "output": "255970"
        },
        {
            "input": "738",
            "output": "272691"
        },
        {
            "input": "364",
            "output": "66430"
        },
        {
            "input": "491",
            "output": "120786"
        },
        {
            "input": "17",
            "output": "153"
        },
        {
            "input": "682",
            "output": "232903"
        },
        {
            "input": "702",
            "output": "246753"
        },
        {
            "input": "773",
            "output": "299151"
        },
        {
            "input": "994",
            "output": "494515"
        },
        {
            "input": "391",
            "output": "76636"
        },
        {
            "input": "612",
            "output": "187578"
        },
        {
            "input": "186",
            "output": "17391"
        },
        {
            "input": "938",
            "output": "440391"
        },
        {
            "input": "533",
            "output": "142311"
        },
        {
            "input": "179",
            "output": "16110"
        },
        {
            "input": "759",
            "output": "288420"
        },
        {
            "input": "372",
            "output": "69378"
        },
        {
            "input": "651",
            "output": "212226"
        },
        {
            "input": "915",
            "output": "419070"
        },
        {
            "input": "936",
            "output": "438516"
        },
        {
            "input": "438",
            "output": "96141"
        },
        {
            "input": "873",
            "output": "381501"
        },
        {
            "input": "716",
            "output": "256686"
        },
        {
            "input": "569",
            "output": "162165"
        },
        {
            "input": "848",
            "output": "359976"
        },
        {
            "input": "119",
            "output": "7140"
        },
        {
            "input": "928",
            "output": "431056"
        },
        {
            "input": "337",
            "output": "56953"
        },
        {
            "input": "888",
            "output": "394716"
        },
        {
            "input": "292",
            "output": "42778"
        },
        {
            "input": "745",
            "output": "277885"
        },
        {
            "input": "210",
            "output": "22155"
        },
        {
            "input": "869",
            "output": "378015"
        },
        {
            "input": "432",
            "output": "93528"
        },
        {
            "input": "826",
            "output": "341551"
        },
        {
            "input": "517",
            "output": "133903"
        },
        {
            "input": "232",
            "output": "27028"
        },
        {
            "input": "911",
            "output": "415416"
        },
        {
            "input": "80",
            "output": "3240"
        },
        {
            "input": "665",
            "output": "221445"
        },
        {
            "input": "245",
            "output": "30135"
        },
        {
            "input": "254",
            "output": "32385"
        },
        {
            "input": "633",
            "output": "200661"
        },
        {
            "input": "348",
            "output": "60726"
        },
        {
            "input": "562",
            "output": "158203"
        },
        {
            "input": "106",
            "output": "5671"
        },
        {
            "input": "400",
            "output": "80200"
        },
        {
            "input": "98",
            "output": "4851"
        },
        {
            "input": "659",
            "output": "217470"
        },
        {
            "input": "259",
            "output": "33670"
        },
        {
            "input": "490",
            "output": "120295"
        },
        {
            "input": "421",
            "output": "88831"
        },
        {
            "input": "260",
            "output": "33930"
        },
        {
            "input": "139",
            "output": "9730"
        },
        {
            "input": "585",
            "output": "171405"
        },
        {
            "input": "537",
            "output": "144453"
        },
        {
            "input": "974",
            "output": "474825"
        },
        {
            "input": "679",
            "output": "230860"
        },
        {
            "input": "584",
            "output": "170820"
        },
        {
            "input": "887",
            "output": "393828"
        },
        {
            "input": "169",
            "output": "14365"
        },
        {
            "input": "312",
            "output": "48828"
        },
        {
            "input": "60",
            "output": "1830"
        },
        {
            "input": "31",
            "output": "496"
        },
        {
            "input": "613",
            "output": "188191"
        },
        {
            "input": "862",
            "output": "371953"
        },
        {
            "input": "806",
            "output": "325221"
        },
        {
            "input": "666",
            "output": "222111"
        },
        {
            "input": "818",
            "output": "334971"
        },
        {
            "input": "670",
            "output": "224785"
        },
        {
            "input": "39",
            "output": "780"
        },
        {
            "input": "213",
            "output": "22791"
        },
        {
            "input": "958",
            "output": "459361"
        },
        {
            "input": "830",
            "output": "344865"
        },
        {
            "input": "150",
            "output": "11325"
        },
        {
            "input": "789",
            "output": "311655"
        },
        {
            "input": "377",
            "output": "71253"
        },
        {
            "input": "184",
            "output": "17020"
        },
        {
            "input": "694",
            "output": "241165"
        },
        {
            "input": "188",
            "output": "17766"
        },
        {
            "input": "114",
            "output": "6555"
        },
        {
            "input": "216",
            "output": "23436"
        },
        {
            "input": "374",
            "output": "70125"
        },
        {
            "input": "511",
            "output": "130816"
        },
        {
            "input": "684",
            "output": "234270"
        },
        {
            "input": "222",
            "output": "24753"
        },
        {
            "input": "131",
            "output": "8646"
        },
        {
            "input": "536",
            "output": "143916"
        },
        {
            "input": "443",
            "output": "98346"
        },
        {
            "input": "425",
            "output": "90525"
        },
        {
            "input": "316",
            "output": "50086"
        },
        {
            "input": "725",
            "output": "263175"
        },
        {
            "input": "501",
            "output": "125751"
        },
        {
            "input": "857",
            "output": "367653"
        },
        {
            "input": "127",
            "output": "8128"
        },
        {
            "input": "386",
            "output": "74691"
        },
        {
            "input": "390",
            "output": "76245"
        },
        {
            "input": "366",
            "output": "67161"
        },
        {
            "input": "224",
            "output": "25200"
        },
        {
            "input": "553",
            "output": "153181"
        },
        {
            "input": "636",
            "output": "202566"
        },
        {
            "input": "264",
            "output": "34980"
        },
        {
            "input": "957",
            "output": "458403"
        },
        {
            "input": "320",
            "output": "51360"
        },
        {
            "input": "645",
            "output": "208335"
        },
        {
            "input": "590",
            "output": "174345"
        },
        {
            "input": "953",
            "output": "454581"
        },
        {
            "input": "442",
            "output": "97903"
        },
        {
            "input": "971",
            "output": "471906"
        },
        {
            "input": "878",
            "output": "385881"
        },
        {
            "input": "609",
            "output": "185745"
        },
        {
            "input": "238",
            "output": "28441"
        },
        {
            "input": "102",
            "output": "5253"
        },
        {
            "input": "580",
            "output": "168490"
        },
        {
            "input": "767",
            "output": "294528"
        },
        {
            "input": "208",
            "output": "21736"
        },
        {
            "input": "385",
            "output": "74305"
        },
        {
            "input": "71",
            "output": "2556"
        },
        {
            "input": "67",
            "output": "2278"
        },
        {
            "input": "48",
            "output": "1176"
        },
        {
            "input": "794",
            "output": "315615"
        },
        {
            "input": "902",
            "output": "407253"
        },
        {
            "input": "695",
            "output": "241860"
        },
        {
            "input": "972",
            "output": "472878"
        },
        {
            "input": "744",
            "output": "277140"
        },
        {
            "input": "177",
            "output": "15753"
        },
        {
            "input": "286",
            "output": "41041"
        },
        {
            "input": "229",
            "output": "26335"
        },
        {
            "input": "325",
            "output": "52975"
        },
        {
            "input": "863",
            "output": "372816"
        },
        {
            "input": "10",
            "output": "55"
        },
        {
            "input": "328",
            "output": "53956"
        },
        {
            "input": "969",
            "output": "469965"
        },
        {
            "input": "724",
            "output": "262450"
        },
        {
            "input": "586",
            "output": "171991"
        },
        {
            "input": "667",
            "output": "222778"
        },
        {
            "input": "85",
            "output": "3655"
        },
        {
            "input": "701",
            "output": "246051"
        },
        {
            "input": "989",
            "output": "489555"
        },
        {
            "input": "121",
            "output": "7381"
        },
        {
            "input": "157",
            "output": "12403"
        },
        {
            "input": "866",
            "output": "375411"
        },
        {
            "input": "246",
            "output": "30381"
        },
        {
            "input": "389",
            "output": "75855"
        },
        {
            "input": "338",
            "output": "57291"
        },
        {
            "input": "324",
            "output": "52650"
        },
        {
            "input": "434",
            "output": "94395"
        },
        {
            "input": "529",
            "output": "140185"
        },
        {
            "input": "201",
            "output": "20301"
        },
        {
            "input": "978",
            "output": "478731"
        },
        {
            "input": "827",
            "output": "342378"
        },
        {
            "input": "375",
            "output": "70500"
        },
        {
            "input": "718",
            "output": "258121"
        },
        {
            "input": "78",
            "output": "3081"
        },
        {
            "input": "142",
            "output": "10153"
        },
        {
            "input": "155",
            "output": "12090"
        },
        {
            "input": "109",
            "output": "5995"
        },
        {
            "input": "449",
            "output": "101025"
        },
        {
            "input": "992",
            "output": "492528"
        },
        {
            "input": "307",
            "output": "47278"
        },
        {
            "input": "199",
            "output": "19900"
        },
        {
            "input": "838",
            "output": "351541"
        },
        {
            "input": "163",
            "output": "13366"
        },
        {
            "input": "269",
            "output": "36315"
        },
        {
            "input": "46",
            "output": "1081"
        },
        {
            "input": "528",
            "output": "139656"
        },
        {
            "input": "743",
            "output": "276396"
        },
        {
            "input": "671",
            "output": "225456"
        },
        {
            "input": "231",
            "output": "26796"
        },
        {
            "input": "175",
            "output": "15400"
        },
        {
            "input": "369",
            "output": "68265"
        },
        {
            "input": "732",
            "output": "268278"
        },
        {
            "input": "304",
            "output": "46360"
        },
        {
            "input": "882",
            "output": "389403"
        },
        {
            "input": "202",
            "output": "20503"
        },
        {
            "input": "244",
            "output": "29890"
        },
        {
            "input": "942",
            "output": "444153"
        },
        {
            "input": "828",
            "output": "343206"
        },
        {
            "input": "576",
            "output": "166176"
        },
        {
            "input": "952",
            "output": "453628"
        },
        {
            "input": "817",
            "output": "334153"
        },
        {
            "input": "49",
            "output": "1225"
        },
        {
            "input": "277",
            "output": "38503"
        },
        {
            "input": "9",
            "output": "45"
        },
        {
            "input": "370",
            "output": "68635"
        },
        {
            "input": "554",
            "output": "153735"
        },
        {
            "input": "816",
            "output": "333336"
        },
        {
            "input": "481",
            "output": "115921"
        },
        {
            "input": "14",
            "output": "105"
        },
        {
            "input": "319",
            "output": "51040"
        },
        {
            "input": "588",
            "output": "173166"
        },
        {
            "input": "914",
            "output": "418155"
        },
        {
            "input": "408",
            "output": "83436"
        },
        {
            "input": "162",
            "output": "13203"
        },
        {
            "input": "170",
            "output": "14535"
        },
        {
            "input": "946",
            "output": "447931"
        },
        {
            "input": "113",
            "output": "6441"
        },
        {
            "input": "861",
            "output": "371091"
        },
        {
            "input": "622",
            "output": "193753"
        },
        {
            "input": "487",
            "output": "118828"
        },
        {
            "input": "739",
            "output": "273430"
        },
        {
            "input": "538",
            "output": "144991"
        },
        {
            "input": "931",
            "output": "433846"
        },
        {
            "input": "788",
            "output": "310866"
        },
        {
            "input": "913",
            "output": "417241"
        },
        {
            "input": "241",
            "output": "29161"
        },
        {
            "input": "308",
            "output": "47586"
        },
        {
            "input": "365",
            "output": "66795"
        },
        {
            "input": "858",
            "output": "368511"
        },
        {
            "input": "566",
            "output": "160461"
        },
        {
            "input": "96",
            "output": "4656"
        },
        {
            "input": "15",
            "output": "120"
        },
        {
            "input": "778",
            "output": "303031"
        },
        {
            "input": "573",
            "output": "164451"
        },
        {
            "input": "729",
            "output": "266085"
        },
        {
            "input": "361",
            "output": "65341"
        },
        {
            "input": "250",
            "output": "31375"
        },
        {
            "input": "498",
            "output": "124251"
        },
        {
            "input": "356",
            "output": "63546"
        },
        {
            "input": "568",
            "output": "161596"
        },
        {
            "input": "901",
            "output": "406351"
        },
        {
            "input": "800",
            "output": "320400"
        },
        {
            "input": "84",
            "output": "3570"
        },
        {
            "input": "107",
            "output": "5778"
        },
        {
            "input": "508",
            "output": "129286"
        },
        {
            "input": "658",
            "output": "216811"
        },
        {
            "input": "339",
            "output": "57630"
        },
        {
            "input": "448",
            "output": "100576"
        },
        {
            "input": "225",
            "output": "25425"
        },
        {
            "input": "850",
            "output": "361675"
        },
        {
            "input": "507",
            "output": "128778"
        },
        {
            "input": "302",
            "output": "45753"
        },
        {
            "input": "387",
            "output": "75078"
        },
        {
            "input": "104",
            "output": "5460"
        },
        {
            "input": "947",
            "output": "448878"
        },
        {
            "input": "65",
            "output": "2145"
        },
        {
            "input": "354",
            "output": "62835"
        },
        {
            "input": "842",
            "output": "354903"
        },
        {
            "input": "646",
            "output": "208981"
        },
        {
            "input": "824",
            "output": "339900"
        },
        {
            "input": "549",
            "output": "150975"
        },
        {
            "input": "87",
            "output": "3828"
        },
        {
            "input": "118",
            "output": "7021"
        },
        {
            "input": "164",
            "output": "13530"
        },
        {
            "input": "614",
            "output": "188805"
        },
        {
            "input": "639",
            "output": "204480"
        },
        {
            "input": "97",
            "output": "4753"
        },
        {
            "input": "124",
            "output": "7750"
        },
        {
            "input": "880",
            "output": "387640"
        },
        {
            "input": "455",
            "output": "103740"
        },
        {
            "input": "73",
            "output": "2701"
        },
        {
            "input": "846",
            "output": "358281"
        },
        {
            "input": "698",
            "output": "243951"
        },
        {
            "input": "151",
            "output": "11476"
        },
        {
            "input": "351",
            "output": "61776"
        },
        {
            "input": "689",
            "output": "237705"
        },
        {
            "input": "2",
            "output": "3"
        },
        {
            "input": "782",
            "output": "306153"
        },
        {
            "input": "592",
            "output": "175528"
        },
        {
            "input": "751",
            "output": "282376"
        },
        {
            "input": "1000",
            "output": "500500"
        },
        {
            "input": "143",
            "output": "10296"
        },
        {
            "input": "144",
            "output": "10440"
        },
        {
            "input": "89",
            "output": "4005"
        },
        {
            "input": "137",
            "output": "9453"
        },
        {
            "input": "344",
            "output": "59340"
        },
        {
            "input": "371",
            "output": "69006"
        },
        {
            "input": "688",
            "output": "237016"
        },
        {
            "input": "158",
            "output": "12561"
        },
        {
            "input": "837",
            "output": "350703"
        },
        {
            "input": "625",
            "output": "195625"
        },
        {
            "input": "956",
            "output": "457446"
        },
        {
            "input": "623",
            "output": "194376"
        },
        {
            "input": "960",
            "output": "461280"
        },
        {
            "input": "804",
            "output": "323610"
        },
        {
            "input": "416",
            "output": "86736"
        },
        {
            "input": "219",
            "output": "24090"
        },
        {
            "input": "883",
            "output": "390286"
        },
        {
            "input": "502",
            "output": "126253"
        },
        {
            "input": "350",
            "output": "61425"
        },
        {
            "input": "783",
            "output": "306936"
        },
        {
            "input": "454",
            "output": "103285"
        },
        {
            "input": "572",
            "output": "163878"
        },
        {
            "input": "926",
            "output": "429201"
        },
        {
            "input": "922",
            "output": "425503"
        },
        {
            "input": "253",
            "output": "32131"
        },
        {
            "input": "929",
            "output": "431985"
        },
        {
            "input": "248",
            "output": "30876"
        },
        {
            "input": "359",
            "output": "64620"
        },
        {
            "input": "921",
            "output": "424581"
        },
        {
            "input": "720",
            "output": "259560"
        },
        {
            "input": "81",
            "output": "3321"
        },
        {
            "input": "281",
            "output": "39621"
        },
        {
            "input": "548",
            "output": "150426"
        },
        {
            "input": "110",
            "output": "6105"
        },
        {
            "input": "329",
            "output": "54285"
        },
        {
            "input": "730",
            "output": "266815"
        },
        {
            "input": "1",
            "output": "1"
        },
        {
            "input": "889",
            "output": "395605"
        },
        {
            "input": "835",
            "output": "349030"
        },
        {
            "input": "318",
            "output": "50721"
        },
        {
            "input": "822",
            "output": "338253"
        },
        {
            "input": "165",
            "output": "13695"
        },
        {
            "input": "608",
            "output": "185136"
        },
        {
            "input": "228",
            "output": "26106"
        },
        {
            "input": "285",
            "output": "40755"
        },
        {
            "input": "691",
            "output": "239086"
        },
        {
            "input": "982",
            "output": "482653"
        },
        {
            "input": "397",
            "output": "79003"
        },
        {
            "input": "959",
            "output": "460320"
        },
        {
            "input": "103",
            "output": "5356"
        },
        {
            "input": "673",
            "output": "226801"
        },
        {
            "input": "154",
            "output": "11935"
        },
        {
            "input": "996",
            "output": "496506"
        },
        {
            "input": "904",
            "output": "409060"
        },
        {
            "input": "296",
            "output": "43956"
        },
        {
            "input": "35",
            "output": "630"
        },
        {
            "input": "217",
            "output": "23653"
        },
        {
            "input": "868",
            "output": "377146"
        },
        {
            "input": "401",
            "output": "80601"
        },
        {
            "input": "95",
            "output": "4560"
        },
        {
            "input": "719",
            "output": "258840"
        },
        {
            "input": "700",
            "output": "245350"
        },
        {
            "input": "11",
            "output": "66"
        },
        {
            "input": "327",
            "output": "53628"
        },
        {
            "input": "40",
            "output": "820"
        },
        {
            "input": "539",
            "output": "145530"
        },
        {
            "input": "629",
            "output": "198135"
        },
        {
            "input": "373",
            "output": "69751"
        },
        {
            "input": "519",
            "output": "134940"
        },
        {
            "input": "836",
            "output": "349866"
        },
        {
            "input": "194",
            "output": "18915"
        },
        {
            "input": "860",
            "output": "370230"
        },
        {
            "input": "24",
            "output": "300"
        },
        {
            "input": "226",
            "output": "25651"
        },
        {
            "input": "624",
            "output": "195000"
        },
        {
            "input": "343",
            "output": "58996"
        },
        {
            "input": "420",
            "output": "88410"
        },
        {
            "input": "262",
            "output": "34453"
        },
        {
            "input": "146",
            "output": "10731"
        },
        {
            "input": "173",
            "output": "15051"
        },
        {
            "input": "456",
            "output": "104196"
        },
        {
            "input": "88",
            "output": "3916"
        },
        {
            "input": "905",
            "output": "409965"
        },
        {
            "input": "346",
            "output": "60031"
        },
        {
            "input": "270",
            "output": "36585"
        },
        {
            "input": "342",
            "output": "58653"
        },
        {
            "input": "148",
            "output": "11026"
        },
        {
            "input": "707",
            "output": "250278"
        },
        {
            "input": "703",
            "output": "247456"
        },
        {
            "input": "378",
            "output": "71631"
        },
        {
            "input": "582",
            "output": "169653"
        },
        {
            "input": "927",
            "output": "430128"
        },
        {
            "input": "18",
            "output": "171"
        },
        {
            "input": "509",
            "output": "129795"
        },
        {
            "input": "985",
            "output": "485605"
        },
        {
            "input": "76",
            "output": "2926"
        },
        {
            "input": "962",
            "output": "463203"
        },
        {
            "input": "367",
            "output": "67528"
        },
        {
            "input": "506",
            "output": "128271"
        },
        {
            "input": "520",
            "output": "135460"
        },
        {
            "input": "221",
            "output": "24531"
        },
        {
            "input": "276",
            "output": "38226"
        },
        {
            "input": "945",
            "output": "446985"
        },
        {
            "input": "321",
            "output": "51681"
        },
        {
            "input": "129",
            "output": "8385"
        },
        {
            "input": "550",
            "output": "151525"
        },
        {
            "input": "273",
            "output": "37401"
        },
        {
            "input": "885",
            "output": "392055"
        },
        {
            "input": "233",
            "output": "27261"
        },
        {
            "input": "844",
            "output": "356590"
        },
        {
            "input": "805",
            "output": "324415"
        },
        {
            "input": "831",
            "output": "345696"
        },
        {
            "input": "247",
            "output": "30628"
        }
    ]
}