{
    "id": "sum_of_digits",
    "title": "Sum of Digits",
    "description": "The sum of digits problem requires you to separate each digit of a number and add them together. For example, for the number 123, the sum is 1 + 2 + 3 = 6. In this problem, you are given a non-negative integer `N`. Your task is to calculate the sum of its individual digits.",
    "input_format": "A single integer N.",
    "output_format": "Output a single integer representing the sum of the digits of `N`.",
    "constraints": {
        "N": "0 <= N <= 10^18"
    },
    "judge_mode": "FIRST_FAIL",
    "time_limit": 1,
    "sample_test_cases": [
        {
            "input": "123",
            "output": "6"
        },
        {
            "input": "456",
            "output": "15"
        }
    ],
    "hidden_test_cases": [
        {
            "input": "5529",
            "output": "21"
        },
        {
            "input": "5753",
            "output": "20"
        },
        {
            "input": "4977",
            "output": "27"
        },
        {
            "input": "6857",
            "output": "26"
        },
        {
            "input": "5516",
            "output": "17"
        },
        {
            "input": "6155",
            "output": "17"
        },
        {
            "input": "7575",
            "output": "24"
        },
        {
            "input": "7145",
            "output": "17"
        },
        {
            "input": "9007",
            "output": "16"
        },
        {
            "input": "6758",
            "output": "26"
        },
        {
            "input": "8555",
            "output": "23"
        },
        {
            "input": "6354",
            "output": "18"
        },
        {
            "input": "5383",
            "output": "19"
        },
        {
            "input": "2682",
            "output": "18"
        },
        {
            "input": "4970",
            "output": "20"
        },
        {
            "input": "1633",
            "output": "13"
        },
        {
            "input": "1594",
            "output": "19"
        },
        {
            "input": "3339",
            "output": "18"
        },
        {
            "input": "577",
            "output": "19"
        },
        {
            "input": "6579",
            "output": "27"
        },
        {
            "input": "8829",
            "output": "27"
        },
        {
            "input": "116",
            "output": "8"
        },
        {
            "input": "1451",
            "output": "11"
        },
        {
            "input": "6013",
            "output": "10"
        },
        {
            "input": "3292",
            "output": "16"
        },
        {
            "input": "8464",
            "output": "22"
        },
        {
            "input": "3914",
            "output": "17"
        },
        {
            "input": "6432",
            "output": "15"
        },
        {
            "input": "1969",
            "output": "25"
        },
        {
            "input": "3785",
            "output": "23"
        },
        {
            "input": "6492",
            "output": "21"
        },
        {
            "input": "6620",
            "output": "14"
        },
        {
            "input": "1042",
            "output": "7"
        },
        {
            "input": "5878",
            "output": "28"
        },
        {
            "input": "3939",
            "output": "24"
        },
        {
            "input": "1098",
            "output": "18"
        },
        {
            "input": "2644",
            "output": "16"
        },
        {
            "input": "70",
            "output": "7"
        },
        {
            "input": "8069",
            "output": "23"
        },
        {
            "input": "3750",
            "output": "15"
        },
        {
            "input": "5994",
            "output": "27"
        },
        {
            "input": "842",
            "output": "14"
        },
        {
            "input": "9576",
            "output": "27"
        },
        {
            "input": "8139",
            "output": "21"
        },
        {
            "input": "1688",
            "output": "23"
        },
        {
            "input": "8250",
            "output": "15"
        },
        {
            "input": "7280",
            "output": "17"
        },
        {
            "input": "4048",
            "output": "16"
        },
        {
            "input": "6645",
            "output": "21"
        },
        {
            "input": "3474",
            "output": "18"
        },
        {
            "input": "4225",
            "output": "13"
        },
        {
            "input": "300",
            "output": "3"
        },
        {
            "input": "4277",
            "output": "20"
        },
        {
            "input": "4196",
            "output": "20"
        },
        {
            "input": "2494",
            "output": "19"
        },
        {
            "input": "5182",
            "output": "16"
        },
        {
            "input": "3042",
            "output": "9"
        },
        {
            "input": "8842",
            "output": "22"
        },
        {
            "input": "8212",
            "output": "13"
        },
        {
            "input": "5927",
            "output": "23"
        },
        {
            "input": "9258",
            "output": "24"
        },
        {
            "input": "4131",
            "output": "9"
        },
        {
            "input": "6497",
            "output": "26"
        },
        {
            "input": "1871",
            "output": "17"
        },
        {
            "input": "6996",
            "output": "30"
        },
        {
            "input": "4407",
            "output": "15"
        },
        {
            "input": "9980",
            "output": "26"
        },
        {
            "input": "3451",
            "output": "13"
        },
        {
            "input": "6874",
            "output": "25"
        },
        {
            "input": "6929",
            "output": "26"
        },
        {
            "input": "896",
            "output": "23"
        },
        {
            "input": "1603",
            "output": "10"
        },
        {
            "input": "6051",
            "output": "12"
        },
        {
            "input": "7122",
            "output": "12"
        },
        {
            "input": "513",
            "output": "9"
        },
        {
            "input": "2648",
            "output": "20"
        },
        {
            "input": "747",
            "output": "18"
        },
        {
            "input": "1187",
            "output": "17"
        },
        {
            "input": "3337",
            "output": "16"
        },
        {
            "input": "82",
            "output": "10"
        },
        {
            "input": "2922",
            "output": "15"
        },
        {
            "input": "8917",
            "output": "25"
        },
        {
            "input": "6846",
            "output": "24"
        },
        {
            "input": "9312",
            "output": "15"
        },
        {
            "input": "3422",
            "output": "11"
        },
        {
            "input": "6224",
            "output": "14"
        },
        {
            "input": "8186",
            "output": "23"
        },
        {
            "input": "6992",
            "output": "26"
        },
        {
            "input": "4802",
            "output": "14"
        },
        {
            "input": "1276",
            "output": "16"
        },
        {
            "input": "9461",
            "output": "20"
        },
        {
            "input": "6607",
            "output": "19"
        },
        {
            "input": "6150",
            "output": "12"
        },
        {
            "input": "9669",
            "output": "30"
        },
        {
            "input": "4449",
            "output": "21"
        },
        {
            "input": "5848",
            "output": "25"
        },
        {
            "input": "5154",
            "output": "15"
        },
        {
            "input": "8792",
            "output": "26"
        },
        {
            "input": "2677",
            "output": "22"
        },
        {
            "input": "3701",
            "output": "11"
        },
        {
            "input": "8869",
            "output": "31"
        },
        {
            "input": "4445",
            "output": "17"
        },
        {
            "input": "5070",
            "output": "12"
        },
        {
            "input": "287",
            "output": "17"
        },
        {
            "input": "2999",
            "output": "29"
        },
        {
            "input": "5722",
            "output": "16"
        },
        {
            "input": "802",
            "output": "10"
        },
        {
            "input": "3686",
            "output": "23"
        },
        {
            "input": "3488",
            "output": "23"
        },
        {
            "input": "4352",
            "output": "14"
        },
        {
            "input": "5122",
            "output": "10"
        },
        {
            "input": "7999",
            "output": "34"
        },
        {
            "input": "5703",
            "output": "15"
        },
        {
            "input": "9611",
            "output": "17"
        },
        {
            "input": "2292",
            "output": "15"
        },
        {
            "input": "4164",
            "output": "15"
        },
        {
            "input": "9996",
            "output": "33"
        },
        {
            "input": "6370",
            "output": "16"
        },
        {
            "input": "7316",
            "output": "17"
        },
        {
            "input": "2533",
            "output": "13"
        },
        {
            "input": "4855",
            "output": "22"
        },
        {
            "input": "1604",
            "output": "11"
        },
        {
            "input": "9182",
            "output": "20"
        },
        {
            "input": "5536",
            "output": "19"
        },
        {
            "input": "8961",
            "output": "24"
        },
        {
            "input": "8026",
            "output": "16"
        },
        {
            "input": "9817",
            "output": "25"
        },
        {
            "input": "1493",
            "output": "17"
        },
        {
            "input": "778",
            "output": "22"
        },
        {
            "input": "8225",
            "output": "17"
        },
        {
            "input": "2741",
            "output": "14"
        },
        {
            "input": "7953",
            "output": "24"
        },
        {
            "input": "6863",
            "output": "23"
        },
        {
            "input": "2912",
            "output": "14"
        },
        {
            "input": "6842",
            "output": "20"
        },
        {
            "input": "6463",
            "output": "19"
        },
        {
            "input": "2621",
            "output": "11"
        },
        {
            "input": "4936",
            "output": "22"
        },
        {
            "input": "3597",
            "output": "24"
        },
        {
            "input": "2699",
            "output": "26"
        },
        {
            "input": "1486",
            "output": "19"
        },
        {
            "input": "4859",
            "output": "26"
        },
        {
            "input": "9921",
            "output": "21"
        },
        {
            "input": "4864",
            "output": "22"
        },
        {
            "input": "951",
            "output": "15"
        },
        {
            "input": "7951",
            "output": "22"
        },
        {
            "input": "3780",
            "output": "18"
        },
        {
            "input": "3403",
            "output": "10"
        },
        {
            "input": "1351",
            "output": "10"
        },
        {
            "input": "2849",
            "output": "23"
        },
        {
            "input": "5278",
            "output": "22"
        },
        {
            "input": "6515",
            "output": "17"
        },
        {
            "input": "9288",
            "output": "27"
        },
        {
            "input": "65",
            "output": "11"
        },
        {
            "input": "1932",
            "output": "15"
        },
        {
            "input": "9706",
            "output": "22"
        },
        {
            "input": "8345",
            "output": "20"
        },
        {
            "input": "5453",
            "output": "17"
        },
        {
            "input": "6428",
            "output": "20"
        },
        {
            "input": "2458",
            "output": "19"
        },
        {
            "input": "5515",
            "output": "16"
        },
        {
            "input": "126",
            "output": "9"
        },
        {
            "input": "3055",
            "output": "13"
        },
        {
            "input": "5904",
            "output": "18"
        },
        {
            "input": "8395",
            "output": "25"
        },
        {
            "input": "7351",
            "output": "16"
        },
        {
            "input": "3908",
            "output": "20"
        },
        {
            "input": "1396",
            "output": "19"
        },
        {
            "input": "9889",
            "output": "34"
        },
        {
            "input": "4592",
            "output": "20"
        },
        {
            "input": "6953",
            "output": "23"
        },
        {
            "input": "8834",
            "output": "23"
        },
        {
            "input": "1184",
            "output": "14"
        },
        {
            "input": "1061",
            "output": "8"
        },
        {
            "input": "6312",
            "output": "12"
        },
        {
            "input": "5013",
            "output": "9"
        },
        {
            "input": "5147",
            "output": "17"
        },
        {
            "input": "5547",
            "output": "21"
        },
        {
            "input": "9445",
            "output": "22"
        },
        {
            "input": "3554",
            "output": "17"
        },
        {
            "input": "7753",
            "output": "22"
        },
        {
            "input": "558",
            "output": "18"
        },
        {
            "input": "1059",
            "output": "15"
        },
        {
            "input": "6326",
            "output": "17"
        },
        {
            "input": "6606",
            "output": "18"
        },
        {
            "input": "3429",
            "output": "18"
        },
        {
            "input": "9688",
            "output": "31"
        },
        {
            "input": "5270",
            "output": "14"
        },
        {
            "input": "6791",
            "output": "23"
        },
        {
            "input": "9242",
            "output": "17"
        },
        {
            "input": "6931",
            "output": "19"
        },
        {
            "input": "8856",
            "output": "27"
        },
        {
            "input": "6131",
            "output": "11"
        },
        {
            "input": "6637",
            "output": "22"
        },
        {
            "input": "4552",
            "output": "16"
        },
        {
            "input": "6142",
            "output": "13"
        },
        {
            "input": "5485",
            "output": "22"
        },
        {
            "input": "8355",
            "output": "21"
        },
        {
            "input": "625",
            "output": "13"
        },
        {
            "input": "4251",
            "output": "12"
        },
        {
            "input": "245",
            "output": "11"
        },
        {
            "input": "8815",
            "output": "22"
        },
        {
            "input": "9365",
            "output": "23"
        },
        {
            "input": "4517",
            "output": "17"
        },
        {
            "input": "9369",
            "output": "27"
        },
        {
            "input": "769",
            "output": "22"
        },
        {
            "input": "7017",
            "output": "15"
        },
        {
            "input": "8199",
            "output": "27"
        },
        {
            "input": "5671",
            "output": "19"
        },
        {
            "input": "8718",
            "output": "24"
        },
        {
            "input": "4865",
            "output": "23"
        },
        {
            "input": "1161",
            "output": "9"
        },
        {
            "input": "9765",
            "output": "27"
        },
        {
            "input": "7003",
            "output": "10"
        },
        {
            "input": "8904",
            "output": "21"
        },
        {
            "input": "9429",
            "output": "24"
        },
        {
            "input": "5216",
            "output": "14"
        },
        {
            "input": "3958",
            "output": "25"
        },
        {
            "input": "7414",
            "output": "16"
        },
        {
            "input": "6919",
            "output": "25"
        },
        {
            "input": "1715",
            "output": "14"
        },
        {
            "input": "8107",
            "output": "16"
        },
        {
            "input": "5776",
            "output": "25"
        },
        {
            "input": "9198",
            "output": "27"
        },
        {
            "input": "3207",
            "output": "12"
        },
        {
            "input": "5165",
            "output": "17"
        },
        {
            "input": "9122",
            "output": "14"
        },
        {
            "input": "1382",
            "output": "14"
        },
        {
            "input": "6657",
            "output": "24"
        },
        {
            "input": "7198",
            "output": "25"
        },
        {
            "input": "7733",
            "output": "20"
        },
        {
            "input": "1101",
            "output": "3"
        },
        {
            "input": "6576",
            "output": "24"
        },
        {
            "input": "813",
            "output": "12"
        },
        {
            "input": "9991",
            "output": "28"
        },
        {
            "input": "7538",
            "output": "23"
        },
        {
            "input": "7253",
            "output": "17"
        },
        {
            "input": "2941",
            "output": "16"
        },
        {
            "input": "9578",
            "output": "29"
        },
        {
            "input": "5379",
            "output": "24"
        },
        {
            "input": "3105",
            "output": "9"
        },
        {
            "input": "3594",
            "output": "21"
        },
        {
            "input": "273",
            "output": "12"
        },
        {
            "input": "1048",
            "output": "13"
        },
        {
            "input": "5978",
            "output": "29"
        },
        {
            "input": "4124",
            "output": "11"
        },
        {
            "input": "1428",
            "output": "15"
        },
        {
            "input": "1674",
            "output": "18"
        },
        {
            "input": "9696",
            "output": "30"
        },
        {
            "input": "1400",
            "output": "5"
        },
        {
            "input": "5525",
            "output": "17"
        },
        {
            "input": "2530",
            "output": "10"
        },
        {
            "input": "3657",
            "output": "21"
        },
        {
            "input": "4403",
            "output": "11"
        },
        {
            "input": "2061",
            "output": "9"
        },
        {
            "input": "1675",
            "output": "19"
        },
        {
            "input": "1862",
            "output": "17"
        },
        {
            "input": "1106",
            "output": "8"
        },
        {
            "input": "1139",
            "output": "14"
        },
        {
            "input": "5971",
            "output": "22"
        },
        {
            "input": "2096",
            "output": "17"
        },
        {
            "input": "1526",
            "output": "14"
        },
        {
            "input": "6319",
            "output": "19"
        },
        {
            "input": "3362",
            "output": "14"
        },
        {
            "input": "1403",
            "output": "8"
        },
        {
            "input": "7181",
            "output": "17"
        },
        {
            "input": "4444",
            "output": "16"
        },
        {
            "input": "5909",
            "output": "23"
        },
        {
            "input": "1544",
            "output": "14"
        },
        {
            "input": "7568",
            "output": "26"
        },
        {
            "input": "5627",
            "output": "20"
        },
        {
            "input": "9166",
            "output": "22"
        },
        {
            "input": "8978",
            "output": "32"
        },
        {
            "input": "1001",
            "output": "2"
        },
        {
            "input": "518",
            "output": "14"
        },
        {
            "input": "7487",
            "output": "26"
        },
        {
            "input": "3642",
            "output": "15"
        },
        {
            "input": "7927",
            "output": "25"
        },
        {
            "input": "1547",
            "output": "17"
        },
        {
            "input": "3773",
            "output": "20"
        },
        {
            "input": "7724",
            "output": "20"
        },
        {
            "input": "2430",
            "output": "9"
        },
        {
            "input": "9246",
            "output": "21"
        },
        {
            "input": "596",
            "output": "20"
        },
        {
            "input": "3944",
            "output": "20"
        },
        {
            "input": "2893",
            "output": "22"
        },
        {
            "input": "4242",
            "output": "12"
        },
        {
            "input": "6458",
            "output": "23"
        },
        {
            "input": "3377",
            "output": "20"
        },
        {
            "input": "6819",
            "output": "24"
        },
        {
            "input": "2283",
            "output": "15"
        },
        {
            "input": "2821",
            "output": "13"
        },
        {
            "input": "6476",
            "output": "23"
        },
        {
            "input": "6330",
            "output": "12"
        },
        {
            "input": "3181",
            "output": "13"
        },
        {
            "input": "5852",
            "output": "20"
        },
        {
            "input": "1443",
            "output": "12"
        },
        {
            "input": "2683",
            "output": "19"
        },
        {
            "input": "3583",
            "output": "19"
        },
        {
            "input": "2481",
            "output": "15"
        },
        {
            "input": "5433",
            "output": "15"
        },
        {
            "input": "6596",
            "output": "26"
        },
        {
            "input": "2731",
            "output": "13"
        },
        {
            "input": "3910",
            "output": "13"
        },
        {
            "input": "2418",
            "output": "15"
        },
        {
            "input": "211",
            "output": "4"
        },
        {
            "input": "1278",
            "output": "18"
        },
        {
            "input": "6508",
            "output": "19"
        },
        {
            "input": "7240",
            "output": "13"
        },
        {
            "input": "5657",
            "output": "23"
        },
        {
            "input": "9806",
            "output": "23"
        },
        {
            "input": "6185",
            "output": "20"
        },
        {
            "input": "5176",
            "output": "19"
        },
        {
            "input": "8481",
            "output": "21"
        },
        {
            "input": "9335",
            "output": "20"
        },
        {
            "input": "8400",
            "output": "12"
        },
        {
            "input": "3676",
            "output": "22"
        },
        {
            "input": "1828",
            "output": "19"
        },
        {
            "input": "8086",
            "output": "22"
        },
        {
            "input": "2406",
            "output": "12"
        },
        {
            "input": "5295",
            "output": "21"
        },
        {
            "input": "1921",
            "output": "13"
        },
        {
            "input": "3968",
            "output": "26"
        },
        {
            "input": "4339",
            "output": "19"
        },
        {
            "input": "143",
            "output": "8"
        },
        {
            "input": "6591",
            "output": "21"
        },
        {
            "input": "2295",
            "output": "18"
        },
        {
            "input": "7014",
            "output": "12"
        },
        {
            "input": "7203",
            "output": "12"
        },
        {
            "input": "9958",
            "output": "31"
        },
        {
            "input": "1877",
            "output": "23"
        },
        {
            "input": "5670",
            "output": "18"
        },
        {
            "input": "1281",
            "output": "12"
        },
        {
            "input": "5905",
            "output": "19"
        },
        {
            "input": "2795",
            "output": "23"
        },
        {
            "input": "2627",
            "output": "17"
        },
        {
            "input": "9539",
            "output": "26"
        },
        {
            "input": "9565",
            "output": "25"
        },
        {
            "input": "8725",
            "output": "22"
        },
        {
            "input": "7443",
            "output": "18"
        },
        {
            "input": "9157",
            "output": "22"
        },
        {
            "input": "2815",
            "output": "16"
        },
        {
            "input": "8267",
            "output": "23"
        },
        {
            "input": "8127",
            "output": "18"
        },
        {
            "input": "3178",
            "output": "19"
        },
        {
            "input": "7377",
            "output": "24"
        },
        {
            "input": "1132",
            "output": "7"
        },
        {
            "input": "5330",
            "output": "11"
        },
        {
            "input": "621",
            "output": "9"
        },
        {
            "input": "931",
            "output": "13"
        },
        {
            "input": "2775",
            "output": "21"
        },
        {
            "input": "7260",
            "output": "15"
        },
        {
            "input": "7714",
            "output": "19"
        },
        {
            "input": "1662",
            "output": "15"
        },
        {
            "input": "7846",
            "output": "25"
        },
        {
            "input": "7475",
            "output": "23"
        },
        {
            "input": "7396",
            "output": "25"
        },
        {
            "input": "7214",
            "output": "14"
        },
        {
            "input": "2264",
            "output": "14"
        },
        {
            "input": "2093",
            "output": "14"
        },
        {
            "input": "1000",
            "output": "1"
        },
        {
            "input": "3138",
            "output": "15"
        },
        {
            "input": "7438",
            "output": "22"
        },
        {
            "input": "2031",
            "output": "6"
        },
        {
            "input": "3240",
            "output": "9"
        },
        {
            "input": "6284",
            "output": "20"
        },
        {
            "input": "9316",
            "output": "19"
        },
        {
            "input": "441",
            "output": "9"
        },
        {
            "input": "6947",
            "output": "26"
        },
        {
            "input": "1182",
            "output": "12"
        },
        {
            "input": "9095",
            "output": "23"
        },
        {
            "input": "7394",
            "output": "23"
        },
        {
            "input": "3074",
            "output": "14"
        },
        {
            "input": "2020",
            "output": "4"
        },
        {
            "input": "6936",
            "output": "24"
        },
        {
            "input": "8359",
            "output": "25"
        },
        {
            "input": "6201",
            "output": "9"
        },
        {
            "input": "789",
            "output": "24"
        },
        {
            "input": "845",
            "output": "17"
        },
        {
            "input": "942",
            "output": "15"
        },
        {
            "input": "2174",
            "output": "14"
        },
        {
            "input": "6794",
            "output": "26"
        },
        {
            "input": "8803",
            "output": "19"
        },
        {
            "input": "2397",
            "output": "21"
        },
        {
            "input": "6231",
            "output": "12"
        },
        {
            "input": "6977",
            "output": "29"
        },
        {
            "input": "6262",
            "output": "16"
        },
        {
            "input": "1648",
            "output": "19"
        },
        {
            "input": "7770",
            "output": "21"
        },
        {
            "input": "6872",
            "output": "23"
        },
        {
            "input": "9948",
            "output": "30"
        },
        {
            "input": "9924",
            "output": "24"
        },
        {
            "input": "8312",
            "output": "14"
        },
        {
            "input": "816",
            "output": "15"
        },
        {
            "input": "9667",
            "output": "28"
        },
        {
            "input": "76",
            "output": "13"
        },
        {
            "input": "8817",
            "output": "24"
        },
        {
            "input": "9650",
            "output": "20"
        },
        {
            "input": "6170",
            "output": "14"
        },
        {
            "input": "5633",
            "output": "17"
        },
        {
            "input": "1392",
            "output": "15"
        },
        {
            "input": "2312",
            "output": "8"
        },
        {
            "input": "6151",
            "output": "13"
        },
        {
            "input": "1761",
            "output": "15"
        },
        {
            "input": "5614",
            "output": "16"
        },
        {
            "input": "7301",
            "output": "11"
        },
        {
            "input": "8114",
            "output": "14"
        },
        {
            "input": "8769",
            "output": "30"
        },
        {
            "input": "9202",
            "output": "13"
        },
        {
            "input": "4334",
            "output": "14"
        },
        {
            "input": "2859",
            "output": "24"
        },
        {
            "input": "5493",
            "output": "21"
        },
        {
            "input": "6994",
            "output": "28"
        },
        {
            "input": "7184",
            "output": "20"
        },
        {
            "input": "8177",
            "output": "23"
        },
        {
            "input": "8913",
            "output": "21"
        },
        {
            "input": "8050",
            "output": "13"
        },
        {
            "input": "2696",
            "output": "23"
        },
        {
            "input": "2927",
            "output": "20"
        },
        {
            "input": "220",
            "output": "4"
        },
        {
            "input": "5112",
            "output": "9"
        },
        {
            "input": "2537",
            "output": "17"
        },
        {
            "input": "7703",
            "output": "17"
        },
        {
            "input": "7622",
            "output": "17"
        },
        {
            "input": "5685",
            "output": "24"
        },
        {
            "input": "9992",
            "output": "29"
        },
        {
            "input": "3090",
            "output": "12"
        },
        {
            "input": "7598",
            "output": "29"
        },
        {
            "input": "1437",
            "output": "15"
        },
        {
            "input": "1804",
            "output": "13"
        },
        {
            "input": "5316",
            "output": "15"
        },
        {
            "input": "7455",
            "output": "21"
        },
        {
            "input": "9697",
            "output": "31"
        },
        {
            "input": "7748",
            "output": "26"
        },
        {
            "input": "633",
            "output": "12"
        },
        {
            "input": "8138",
            "output": "20"
        },
        {
            "input": "7649",
            "output": "26"
        },
        {
            "input": "5539",
            "output": "22"
        },
        {
            "input": "9263",
            "output": "20"
        },
        {
            "input": "726",
            "output": "15"
        },
        {
            "input": "4341",
            "output": "12"
        },
        {
            "input": "7862",
            "output": "23"
        },
        {
            "input": "3160",
            "output": "10"
        },
        {
            "input": "7299",
            "output": "27"
        },
        {
            "input": "3833",
            "output": "17"
        },
        {
            "input": "8656",
            "output": "25"
        },
        {
            "input": "1850",
            "output": "14"
        },
        {
            "input": "850",
            "output": "13"
        },
        {
            "input": "7349",
            "output": "23"
        },
        {
            "input": "7577",
            "output": "26"
        },
        {
            "input": "740",
            "output": "11"
        },
        {
            "input": "8844",
            "output": "24"
        },
        {
            "input": "7875",
            "output": "27"
        },
        {
            "input": "3283",
            "output": "16"
        },
        {
            "input": "8532",
            "output": "18"
        },
        {
            "input": "915",
            "output": "15"
        },
        {
            "input": "8470",
            "output": "19"
        },
        {
            "input": "9587",
            "output": "29"
        },
        {
            "input": "2460",
            "output": "12"
        },
        {
            "input": "3019",
            "output": "13"
        },
        {
            "input": "617",
            "output": "14"
        },
        {
            "input": "5663",
            "output": "20"
        },
        {
            "input": "4792",
            "output": "22"
        },
        {
            "input": "4958",
            "output": "26"
        },
        {
            "input": "9180",
            "output": "18"
        },
        {
            "input": "7854",
            "output": "24"
        },
        {
            "input": "2720",
            "output": "11"
        },
        {
            "input": "4705",
            "output": "16"
        },
        {
            "input": "8890",
            "output": "25"
        },
        {
            "input": "5100",
            "output": "6"
        },
        {
            "input": "4924",
            "output": "19"
        },
        {
            "input": "1858",
            "output": "22"
        },
        {
            "input": "988",
            "output": "25"
        },
        {
            "input": "4301",
            "output": "8"
        },
        {
            "input": "8549",
            "output": "26"
        },
        {
            "input": "1074",
            "output": "12"
        },
        {
            "input": "4626",
            "output": "18"
        },
        {
            "input": "4516",
            "output": "16"
        },
        {
            "input": "905",
            "output": "14"
        },
        {
            "input": "6300",
            "output": "9"
        },
        {
            "input": "6913",
            "output": "19"
        },
        {
            "input": "6279",
            "output": "24"
        },
        {
            "input": "8516",
            "output": "20"
        },
        {
            "input": "7942",
            "output": "22"
        },
        {
            "input": "5785",
            "output": "25"
        },
        {
            "input": "8887",
            "output": "31"
        },
        {
            "input": "7728",
            "output": "24"
        },
        {
            "input": "5148",
            "output": "18"
        },
        {
            "input": "6083",
            "output": "17"
        },
        {
            "input": "4259",
            "output": "20"
        },
        {
            "input": "7368",
            "output": "24"
        },
        {
            "input": "8901",
            "output": "18"
        },
        {
            "input": "247",
            "output": "13"
        },
        {
            "input": "2978",
            "output": "26"
        },
        {
            "input": "8936",
            "output": "26"
        },
        {
            "input": "4528",
            "output": "19"
        },
        {
            "input": "8742",
            "output": "21"
        },
        {
            "input": "6730",
            "output": "16"
        },
        {
            "input": "3756",
            "output": "21"
        },
        {
            "input": "3450",
            "output": "12"
        }
    ]
}