{
    "id": "sum_of_odd_in_range",
    "title": "Sum of Odd in Range",
    "description": "Calculate the sum of all odd integers in the closed range [A, B].",
    "input_format": "Two space-separated integers A and B.",
    "output_format": "A single integer representing the sum.",
    "constraints": {
        "A, B": "1 <= A <= B <= 1000"
    },
    "judge_mode": "FIRST_FAIL",
    "time_limit": 1,
    "sample_test_cases": [
        {
            "input": "1 10",
            "output": "25"
        },
        {
            "input": "5 15",
            "output": "60"
        }
    ],
    "hidden_test_cases": [
        {
            "input": "38 44",
            "output": "123"
        },
        {
            "input": "93 151",
            "output": "3660"
        },
        {
            "input": "26 143",
            "output": "5015"
        },
        {
            "input": "59 123",
            "output": "3003"
        },
        {
            "input": "32 177",
            "output": "7665"
        },
        {
            "input": "3 41",
            "output": "440"
        },
        {
            "input": "68 181",
            "output": "7125"
        },
        {
            "input": "52 54",
            "output": "53"
        },
        {
            "input": "47 156",
            "output": "5555"
        },
        {
            "input": "39 73",
            "output": "1008"
        },
        {
            "input": "98 148",
            "output": "3075"
        },
        {
            "input": "54 125",
            "output": "3240"
        },
        {
            "input": "37 178",
            "output": "7597"
        },
        {
            "input": "29 171",
            "output": "7200"
        },
        {
            "input": "88 173",
            "output": "5633"
        },
        {
            "input": "6 152",
            "output": "5767"
        },
        {
            "input": "17 106",
            "output": "2745"
        },
        {
            "input": "82 154",
            "output": "4248"
        },
        {
            "input": "2 16",
            "output": "63"
        },
        {
            "input": "13 98",
            "output": "2365"
        },
        {
            "input": "70 151",
            "output": "4551"
        },
        {
            "input": "81 194",
            "output": "7809"
        },
        {
            "input": "34 77",
            "output": "1232"
        },
        {
            "input": "43 124",
            "output": "3403"
        },
        {
            "input": "10 171",
            "output": "7371"
        },
        {
            "input": "87 106",
            "output": "960"
        },
        {
            "input": "42 85",
            "output": "1408"
        },
        {
            "input": "50 188",
            "output": "8211"
        },
        {
            "input": "80 200",
            "output": "8400"
        },
        {
            "input": "67 84",
            "output": "675"
        },
        {
            "input": "49 57",
            "output": "265"
        },
        {
            "input": "45 133",
            "output": "4005"
        },
        {
            "input": "20 42",
            "output": "341"
        },
        {
            "input": "63 170",
            "output": "6264"
        },
        {
            "input": "75 98",
            "output": "1032"
        },
        {
            "input": "35 173",
            "output": "7280"
        },
        {
            "input": "56 164",
            "output": "5940"
        },
        {
            "input": "52 159",
            "output": "5724"
        },
        {
            "input": "50 154",
            "output": "5304"
        },
        {
            "input": "19 197",
            "output": "9720"
        },
        {
            "input": "24 139",
            "output": "4756"
        },
        {
            "input": "22 132",
            "output": "4235"
        },
        {
            "input": "85 137",
            "output": "2997"
        },
        {
            "input": "35 72",
            "output": "1007"
        },
        {
            "input": "95 116",
            "output": "1155"
        },
        {
            "input": "91 152",
            "output": "3751"
        },
        {
            "input": "95 97",
            "output": "192"
        },
        {
            "input": "5 48",
            "output": "572"
        },
        {
            "input": "63 96",
            "output": "1343"
        },
        {
            "input": "59 92",
            "output": "1275"
        },
        {
            "input": "51 194",
            "output": "8784"
        },
        {
            "input": "83 134",
            "output": "2808"
        },
        {
            "input": "48 85",
            "output": "1273"
        },
        {
            "input": "24 132",
            "output": "4212"
        },
        {
            "input": "37 108",
            "output": "2592"
        },
        {
            "input": "93 100",
            "output": "384"
        },
        {
            "input": "86 111",
            "output": "1287"
        },
        {
            "input": "41 167",
            "output": "6656"
        },
        {
            "input": "8 127",
            "output": "4080"
        },
        {
            "input": "64 138",
            "output": "3737"
        },
        {
            "input": "62 68",
            "output": "195"
        },
        {
            "input": "27 129",
            "output": "4056"
        },
        {
            "input": "84 190",
            "output": "7261"
        },
        {
            "input": "3 89",
            "output": "2024"
        },
        {
            "input": "49 100",
            "output": "1924"
        },
        {
            "input": "96 191",
            "output": "6912"
        },
        {
            "input": "47 104",
            "output": "2175"
        },
        {
            "input": "44 166",
            "output": "6405"
        },
        {
            "input": "58 79",
            "output": "759"
        },
        {
            "input": "40 174",
            "output": "7169"
        },
        {
            "input": "97 162",
            "output": "4257"
        },
        {
            "input": "58 94",
            "output": "1368"
        },
        {
            "input": "40 166",
            "output": "6489"
        },
        {
            "input": "18 38",
            "output": "280"
        },
        {
            "input": "39 170",
            "output": "6864"
        },
        {
            "input": "63 154",
            "output": "4968"
        },
        {
            "input": "97 175",
            "output": "5440"
        },
        {
            "input": "64 127",
            "output": "3072"
        },
        {
            "input": "5 55",
            "output": "780"
        },
        {
            "input": "52 107",
            "output": "2240"
        },
        {
            "input": "85 138",
            "output": "2997"
        },
        {
            "input": "5 24",
            "output": "140"
        },
        {
            "input": "64 72",
            "output": "272"
        },
        {
            "input": "35 70",
            "output": "936"
        },
        {
            "input": "36 78",
            "output": "1197"
        },
        {
            "input": "89 145",
            "output": "3393"
        },
        {
            "input": "85 199",
            "output": "8236"
        },
        {
            "input": "31 111",
            "output": "2911"
        },
        {
            "input": "3 156",
            "output": "6083"
        },
        {
            "input": "49 140",
            "output": "4324"
        },
        {
            "input": "22 96",
            "output": "2183"
        },
        {
            "input": "54 63",
            "output": "295"
        },
        {
            "input": "73 127",
            "output": "2800"
        },
        {
            "input": "41 164",
            "output": "6324"
        },
        {
            "input": "16 81",
            "output": "1617"
        },
        {
            "input": "40 75",
            "output": "1044"
        },
        {
            "input": "76 106",
            "output": "1365"
        },
        {
            "input": "60 66",
            "output": "189"
        },
        {
            "input": "94 103",
            "output": "495"
        },
        {
            "input": "51 141",
            "output": "4416"
        },
        {
            "input": "20 40",
            "output": "300"
        },
        {
            "input": "49 53",
            "output": "153"
        },
        {
            "input": "50 59",
            "output": "275"
        },
        {
            "input": "29 124",
            "output": "3648"
        },
        {
            "input": "100 183",
            "output": "5964"
        },
        {
            "input": "37 197",
            "output": "9477"
        },
        {
            "input": "84 136",
            "output": "2860"
        },
        {
            "input": "80 85",
            "output": "249"
        },
        {
            "input": "23 38",
            "output": "240"
        },
        {
            "input": "82 199",
            "output": "8319"
        },
        {
            "input": "5 31",
            "output": "252"
        },
        {
            "input": "77 168",
            "output": "5612"
        },
        {
            "input": "15 126",
            "output": "3920"
        },
        {
            "input": "34 104",
            "output": "2415"
        },
        {
            "input": "98 146",
            "output": "2928"
        },
        {
            "input": "47 158",
            "output": "5712"
        },
        {
            "input": "65 77",
            "output": "497"
        },
        {
            "input": "81 112",
            "output": "1536"
        },
        {
            "input": "41 177",
            "output": "7521"
        },
        {
            "input": "34 59",
            "output": "611"
        },
        {
            "input": "52 149",
            "output": "4949"
        },
        {
            "input": "11 87",
            "output": "1911"
        },
        {
            "input": "30 194",
            "output": "9184"
        },
        {
            "input": "33 170",
            "output": "6969"
        },
        {
            "input": "26 38",
            "output": "192"
        },
        {
            "input": "73 145",
            "output": "4033"
        },
        {
            "input": "56 162",
            "output": "5777"
        },
        {
            "input": "9 160",
            "output": "6384"
        },
        {
            "input": "85 142",
            "output": "3277"
        },
        {
            "input": "38 76",
            "output": "1083"
        },
        {
            "input": "47 48",
            "output": "47"
        },
        {
            "input": "33 64",
            "output": "768"
        },
        {
            "input": "45 68",
            "output": "672"
        },
        {
            "input": "68 191",
            "output": "8060"
        },
        {
            "input": "25 173",
            "output": "7425"
        },
        {
            "input": "80 120",
            "output": "2000"
        },
        {
            "input": "21 91",
            "output": "2016"
        },
        {
            "input": "59 124",
            "output": "3003"
        },
        {
            "input": "56 186",
            "output": "7865"
        },
        {
            "input": "65 72",
            "output": "272"
        },
        {
            "input": "59 119",
            "output": "2759"
        },
        {
            "input": "3 50",
            "output": "624"
        },
        {
            "input": "99 166",
            "output": "4488"
        },
        {
            "input": "6 76",
            "output": "1435"
        },
        {
            "input": "59 170",
            "output": "6384"
        },
        {
            "input": "70 200",
            "output": "8775"
        },
        {
            "input": "28 62",
            "output": "765"
        },
        {
            "input": "57 100",
            "output": "1716"
        },
        {
            "input": "30 166",
            "output": "6664"
        },
        {
            "input": "15 56",
            "output": "735"
        },
        {
            "input": "46 66",
            "output": "560"
        },
        {
            "input": "9 66",
            "output": "1073"
        },
        {
            "input": "30 110",
            "output": "2800"
        },
        {
            "input": "88 174",
            "output": "5633"
        },
        {
            "input": "64 118",
            "output": "2457"
        },
        {
            "input": "19 23",
            "output": "63"
        },
        {
            "input": "28 36",
            "output": "128"
        },
        {
            "input": "55 142",
            "output": "4312"
        },
        {
            "input": "9 114",
            "output": "3233"
        },
        {
            "input": "14 172",
            "output": "7347"
        },
        {
            "input": "48 191",
            "output": "8640"
        },
        {
            "input": "4 38",
            "output": "357"
        },
        {
            "input": "29 105",
            "output": "2613"
        },
        {
            "input": "53 168",
            "output": "6380"
        },
        {
            "input": "90 143",
            "output": "3159"
        },
        {
            "input": "92 136",
            "output": "2508"
        },
        {
            "input": "4 116",
            "output": "3360"
        },
        {
            "input": "64 124",
            "output": "2820"
        },
        {
            "input": "39 107",
            "output": "2555"
        },
        {
            "input": "66 162",
            "output": "5472"
        },
        {
            "input": "53 91",
            "output": "1440"
        },
        {
            "input": "76 86",
            "output": "405"
        },
        {
            "input": "35 66",
            "output": "800"
        },
        {
            "input": "55 165",
            "output": "6160"
        },
        {
            "input": "49 49",
            "output": "49"
        },
        {
            "input": "10 97",
            "output": "2376"
        },
        {
            "input": "98 176",
            "output": "5343"
        },
        {
            "input": "89 151",
            "output": "3840"
        },
        {
            "input": "70 169",
            "output": "6000"
        },
        {
            "input": "79 121",
            "output": "2200"
        },
        {
            "input": "2 17",
            "output": "80"
        },
        {
            "input": "1 29",
            "output": "225"
        },
        {
            "input": "15 79",
            "output": "1551"
        },
        {
            "input": "67 173",
            "output": "6480"
        },
        {
            "input": "91 101",
            "output": "576"
        },
        {
            "input": "56 139",
            "output": "4116"
        },
        {
            "input": "27 144",
            "output": "5015"
        },
        {
            "input": "74 83",
            "output": "395"
        },
        {
            "input": "9 54",
            "output": "713"
        },
        {
            "input": "36 115",
            "output": "3040"
        },
        {
            "input": "43 57",
            "output": "400"
        },
        {
            "input": "62 66",
            "output": "128"
        },
        {
            "input": "91 136",
            "output": "2599"
        },
        {
            "input": "99 118",
            "output": "1080"
        },
        {
            "input": "5 27",
            "output": "192"
        },
        {
            "input": "66 165",
            "output": "5800"
        },
        {
            "input": "10 101",
            "output": "2576"
        },
        {
            "input": "64 122",
            "output": "2697"
        },
        {
            "input": "12 184",
            "output": "8428"
        },
        {
            "input": "36 160",
            "output": "6076"
        },
        {
            "input": "49 79",
            "output": "1024"
        },
        {
            "input": "29 57",
            "output": "645"
        },
        {
            "input": "99 172",
            "output": "4995"
        },
        {
            "input": "26 76",
            "output": "1275"
        },
        {
            "input": "14 75",
            "output": "1395"
        },
        {
            "input": "99 146",
            "output": "2928"
        },
        {
            "input": "84 133",
            "output": "2725"
        },
        {
            "input": "69 189",
            "output": "7869"
        },
        {
            "input": "88 102",
            "output": "665"
        },
        {
            "input": "23 90",
            "output": "1904"
        },
        {
            "input": "43 45",
            "output": "88"
        },
        {
            "input": "77 155",
            "output": "4640"
        },
        {
            "input": "45 197",
            "output": "9317"
        },
        {
            "input": "53 85",
            "output": "1173"
        },
        {
            "input": "85 125",
            "output": "2205"
        },
        {
            "input": "51 106",
            "output": "2184"
        },
        {
            "input": "73 117",
            "output": "2185"
        },
        {
            "input": "24 25",
            "output": "25"
        },
        {
            "input": "8 180",
            "output": "8084"
        },
        {
            "input": "4 15",
            "output": "60"
        },
        {
            "input": "67 171",
            "output": "6307"
        },
        {
            "input": "78 106",
            "output": "1288"
        },
        {
            "input": "2 178",
            "output": "7920"
        },
        {
            "input": "57 87",
            "output": "1152"
        },
        {
            "input": "52 104",
            "output": "2028"
        },
        {
            "input": "71 100",
            "output": "1275"
        },
        {
            "input": "40 130",
            "output": "3825"
        },
        {
            "input": "92 116",
            "output": "1248"
        },
        {
            "input": "38 161",
            "output": "6200"
        },
        {
            "input": "100 163",
            "output": "4224"
        },
        {
            "input": "14 182",
            "output": "8232"
        },
        {
            "input": "53 144",
            "output": "4508"
        },
        {
            "input": "72 158",
            "output": "4945"
        },
        {
            "input": "91 129",
            "output": "2200"
        },
        {
            "input": "67 187",
            "output": "7747"
        },
        {
            "input": "59 136",
            "output": "3783"
        },
        {
            "input": "11 147",
            "output": "5451"
        },
        {
            "input": "20 170",
            "output": "7125"
        },
        {
            "input": "96 146",
            "output": "3025"
        },
        {
            "input": "23 99",
            "output": "2379"
        },
        {
            "input": "76 90",
            "output": "581"
        },
        {
            "input": "17 24",
            "output": "80"
        },
        {
            "input": "70 101",
            "output": "1376"
        },
        {
            "input": "72 102",
            "output": "1305"
        },
        {
            "input": "90 152",
            "output": "3751"
        },
        {
            "input": "8 83",
            "output": "1748"
        },
        {
            "input": "91 200",
            "output": "7975"
        },
        {
            "input": "54 179",
            "output": "7371"
        },
        {
            "input": "17 131",
            "output": "4292"
        },
        {
            "input": "71 77",
            "output": "296"
        },
        {
            "input": "62 85",
            "output": "888"
        },
        {
            "input": "98 160",
            "output": "3999"
        },
        {
            "input": "36 81",
            "output": "1357"
        },
        {
            "input": "30 132",
            "output": "4131"
        },
        {
            "input": "58 62",
            "output": "120"
        },
        {
            "input": "80 169",
            "output": "5625"
        },
        {
            "input": "25 140",
            "output": "4756"
        },
        {
            "input": "63 104",
            "output": "1743"
        },
        {
            "input": "1 8",
            "output": "16"
        },
        {
            "input": "48 177",
            "output": "7345"
        },
        {
            "input": "76 184",
            "output": "7020"
        },
        {
            "input": "54 121",
            "output": "2992"
        },
        {
            "input": "82 140",
            "output": "3219"
        },
        {
            "input": "50 72",
            "output": "671"
        },
        {
            "input": "5 124",
            "output": "3840"
        },
        {
            "input": "63 102",
            "output": "1640"
        },
        {
            "input": "100 198",
            "output": "7301"
        },
        {
            "input": "33 142",
            "output": "4785"
        },
        {
            "input": "98 119",
            "output": "1199"
        },
        {
            "input": "53 56",
            "output": "108"
        },
        {
            "input": "50 152",
            "output": "5151"
        },
        {
            "input": "31 135",
            "output": "4399"
        },
        {
            "input": "44 62",
            "output": "477"
        },
        {
            "input": "46 114",
            "output": "2720"
        },
        {
            "input": "54 140",
            "output": "4171"
        },
        {
            "input": "33 188",
            "output": "8580"
        },
        {
            "input": "51 154",
            "output": "5304"
        },
        {
            "input": "93 170",
            "output": "5109"
        },
        {
            "input": "95 137",
            "output": "2552"
        },
        {
            "input": "55 153",
            "output": "5200"
        },
        {
            "input": "75 104",
            "output": "1335"
        },
        {
            "input": "100 106",
            "output": "309"
        },
        {
            "input": "91 109",
            "output": "1000"
        },
        {
            "input": "71 93",
            "output": "984"
        },
        {
            "input": "44 181",
            "output": "7797"
        },
        {
            "input": "83 189",
            "output": "7344"
        },
        {
            "input": "11 51",
            "output": "651"
        },
        {
            "input": "6 145",
            "output": "5320"
        },
        {
            "input": "19 98",
            "output": "2320"
        },
        {
            "input": "80 163",
            "output": "5124"
        },
        {
            "input": "66 158",
            "output": "5152"
        },
        {
            "input": "24 143",
            "output": "5040"
        },
        {
            "input": "40 81",
            "output": "1281"
        },
        {
            "input": "81 149",
            "output": "4025"
        },
        {
            "input": "70 130",
            "output": "3000"
        },
        {
            "input": "60 148",
            "output": "4576"
        },
        {
            "input": "83 195",
            "output": "7923"
        },
        {
            "input": "94 194",
            "output": "7200"
        },
        {
            "input": "92 94",
            "output": "93"
        },
        {
            "input": "100 101",
            "output": "101"
        },
        {
            "input": "6 97",
            "output": "2392"
        },
        {
            "input": "14 67",
            "output": "1107"
        },
        {
            "input": "13 113",
            "output": "3213"
        },
        {
            "input": "45 142",
            "output": "4557"
        },
        {
            "input": "24 85",
            "output": "1705"
        },
        {
            "input": "56 193",
            "output": "8625"
        },
        {
            "input": "30 105",
            "output": "2584"
        },
        {
            "input": "68 119",
            "output": "2444"
        },
        {
            "input": "57 140",
            "output": "4116"
        },
        {
            "input": "88 177",
            "output": "5985"
        },
        {
            "input": "96 98",
            "output": "97"
        },
        {
            "input": "89 117",
            "output": "1545"
        },
        {
            "input": "28 136",
            "output": "4428"
        },
        {
            "input": "83 188",
            "output": "7155"
        },
        {
            "input": "64 174",
            "output": "6545"
        },
        {
            "input": "47 157",
            "output": "5712"
        },
        {
            "input": "55 57",
            "output": "112"
        },
        {
            "input": "23 101",
            "output": "2480"
        },
        {
            "input": "12 127",
            "output": "4060"
        },
        {
            "input": "38 187",
            "output": "8475"
        },
        {
            "input": "85 86",
            "output": "85"
        },
        {
            "input": "12 54",
            "output": "693"
        },
        {
            "input": "14 153",
            "output": "5880"
        },
        {
            "input": "78 183",
            "output": "6943"
        },
        {
            "input": "62 99",
            "output": "1539"
        },
        {
            "input": "5 190",
            "output": "9021"
        },
        {
            "input": "56 158",
            "output": "5457"
        },
        {
            "input": "49 101",
            "output": "2025"
        },
        {
            "input": "28 177",
            "output": "7725"
        },
        {
            "input": "24 134",
            "output": "4345"
        },
        {
            "input": "93 129",
            "output": "2109"
        },
        {
            "input": "31 119",
            "output": "3375"
        },
        {
            "input": "22 143",
            "output": "5063"
        },
        {
            "input": "54 106",
            "output": "2080"
        },
        {
            "input": "86 126",
            "output": "2120"
        },
        {
            "input": "59 125",
            "output": "3128"
        },
        {
            "input": "91 104",
            "output": "679"
        },
        {
            "input": "43 136",
            "output": "4183"
        },
        {
            "input": "1 54",
            "output": "729"
        },
        {
            "input": "57 145",
            "output": "4545"
        },
        {
            "input": "59 194",
            "output": "8568"
        },
        {
            "input": "36 107",
            "output": "2592"
        },
        {
            "input": "83 122",
            "output": "2040"
        },
        {
            "input": "88 94",
            "output": "273"
        },
        {
            "input": "43 138",
            "output": "4320"
        },
        {
            "input": "63 178",
            "output": "6960"
        },
        {
            "input": "47 94",
            "output": "1680"
        },
        {
            "input": "94 187",
            "output": "6627"
        },
        {
            "input": "31 199",
            "output": "9775"
        },
        {
            "input": "86 185",
            "output": "6800"
        },
        {
            "input": "10 96",
            "output": "2279"
        },
        {
            "input": "40 154",
            "output": "5529"
        },
        {
            "input": "68 148",
            "output": "4320"
        },
        {
            "input": "90 172",
            "output": "5371"
        },
        {
            "input": "90 198",
            "output": "7776"
        },
        {
            "input": "84 127",
            "output": "2332"
        },
        {
            "input": "44 50",
            "output": "141"
        },
        {
            "input": "47 119",
            "output": "3071"
        },
        {
            "input": "63 144",
            "output": "4223"
        },
        {
            "input": "9 153",
            "output": "5913"
        },
        {
            "input": "51 150",
            "output": "5000"
        },
        {
            "input": "62 142",
            "output": "4080"
        },
        {
            "input": "92 177",
            "output": "5805"
        },
        {
            "input": "82 184",
            "output": "6783"
        },
        {
            "input": "98 167",
            "output": "4655"
        },
        {
            "input": "25 197",
            "output": "9657"
        },
        {
            "input": "77 114",
            "output": "1805"
        },
        {
            "input": "21 76",
            "output": "1344"
        },
        {
            "input": "94 167",
            "output": "4847"
        },
        {
            "input": "26 69",
            "output": "1056"
        },
        {
            "input": "87 135",
            "output": "2775"
        },
        {
            "input": "97 109",
            "output": "721"
        },
        {
            "input": "69 122",
            "output": "2565"
        },
        {
            "input": "76 157",
            "output": "4797"
        },
        {
            "input": "40 127",
            "output": "3696"
        },
        {
            "input": "63 94",
            "output": "1248"
        },
        {
            "input": "49 77",
            "output": "945"
        },
        {
            "input": "90 139",
            "output": "2875"
        },
        {
            "input": "32 114",
            "output": "2993"
        },
        {
            "input": "35 99",
            "output": "2211"
        },
        {
            "input": "35 148",
            "output": "5187"
        },
        {
            "input": "48 140",
            "output": "4324"
        },
        {
            "input": "49 151",
            "output": "5200"
        },
        {
            "input": "100 172",
            "output": "4896"
        },
        {
            "input": "73 121",
            "output": "2425"
        },
        {
            "input": "56 64",
            "output": "240"
        },
        {
            "input": "2 123",
            "output": "3843"
        },
        {
            "input": "75 186",
            "output": "7280"
        },
        {
            "input": "85 96",
            "output": "540"
        },
        {
            "input": "87 188",
            "output": "6987"
        },
        {
            "input": "45 176",
            "output": "7260"
        },
        {
            "input": "66 117",
            "output": "2392"
        },
        {
            "input": "1 58",
            "output": "841"
        },
        {
            "input": "35 51",
            "output": "387"
        },
        {
            "input": "51 113",
            "output": "2624"
        },
        {
            "input": "95 106",
            "output": "600"
        },
        {
            "input": "8 113",
            "output": "3233"
        },
        {
            "input": "51 195",
            "output": "8979"
        },
        {
            "input": "74 109",
            "output": "1656"
        },
        {
            "input": "68 162",
            "output": "5405"
        },
        {
            "input": "81 120",
            "output": "2000"
        },
        {
            "input": "18 177",
            "output": "7840"
        },
        {
            "input": "93 134",
            "output": "2373"
        },
        {
            "input": "94 171",
            "output": "5187"
        },
        {
            "input": "67 101",
            "output": "1512"
        },
        {
            "input": "1 138",
            "output": "4761"
        },
        {
            "input": "54 148",
            "output": "4747"
        },
        {
            "input": "69 165",
            "output": "5733"
        },
        {
            "input": "38 145",
            "output": "4968"
        },
        {
            "input": "42 185",
            "output": "8208"
        },
        {
            "input": "11 58",
            "output": "816"
        },
        {
            "input": "70 158",
            "output": "5016"
        },
        {
            "input": "53 139",
            "output": "4224"
        },
        {
            "input": "15 26",
            "output": "120"
        },
        {
            "input": "36 104",
            "output": "2380"
        },
        {
            "input": "73 186",
            "output": "7353"
        },
        {
            "input": "8 9",
            "output": "9"
        },
        {
            "input": "57 70",
            "output": "441"
        },
        {
            "input": "23 28",
            "output": "75"
        },
        {
            "input": "46 65",
            "output": "560"
        },
        {
            "input": "77 80",
            "output": "156"
        },
        {
            "input": "68 98",
            "output": "1245"
        },
        {
            "input": "31 76",
            "output": "1219"
        },
        {
            "input": "60 179",
            "output": "7200"
        },
        {
            "input": "95 169",
            "output": "5016"
        },
        {
            "input": "91 153",
            "output": "3904"
        },
        {
            "input": "48 170",
            "output": "6649"
        },
        {
            "input": "44 60",
            "output": "416"
        },
        {
            "input": "23 198",
            "output": "9680"
        },
        {
            "input": "25 194",
            "output": "9265"
        },
        {
            "input": "5 147",
            "output": "5472"
        },
        {
            "input": "79 79",
            "output": "79"
        },
        {
            "input": "77 180",
            "output": "6656"
        },
        {
            "input": "51 52",
            "output": "51"
        },
        {
            "input": "10 195",
            "output": "9579"
        },
        {
            "input": "11 45",
            "output": "504"
        },
        {
            "input": "85 165",
            "output": "5125"
        },
        {
            "input": "4 167",
            "output": "7052"
        },
        {
            "input": "91 184",
            "output": "6439"
        },
        {
            "input": "64 74",
            "output": "345"
        },
        {
            "input": "58 164",
            "output": "5883"
        },
        {
            "input": "2 161",
            "output": "6560"
        },
        {
            "input": "20 88",
            "output": "1836"
        },
        {
            "input": "43 100",
            "output": "2059"
        },
        {
            "input": "60 199",
            "output": "9100"
        },
        {
            "input": "27 58",
            "output": "672"
        },
        {
            "input": "84 180",
            "output": "6336"
        },
        {
            "input": "22 42",
            "output": "320"
        },
        {
            "input": "23 36",
            "output": "203"
        },
        {
            "input": "34 188",
            "output": "8547"
        },
        {
            "input": "40 147",
            "output": "5076"
        },
        {
            "input": "1 88",
            "output": "1936"
        },
        {
            "input": "59 129",
            "output": "3384"
        },
        {
            "input": "52 200",
            "output": "9324"
        },
        {
            "input": "76 156",
            "output": "4640"
        },
        {
            "input": "58 135",
            "output": "3783"
        },
        {
            "input": "90 123",
            "output": "1819"
        },
        {
            "input": "93 144",
            "output": "3068"
        },
        {
            "input": "37 38",
            "output": "37"
        },
        {
            "input": "23 47",
            "output": "455"
        },
        {
            "input": "61 98",
            "output": "1501"
        },
        {
            "input": "24 76",
            "output": "1300"
        },
        {
            "input": "99 122",
            "output": "1320"
        },
        {
            "input": "75 126",
            "output": "2600"
        },
        {
            "input": "31 152",
            "output": "5551"
        },
        {
            "input": "91 179",
            "output": "6075"
        },
        {
            "input": "15 58",
            "output": "792"
        },
        {
            "input": "85 148",
            "output": "3712"
        },
        {
            "input": "49 192",
            "output": "8640"
        },
        {
            "input": "31 46",
            "output": "304"
        },
        {
            "input": "83 150",
            "output": "3944"
        },
        {
            "input": "12 52",
            "output": "640"
        },
        {
            "input": "99 148",
            "output": "3075"
        },
        {
            "input": "41 75",
            "output": "1044"
        },
        {
            "input": "41 163",
            "output": "6324"
        },
        {
            "input": "11 124",
            "output": "3819"
        },
        {
            "input": "19 38",
            "output": "280"
        },
        {
            "input": "66 80",
            "output": "511"
        },
        {
            "input": "23 186",
            "output": "8528"
        },
        {
            "input": "44 132",
            "output": "3872"
        },
        {
            "input": "41 190",
            "output": "8625"
        },
        {
            "input": "76 158",
            "output": "4797"
        },
        {
            "input": "25 36",
            "output": "180"
        },
        {
            "input": "27 33",
            "output": "120"
        },
        {
            "input": "40 69",
            "output": "825"
        },
        {
            "input": "28 167",
            "output": "6860"
        },
        {
            "input": "46 73",
            "output": "840"
        },
        {
            "input": "85 103",
            "output": "940"
        },
        {
            "input": "75 101",
            "output": "1232"
        },
        {
            "input": "23 146",
            "output": "5208"
        },
        {
            "input": "39 159",
            "output": "6039"
        },
        {
            "input": "86 158",
            "output": "4392"
        },
        {
            "input": "9 113",
            "output": "3233"
        },
        {
            "input": "98 172",
            "output": "4995"
        },
        {
            "input": "47 107",
            "output": "2387"
        },
        {
            "input": "34 82",
            "output": "1392"
        },
        {
            "input": "55 179",
            "output": "7371"
        },
        {
            "input": "47 166",
            "output": "6360"
        },
        {
            "input": "49 171",
            "output": "6820"
        },
        {
            "input": "31 110",
            "output": "2800"
        }
    ]
}