{
    "id": "sum_of_doubles",
    "title": "Sum of Doubles",
    "description": "This is a straightforward problem. You are given an integer `N`. Your task is to calculate the double of this number, which is equivalent to multiplying the number by 2 or adding the number to itself.",
    "input_format": "A single integer N",
    "output_format": "Output a single integer which is the result of `2 * N`.",
    "constraints": {
        "N": "1 \u2264 N \u2264 10\u2079"
    },
    "judge_mode": "FIRST_FAIL",
    "time_limit": 2,
    "sample_test_cases": [
        {
            "input": "2",
            "output": "4"
        },
        {
            "input": "5",
            "output": "10"
        }
    ],
    "hidden_test_cases": [
        {
            "input": "553",
            "output": "1106"
        },
        {
            "input": "173",
            "output": "346"
        },
        {
            "input": "949",
            "output": "1898"
        },
        {
            "input": "70",
            "output": "140"
        },
        {
            "input": "956",
            "output": "1912"
        },
        {
            "input": "213",
            "output": "426"
        },
        {
            "input": "82",
            "output": "164"
        },
        {
            "input": "393",
            "output": "786"
        },
        {
            "input": "248",
            "output": "496"
        },
        {
            "input": "862",
            "output": "1724"
        },
        {
            "input": "964",
            "output": "1928"
        },
        {
            "input": "613",
            "output": "1226"
        },
        {
            "input": "842",
            "output": "1684"
        },
        {
            "input": "768",
            "output": "1536"
        },
        {
            "input": "27",
            "output": "54"
        },
        {
            "input": "966",
            "output": "1932"
        },
        {
            "input": "797",
            "output": "1594"
        },
        {
            "input": "64",
            "output": "128"
        },
        {
            "input": "460",
            "output": "920"
        },
        {
            "input": "925",
            "output": "1850"
        },
        {
            "input": "319",
            "output": "638"
        },
        {
            "input": "310",
            "output": "620"
        },
        {
            "input": "794",
            "output": "1588"
        },
        {
            "input": "9",
            "output": "18"
        },
        {
            "input": "912",
            "output": "1824"
        },
        {
            "input": "911",
            "output": "1822"
        },
        {
            "input": "333",
            "output": "666"
        },
        {
            "input": "105",
            "output": "210"
        },
        {
            "input": "305",
            "output": "610"
        },
        {
            "input": "732",
            "output": "1464"
        },
        {
            "input": "103",
            "output": "206"
        },
        {
            "input": "891",
            "output": "1782"
        },
        {
            "input": "718",
            "output": "1436"
        },
        {
            "input": "415",
            "output": "830"
        },
        {
            "input": "373",
            "output": "746"
        },
        {
            "input": "704",
            "output": "1408"
        },
        {
            "input": "281",
            "output": "562"
        },
        {
            "input": "65",
            "output": "130"
        },
        {
            "input": "597",
            "output": "1194"
        },
        {
            "input": "370",
            "output": "740"
        },
        {
            "input": "719",
            "output": "1438"
        },
        {
            "input": "51",
            "output": "102"
        },
        {
            "input": "200",
            "output": "400"
        },
        {
            "input": "322",
            "output": "644"
        },
        {
            "input": "668",
            "output": "1336"
        },
        {
            "input": "610",
            "output": "1220"
        },
        {
            "input": "398",
            "output": "796"
        },
        {
            "input": "127",
            "output": "254"
        },
        {
            "input": "252",
            "output": "504"
        },
        {
            "input": "144",
            "output": "288"
        },
        {
            "input": "890",
            "output": "1780"
        },
        {
            "input": "174",
            "output": "348"
        },
        {
            "input": "465",
            "output": "930"
        },
        {
            "input": "300",
            "output": "600"
        },
        {
            "input": "946",
            "output": "1892"
        },
        {
            "input": "118",
            "output": "236"
        },
        {
            "input": "462",
            "output": "924"
        },
        {
            "input": "526",
            "output": "1052"
        },
        {
            "input": "443",
            "output": "886"
        },
        {
            "input": "285",
            "output": "570"
        },
        {
            "input": "656",
            "output": "1312"
        },
        {
            "input": "972",
            "output": "1944"
        },
        {
            "input": "345",
            "output": "690"
        },
        {
            "input": "754",
            "output": "1508"
        },
        {
            "input": "130",
            "output": "260"
        },
        {
            "input": "711",
            "output": "1422"
        },
        {
            "input": "826",
            "output": "1652"
        },
        {
            "input": "197",
            "output": "394"
        },
        {
            "input": "648",
            "output": "1296"
        },
        {
            "input": "507",
            "output": "1014"
        },
        {
            "input": "297",
            "output": "594"
        },
        {
            "input": "388",
            "output": "776"
        },
        {
            "input": "161",
            "output": "322"
        },
        {
            "input": "138",
            "output": "276"
        },
        {
            "input": "95",
            "output": "190"
        },
        {
            "input": "226",
            "output": "452"
        },
        {
            "input": "641",
            "output": "1282"
        },
        {
            "input": "762",
            "output": "1524"
        },
        {
            "input": "156",
            "output": "312"
        },
        {
            "input": "172",
            "output": "344"
        },
        {
            "input": "316",
            "output": "632"
        },
        {
            "input": "12",
            "output": "24"
        },
        {
            "input": "225",
            "output": "450"
        },
        {
            "input": "218",
            "output": "436"
        },
        {
            "input": "962",
            "output": "1924"
        },
        {
            "input": "792",
            "output": "1584"
        },
        {
            "input": "293",
            "output": "586"
        },
        {
            "input": "727",
            "output": "1454"
        },
        {
            "input": "632",
            "output": "1264"
        },
        {
            "input": "500",
            "output": "1000"
        },
        {
            "input": "362",
            "output": "724"
        },
        {
            "input": "917",
            "output": "1834"
        },
        {
            "input": "688",
            "output": "1376"
        },
        {
            "input": "104",
            "output": "208"
        },
        {
            "input": "429",
            "output": "858"
        },
        {
            "input": "965",
            "output": "1930"
        },
        {
            "input": "739",
            "output": "1478"
        },
        {
            "input": "151",
            "output": "302"
        },
        {
            "input": "257",
            "output": "514"
        },
        {
            "input": "176",
            "output": "352"
        },
        {
            "input": "469",
            "output": "938"
        },
        {
            "input": "996",
            "output": "1992"
        },
        {
            "input": "819",
            "output": "1638"
        },
        {
            "input": "544",
            "output": "1088"
        },
        {
            "input": "84",
            "output": "168"
        },
        {
            "input": "457",
            "output": "914"
        },
        {
            "input": "783",
            "output": "1566"
        },
        {
            "input": "445",
            "output": "890"
        },
        {
            "input": "823",
            "output": "1646"
        },
        {
            "input": "15",
            "output": "30"
        },
        {
            "input": "770",
            "output": "1540"
        },
        {
            "input": "188",
            "output": "376"
        },
        {
            "input": "537",
            "output": "1074"
        },
        {
            "input": "809",
            "output": "1618"
        },
        {
            "input": "221",
            "output": "442"
        },
        {
            "input": "230",
            "output": "460"
        },
        {
            "input": "690",
            "output": "1380"
        },
        {
            "input": "217",
            "output": "434"
        },
        {
            "input": "376",
            "output": "752"
        },
        {
            "input": "835",
            "output": "1670"
        },
        {
            "input": "830",
            "output": "1660"
        },
        {
            "input": "10",
            "output": "20"
        },
        {
            "input": "505",
            "output": "1010"
        },
        {
            "input": "687",
            "output": "1374"
        },
        {
            "input": "637",
            "output": "1274"
        },
        {
            "input": "924",
            "output": "1848"
        },
        {
            "input": "389",
            "output": "778"
        },
        {
            "input": "541",
            "output": "1082"
        },
        {
            "input": "17",
            "output": "34"
        },
        {
            "input": "706",
            "output": "1412"
        },
        {
            "input": "686",
            "output": "1372"
        },
        {
            "input": "840",
            "output": "1680"
        },
        {
            "input": "760",
            "output": "1520"
        },
        {
            "input": "931",
            "output": "1862"
        },
        {
            "input": "950",
            "output": "1900"
        },
        {
            "input": "61",
            "output": "122"
        },
        {
            "input": "427",
            "output": "854"
        },
        {
            "input": "638",
            "output": "1276"
        },
        {
            "input": "522",
            "output": "1044"
        },
        {
            "input": "194",
            "output": "388"
        },
        {
            "input": "42",
            "output": "84"
        },
        {
            "input": "395",
            "output": "790"
        },
        {
            "input": "302",
            "output": "604"
        },
        {
            "input": "261",
            "output": "522"
        },
        {
            "input": "796",
            "output": "1592"
        },
        {
            "input": "913",
            "output": "1826"
        },
        {
            "input": "595",
            "output": "1190"
        },
        {
            "input": "134",
            "output": "268"
        },
        {
            "input": "37",
            "output": "74"
        },
        {
            "input": "583",
            "output": "1166"
        },
        {
            "input": "49",
            "output": "98"
        },
        {
            "input": "948",
            "output": "1896"
        },
        {
            "input": "812",
            "output": "1624"
        },
        {
            "input": "412",
            "output": "824"
        },
        {
            "input": "624",
            "output": "1248"
        },
        {
            "input": "634",
            "output": "1268"
        },
        {
            "input": "504",
            "output": "1008"
        },
        {
            "input": "263",
            "output": "526"
        },
        {
            "input": "120",
            "output": "240"
        },
        {
            "input": "773",
            "output": "1546"
        },
        {
            "input": "587",
            "output": "1174"
        },
        {
            "input": "18",
            "output": "36"
        },
        {
            "input": "243",
            "output": "486"
        },
        {
            "input": "820",
            "output": "1640"
        },
        {
            "input": "649",
            "output": "1298"
        },
        {
            "input": "201",
            "output": "402"
        },
        {
            "input": "182",
            "output": "364"
        },
        {
            "input": "923",
            "output": "1846"
        },
        {
            "input": "66",
            "output": "132"
        },
        {
            "input": "54",
            "output": "108"
        },
        {
            "input": "40",
            "output": "80"
        },
        {
            "input": "759",
            "output": "1518"
        },
        {
            "input": "536",
            "output": "1072"
        },
        {
            "input": "971",
            "output": "1942"
        },
        {
            "input": "375",
            "output": "750"
        },
        {
            "input": "728",
            "output": "1456"
        },
        {
            "input": "967",
            "output": "1934"
        },
        {
            "input": "939",
            "output": "1878"
        },
        {
            "input": "467",
            "output": "934"
        },
        {
            "input": "385",
            "output": "770"
        },
        {
            "input": "146",
            "output": "292"
        },
        {
            "input": "734",
            "output": "1468"
        },
        {
            "input": "323",
            "output": "646"
        },
        {
            "input": "247",
            "output": "494"
        },
        {
            "input": "749",
            "output": "1498"
        },
        {
            "input": "209",
            "output": "418"
        },
        {
            "input": "220",
            "output": "440"
        },
        {
            "input": "91",
            "output": "182"
        },
        {
            "input": "196",
            "output": "392"
        },
        {
            "input": "723",
            "output": "1446"
        },
        {
            "input": "712",
            "output": "1424"
        },
        {
            "input": "524",
            "output": "1048"
        },
        {
            "input": "394",
            "output": "788"
        },
        {
            "input": "157",
            "output": "314"
        },
        {
            "input": "377",
            "output": "754"
        },
        {
            "input": "571",
            "output": "1142"
        },
        {
            "input": "570",
            "output": "1140"
        },
        {
            "input": "139",
            "output": "278"
        },
        {
            "input": "32",
            "output": "64"
        },
        {
            "input": "527",
            "output": "1054"
        },
        {
            "input": "486",
            "output": "972"
        },
        {
            "input": "667",
            "output": "1334"
        },
        {
            "input": "813",
            "output": "1626"
        },
        {
            "input": "983",
            "output": "1966"
        },
        {
            "input": "513",
            "output": "1026"
        },
        {
            "input": "806",
            "output": "1612"
        },
        {
            "input": "41",
            "output": "82"
        },
        {
            "input": "501",
            "output": "1002"
        },
        {
            "input": "192",
            "output": "384"
        },
        {
            "input": "353",
            "output": "706"
        },
        {
            "input": "729",
            "output": "1458"
        },
        {
            "input": "356",
            "output": "712"
        },
        {
            "input": "627",
            "output": "1254"
        },
        {
            "input": "995",
            "output": "1990"
        },
        {
            "input": "811",
            "output": "1622"
        },
        {
            "input": "756",
            "output": "1512"
        },
        {
            "input": "343",
            "output": "686"
        },
        {
            "input": "86",
            "output": "172"
        },
        {
            "input": "582",
            "output": "1164"
        },
        {
            "input": "81",
            "output": "162"
        },
        {
            "input": "5",
            "output": "10"
        },
        {
            "input": "720",
            "output": "1440"
        },
        {
            "input": "50",
            "output": "100"
        },
        {
            "input": "684",
            "output": "1368"
        },
        {
            "input": "879",
            "output": "1758"
        },
        {
            "input": "204",
            "output": "408"
        },
        {
            "input": "222",
            "output": "444"
        },
        {
            "input": "111",
            "output": "222"
        },
        {
            "input": "545",
            "output": "1090"
        },
        {
            "input": "1000",
            "output": "2000"
        },
        {
            "input": "43",
            "output": "86"
        },
        {
            "input": "59",
            "output": "118"
        },
        {
            "input": "495",
            "output": "990"
        },
        {
            "input": "596",
            "output": "1192"
        },
        {
            "input": "607",
            "output": "1214"
        },
        {
            "input": "170",
            "output": "340"
        },
        {
            "input": "982",
            "output": "1964"
        },
        {
            "input": "241",
            "output": "482"
        },
        {
            "input": "219",
            "output": "438"
        },
        {
            "input": "874",
            "output": "1748"
        },
        {
            "input": "887",
            "output": "1774"
        },
        {
            "input": "271",
            "output": "542"
        },
        {
            "input": "559",
            "output": "1118"
        },
        {
            "input": "736",
            "output": "1472"
        },
        {
            "input": "645",
            "output": "1290"
        },
        {
            "input": "413",
            "output": "826"
        },
        {
            "input": "772",
            "output": "1544"
        },
        {
            "input": "652",
            "output": "1304"
        },
        {
            "input": "894",
            "output": "1788"
        },
        {
            "input": "337",
            "output": "674"
        },
        {
            "input": "242",
            "output": "484"
        },
        {
            "input": "758",
            "output": "1516"
        },
        {
            "input": "435",
            "output": "870"
        },
        {
            "input": "858",
            "output": "1716"
        },
        {
            "input": "279",
            "output": "558"
        },
        {
            "input": "977",
            "output": "1954"
        },
        {
            "input": "886",
            "output": "1772"
        },
        {
            "input": "540",
            "output": "1080"
        },
        {
            "input": "791",
            "output": "1582"
        },
        {
            "input": "567",
            "output": "1134"
        },
        {
            "input": "89",
            "output": "178"
        },
        {
            "input": "203",
            "output": "406"
        },
        {
            "input": "292",
            "output": "584"
        },
        {
            "input": "214",
            "output": "428"
        },
        {
            "input": "128",
            "output": "256"
        },
        {
            "input": "168",
            "output": "336"
        },
        {
            "input": "976",
            "output": "1952"
        },
        {
            "input": "497",
            "output": "994"
        },
        {
            "input": "657",
            "output": "1314"
        },
        {
            "input": "994",
            "output": "1988"
        },
        {
            "input": "784",
            "output": "1568"
        },
        {
            "input": "148",
            "output": "296"
        },
        {
            "input": "478",
            "output": "956"
        },
        {
            "input": "46",
            "output": "92"
        },
        {
            "input": "602",
            "output": "1204"
        },
        {
            "input": "291",
            "output": "582"
        },
        {
            "input": "920",
            "output": "1840"
        },
        {
            "input": "328",
            "output": "656"
        },
        {
            "input": "676",
            "output": "1352"
        },
        {
            "input": "617",
            "output": "1234"
        },
        {
            "input": "867",
            "output": "1734"
        },
        {
            "input": "659",
            "output": "1318"
        },
        {
            "input": "909",
            "output": "1818"
        },
        {
            "input": "943",
            "output": "1886"
        },
        {
            "input": "918",
            "output": "1836"
        },
        {
            "input": "125",
            "output": "250"
        },
        {
            "input": "669",
            "output": "1338"
        },
        {
            "input": "761",
            "output": "1522"
        },
        {
            "input": "177",
            "output": "354"
        },
        {
            "input": "838",
            "output": "1676"
        },
        {
            "input": "332",
            "output": "664"
        },
        {
            "input": "742",
            "output": "1484"
        },
        {
            "input": "448",
            "output": "896"
        },
        {
            "input": "437",
            "output": "874"
        },
        {
            "input": "360",
            "output": "720"
        },
        {
            "input": "847",
            "output": "1694"
        },
        {
            "input": "882",
            "output": "1764"
        },
        {
            "input": "837",
            "output": "1674"
        },
        {
            "input": "227",
            "output": "454"
        },
        {
            "input": "441",
            "output": "882"
        },
        {
            "input": "653",
            "output": "1306"
        },
        {
            "input": "414",
            "output": "828"
        },
        {
            "input": "317",
            "output": "634"
        },
        {
            "input": "396",
            "output": "792"
        },
        {
            "input": "535",
            "output": "1070"
        },
        {
            "input": "808",
            "output": "1616"
        },
        {
            "input": "392",
            "output": "784"
        },
        {
            "input": "253",
            "output": "506"
        },
        {
            "input": "433",
            "output": "866"
        },
        {
            "input": "512",
            "output": "1024"
        },
        {
            "input": "907",
            "output": "1814"
        },
        {
            "input": "568",
            "output": "1136"
        },
        {
            "input": "366",
            "output": "732"
        },
        {
            "input": "404",
            "output": "808"
        },
        {
            "input": "464",
            "output": "928"
        },
        {
            "input": "922",
            "output": "1844"
        },
        {
            "input": "308",
            "output": "616"
        },
        {
            "input": "621",
            "output": "1242"
        },
        {
            "input": "244",
            "output": "488"
        },
        {
            "input": "670",
            "output": "1340"
        },
        {
            "input": "605",
            "output": "1210"
        },
        {
            "input": "265",
            "output": "530"
        },
        {
            "input": "119",
            "output": "238"
        },
        {
            "input": "255",
            "output": "510"
        },
        {
            "input": "463",
            "output": "926"
        },
        {
            "input": "709",
            "output": "1418"
        },
        {
            "input": "474",
            "output": "948"
        },
        {
            "input": "483",
            "output": "966"
        },
        {
            "input": "836",
            "output": "1672"
        },
        {
            "input": "991",
            "output": "1982"
        },
        {
            "input": "916",
            "output": "1832"
        },
        {
            "input": "603",
            "output": "1206"
        },
        {
            "input": "350",
            "output": "700"
        },
        {
            "input": "523",
            "output": "1046"
        },
        {
            "input": "260",
            "output": "520"
        },
        {
            "input": "408",
            "output": "816"
        },
        {
            "input": "112",
            "output": "224"
        },
        {
            "input": "822",
            "output": "1644"
        },
        {
            "input": "974",
            "output": "1948"
        },
        {
            "input": "698",
            "output": "1396"
        },
        {
            "input": "145",
            "output": "290"
        },
        {
            "input": "737",
            "output": "1474"
        },
        {
            "input": "290",
            "output": "580"
        },
        {
            "input": "262",
            "output": "524"
        },
        {
            "input": "716",
            "output": "1432"
        },
        {
            "input": "675",
            "output": "1350"
        },
        {
            "input": "691",
            "output": "1382"
        },
        {
            "input": "164",
            "output": "328"
        },
        {
            "input": "901",
            "output": "1802"
        },
        {
            "input": "643",
            "output": "1286"
        },
        {
            "input": "644",
            "output": "1288"
        },
        {
            "input": "871",
            "output": "1742"
        },
        {
            "input": "576",
            "output": "1152"
        },
        {
            "input": "438",
            "output": "876"
        },
        {
            "input": "765",
            "output": "1530"
        },
        {
            "input": "324",
            "output": "648"
        },
        {
            "input": "721",
            "output": "1442"
        },
        {
            "input": "525",
            "output": "1050"
        },
        {
            "input": "616",
            "output": "1232"
        },
        {
            "input": "528",
            "output": "1056"
        },
        {
            "input": "547",
            "output": "1094"
        },
        {
            "input": "440",
            "output": "880"
        },
        {
            "input": "625",
            "output": "1250"
        },
        {
            "input": "746",
            "output": "1492"
        },
        {
            "input": "517",
            "output": "1034"
        },
        {
            "input": "251",
            "output": "502"
        },
        {
            "input": "397",
            "output": "794"
        },
        {
            "input": "74",
            "output": "148"
        },
        {
            "input": "456",
            "output": "912"
        },
        {
            "input": "390",
            "output": "780"
        },
        {
            "input": "538",
            "output": "1076"
        },
        {
            "input": "58",
            "output": "116"
        },
        {
            "input": "516",
            "output": "1032"
        },
        {
            "input": "722",
            "output": "1444"
        },
        {
            "input": "793",
            "output": "1586"
        },
        {
            "input": "900",
            "output": "1800"
        },
        {
            "input": "748",
            "output": "1496"
        },
        {
            "input": "889",
            "output": "1778"
        },
        {
            "input": "338",
            "output": "676"
        },
        {
            "input": "790",
            "output": "1580"
        },
        {
            "input": "348",
            "output": "696"
        },
        {
            "input": "726",
            "output": "1452"
        },
        {
            "input": "131",
            "output": "262"
        },
        {
            "input": "893",
            "output": "1786"
        },
        {
            "input": "90",
            "output": "180"
        },
        {
            "input": "839",
            "output": "1678"
        },
        {
            "input": "330",
            "output": "660"
        },
        {
            "input": "487",
            "output": "974"
        },
        {
            "input": "865",
            "output": "1730"
        },
        {
            "input": "444",
            "output": "888"
        },
        {
            "input": "843",
            "output": "1686"
        },
        {
            "input": "215",
            "output": "430"
        },
        {
            "input": "109",
            "output": "218"
        },
        {
            "input": "695",
            "output": "1390"
        },
        {
            "input": "715",
            "output": "1430"
        },
        {
            "input": "860",
            "output": "1720"
        },
        {
            "input": "147",
            "output": "294"
        },
        {
            "input": "788",
            "output": "1576"
        },
        {
            "input": "143",
            "output": "286"
        },
        {
            "input": "515",
            "output": "1030"
        },
        {
            "input": "612",
            "output": "1224"
        },
        {
            "input": "98",
            "output": "196"
        },
        {
            "input": "502",
            "output": "1004"
        },
        {
            "input": "1",
            "output": "2"
        },
        {
            "input": "662",
            "output": "1324"
        },
        {
            "input": "639",
            "output": "1278"
        },
        {
            "input": "660",
            "output": "1320"
        },
        {
            "input": "198",
            "output": "396"
        },
        {
            "input": "339",
            "output": "678"
        },
        {
            "input": "572",
            "output": "1144"
        },
        {
            "input": "561",
            "output": "1122"
        },
        {
            "input": "775",
            "output": "1550"
        },
        {
            "input": "409",
            "output": "818"
        },
        {
            "input": "421",
            "output": "842"
        },
        {
            "input": "289",
            "output": "578"
        },
        {
            "input": "135",
            "output": "270"
        },
        {
            "input": "506",
            "output": "1012"
        },
        {
            "input": "489",
            "output": "978"
        },
        {
            "input": "422",
            "output": "844"
        },
        {
            "input": "25",
            "output": "50"
        },
        {
            "input": "382",
            "output": "764"
        },
        {
            "input": "181",
            "output": "362"
        },
        {
            "input": "929",
            "output": "1858"
        },
        {
            "input": "367",
            "output": "734"
        },
        {
            "input": "183",
            "output": "366"
        },
        {
            "input": "374",
            "output": "748"
        },
        {
            "input": "187",
            "output": "374"
        },
        {
            "input": "499",
            "output": "998"
        },
        {
            "input": "620",
            "output": "1240"
        },
        {
            "input": "650",
            "output": "1300"
        },
        {
            "input": "417",
            "output": "834"
        },
        {
            "input": "325",
            "output": "650"
        },
        {
            "input": "137",
            "output": "274"
        },
        {
            "input": "898",
            "output": "1796"
        },
        {
            "input": "466",
            "output": "932"
        },
        {
            "input": "575",
            "output": "1150"
        },
        {
            "input": "193",
            "output": "386"
        },
        {
            "input": "249",
            "output": "498"
        },
        {
            "input": "277",
            "output": "554"
        },
        {
            "input": "493",
            "output": "986"
        },
        {
            "input": "264",
            "output": "528"
        },
        {
            "input": "786",
            "output": "1572"
        },
        {
            "input": "851",
            "output": "1702"
        },
        {
            "input": "682",
            "output": "1364"
        },
        {
            "input": "254",
            "output": "508"
        },
        {
            "input": "80",
            "output": "160"
        },
        {
            "input": "884",
            "output": "1768"
        },
        {
            "input": "980",
            "output": "1960"
        },
        {
            "input": "235",
            "output": "470"
        },
        {
            "input": "115",
            "output": "230"
        },
        {
            "input": "318",
            "output": "636"
        },
        {
            "input": "133",
            "output": "266"
        },
        {
            "input": "855",
            "output": "1710"
        },
        {
            "input": "564",
            "output": "1128"
        },
        {
            "input": "229",
            "output": "458"
        },
        {
            "input": "335",
            "output": "670"
        },
        {
            "input": "16",
            "output": "32"
        },
        {
            "input": "951",
            "output": "1902"
        },
        {
            "input": "555",
            "output": "1110"
        },
        {
            "input": "411",
            "output": "822"
        },
        {
            "input": "153",
            "output": "306"
        },
        {
            "input": "683",
            "output": "1366"
        },
        {
            "input": "640",
            "output": "1280"
        },
        {
            "input": "449",
            "output": "898"
        },
        {
            "input": "604",
            "output": "1208"
        },
        {
            "input": "6",
            "output": "12"
        },
        {
            "input": "954",
            "output": "1908"
        },
        {
            "input": "828",
            "output": "1656"
        },
        {
            "input": "233",
            "output": "466"
        },
        {
            "input": "789",
            "output": "1578"
        },
        {
            "input": "831",
            "output": "1662"
        },
        {
            "input": "83",
            "output": "166"
        },
        {
            "input": "399",
            "output": "798"
        },
        {
            "input": "21",
            "output": "42"
        },
        {
            "input": "969",
            "output": "1938"
        },
        {
            "input": "482",
            "output": "964"
        },
        {
            "input": "55",
            "output": "110"
        },
        {
            "input": "600",
            "output": "1200"
        },
        {
            "input": "961",
            "output": "1922"
        },
        {
            "input": "569",
            "output": "1138"
        },
        {
            "input": "987",
            "output": "1974"
        },
        {
            "input": "274",
            "output": "548"
        },
        {
            "input": "757",
            "output": "1514"
        },
        {
            "input": "533",
            "output": "1066"
        },
        {
            "input": "608",
            "output": "1216"
        },
        {
            "input": "468",
            "output": "936"
        },
        {
            "input": "914",
            "output": "1828"
        },
        {
            "input": "20",
            "output": "40"
        },
        {
            "input": "378",
            "output": "756"
        },
        {
            "input": "573",
            "output": "1146"
        },
        {
            "input": "205",
            "output": "410"
        },
        {
            "input": "189",
            "output": "378"
        },
        {
            "input": "434",
            "output": "868"
        },
        {
            "input": "872",
            "output": "1744"
        },
        {
            "input": "782",
            "output": "1564"
        },
        {
            "input": "496",
            "output": "992"
        },
        {
            "input": "795",
            "output": "1590"
        },
        {
            "input": "952",
            "output": "1904"
        },
        {
            "input": "87",
            "output": "174"
        },
        {
            "input": "841",
            "output": "1682"
        }
    ]
}